{"level":"info","message":"Connected to SQLite database.","timestamp":"2025-10-16T18:31:20.697Z"}
{"level":"info","message":"Database initialized successfully.","timestamp":"2025-10-16T18:31:20.767Z"}
{"level":"info","message":"Cache pruning service started.","timestamp":"2025-10-16T18:31:20.769Z"}
{"level":"info","message":"🚀 CodeCache Pro server running on http://localhost:5050","timestamp":"2025-10-16T18:31:20.773Z"}
{"level":"warn","message":"Clearing the entire cache and database...","timestamp":"2025-10-16T18:31:54.479Z"}
{"level":"info","message":"Cache cleared successfully.","timestamp":"2025-10-16T18:31:54.567Z"}
{"level":"info","message":"Connected to SQLite database.","timestamp":"2025-10-16T18:35:00.838Z"}
{"level":"info","message":"Database initialized successfully.","timestamp":"2025-10-16T18:35:00.846Z"}
{"level":"info","message":"Cache pruning service started.","timestamp":"2025-10-16T18:35:00.847Z"}
{"level":"info","message":"🚀 CodeCache Pro server running on http://0.0.0.0:5050","timestamp":"2025-10-16T18:35:00.866Z"}
{"level":"info","message":"🌐 Access from other devices: http://<your-ip>:5050","timestamp":"2025-10-16T18:35:00.866Z"}
{"level":"info","message":"Connected to SQLite database.","timestamp":"2025-10-16T19:45:25.192Z"}
{"level":"info","message":"Connected to SQLite database.","timestamp":"2025-10-16T19:47:24.057Z"}
{"level":"info","message":"Database initialized successfully.","timestamp":"2025-10-16T19:47:24.081Z"}
{"level":"info","message":"Cache pruning service started.","timestamp":"2025-10-16T19:47:24.085Z"}
{"level":"info","message":"🚀 CodeCache Pro server running on http://0.0.0.0:5050","timestamp":"2025-10-16T19:47:24.120Z"}
{"level":"info","message":"🌐 Access from other devices: http://<your-ip>:5050","timestamp":"2025-10-16T19:47:24.121Z"}
{"level":"info","message":"Connected to SQLite database.","timestamp":"2025-10-16T19:50:52.981Z"}
{"level":"info","message":"Database initialized successfully.","timestamp":"2025-10-16T19:50:53.002Z"}
{"level":"info","message":"Connected to SQLite database.","timestamp":"2025-10-16T19:52:37.525Z"}
{"level":"info","message":"Database initialized successfully.","timestamp":"2025-10-16T19:52:37.553Z"}
{"level":"info","message":"Cache pruning service started.","timestamp":"2025-10-16T19:52:37.555Z"}
{"level":"info","message":"🚀 CodeCache Pro server running on http://0.0.0.0:5050","timestamp":"2025-10-16T19:52:37.585Z"}
{"level":"info","message":"🌐 Access from other devices: http://<your-ip>:5050","timestamp":"2025-10-16T19:52:37.586Z"}
{"level":"info","message":"Connected to SQLite database.","timestamp":"2025-10-16T19:56:45.653Z"}
{"level":"info","message":"Database initialized successfully.","timestamp":"2025-10-16T19:56:45.686Z"}
{"level":"info","message":"Cache pruning service started.","timestamp":"2025-10-16T19:56:45.688Z"}
{"level":"info","message":"🚀 CodeCache Pro server running on http://0.0.0.0:5050","timestamp":"2025-10-16T19:56:45.722Z"}
{"level":"info","message":"🌐 Access from other devices: http://<your-ip>:5050","timestamp":"2025-10-16T19:56:45.723Z"}
{"level":"info","message":"[MISS] lodash@4.17.21. Fetching from upstream.","timestamp":"2025-10-16T20:15:53.157Z"}
{"level":"info","message":"[CACHE] Successfully cached lodash@4.17.21 to C:\\Users\\priya\\OneDrive\\Desktop\\CodeCache-Pro\\cache\\lodash\\lodash-4.17.21.tgz","timestamp":"2025-10-16T20:16:11.675Z"}
{"level":"info","message":"[HIT] lodash@4.17.21 from C:\\Users\\priya\\OneDrive\\Desktop\\CodeCache-Pro\\cache\\lodash\\lodash-4.17.21.tgz","timestamp":"2025-10-16T20:16:14.663Z"}
{"level":"info","message":"Connected to SQLite database.","timestamp":"2025-10-16T20:16:41.110Z"}
{"level":"info","message":"Database initialized successfully.","timestamp":"2025-10-16T20:16:41.128Z"}
{"level":"info","message":"Connected to SQLite database.","timestamp":"2025-10-16T20:20:31.604Z"}
{"level":"info","message":"Database initialized successfully.","timestamp":"2025-10-16T20:20:31.625Z"}
{"level":"info","message":"Cache pruning service started.","timestamp":"2025-10-16T20:20:31.629Z"}
{"level":"info","message":"🚀 CodeCache Pro server running on http://0.0.0.0:5050","timestamp":"2025-10-16T20:20:31.658Z"}
{"level":"info","message":"🌐 Access from other devices: http://<your-ip>:5050","timestamp":"2025-10-16T20:20:31.659Z"}
{"level":"info","message":"Connected to SQLite database.","timestamp":"2025-10-16T20:22:55.637Z"}
{"level":"info","message":"Database initialized successfully.","timestamp":"2025-10-16T20:22:55.654Z"}
{"level":"info","message":"Cache pruning service started.","timestamp":"2025-10-16T20:22:55.656Z"}
{"level":"info","message":"🚀 CodeCache Pro server running on http://0.0.0.0:5050","timestamp":"2025-10-16T20:22:55.689Z"}
{"level":"info","message":"🌐 Access from other devices: http://192.168.137.47:5050","timestamp":"2025-10-16T20:22:55.690Z"}
{"level":"info","message":"📋 Configure npm clients with: npm config set registry http://192.168.137.47:5050/npm","timestamp":"2025-10-16T20:22:55.691Z"}
{"level":"info","message":"Connected to SQLite database.","timestamp":"2025-10-16T20:39:06.211Z"}
{"level":"info","message":"Database initialized successfully.","timestamp":"2025-10-16T20:39:06.231Z"}
{"level":"info","message":"Cache pruning service started.","timestamp":"2025-10-16T20:39:06.233Z"}
{"level":"info","message":"🚀 CodeCache Pro server running on http://0.0.0.0:5050","timestamp":"2025-10-16T20:39:06.280Z"}
{"level":"info","message":"🌐 Access from other devices: http://192.168.137.47:5050","timestamp":"2025-10-16T20:39:06.282Z"}
{"level":"info","message":"📋 Configure npm clients with: npm config set registry http://192.168.137.47:5050/npm","timestamp":"2025-10-16T20:39:06.282Z"}
{"level":"warn","message":"Blocked unsupported method POST for /npm/-/npm/v1/security/advisories/bulk","timestamp":"2025-10-16T20:48:33.055Z"}
{"level":"info","message":"[MISS] media-typer@1.1.0. Fetching from upstream.","timestamp":"2025-10-16T20:48:33.105Z"}
{"level":"info","message":"[MISS] dunder-proto@1.0.1. Fetching from upstream.","timestamp":"2025-10-16T20:48:33.109Z"}
{"level":"info","message":"[MISS] math-intrinsics@1.1.0. Fetching from upstream.","timestamp":"2025-10-16T20:48:33.112Z"}
{"level":"info","message":"[MISS] hasown@2.0.2. Fetching from upstream.","timestamp":"2025-10-16T20:48:33.112Z"}
{"level":"info","message":"[MISS] has-symbols@1.1.0. Fetching from upstream.","timestamp":"2025-10-16T20:48:33.113Z"}
{"level":"info","message":"[MISS] gopd@1.2.0. Fetching from upstream.","timestamp":"2025-10-16T20:48:33.114Z"}
{"level":"info","message":"[MISS] es-object-atoms@1.1.1. Fetching from upstream.","timestamp":"2025-10-16T20:48:33.119Z"}
{"level":"info","message":"[MISS] function-bind@1.1.2. Fetching from upstream.","timestamp":"2025-10-16T20:48:33.121Z"}
{"level":"info","message":"[MISS] es-define-property@1.0.1. Fetching from upstream.","timestamp":"2025-10-16T20:48:33.122Z"}
{"level":"info","message":"[MISS] side-channel-map@1.0.1. Fetching from upstream.","timestamp":"2025-10-16T20:48:33.130Z"}
{"level":"info","message":"[MISS] get-proto@1.0.1. Fetching from upstream.","timestamp":"2025-10-16T20:48:33.140Z"}
{"level":"info","message":"[MISS] call-bound@1.0.4. Fetching from upstream.","timestamp":"2025-10-16T20:48:33.146Z"}
{"level":"info","message":"[MISS] get-intrinsic@1.3.0. Fetching from upstream.","timestamp":"2025-10-16T20:48:33.147Z"}
{"level":"info","message":"[MISS] call-bind-apply-helpers@1.0.2. Fetching from upstream.","timestamp":"2025-10-16T20:48:33.148Z"}
{"level":"info","message":"[MISS] side-channel-weakmap@1.0.2. Fetching from upstream.","timestamp":"2025-10-16T20:48:33.149Z"}
{"level":"info","message":"Connected to SQLite database.","timestamp":"2025-10-16T20:50:35.769Z"}
{"level":"info","message":"Database initialized successfully.","timestamp":"2025-10-16T20:50:35.790Z"}
{"level":"info","message":"Cache pruning service started.","timestamp":"2025-10-16T20:50:35.792Z"}
{"level":"info","message":"🚀 CodeCache Pro server running on http://0.0.0.0:5050","timestamp":"2025-10-16T20:50:35.844Z"}
{"level":"info","message":"🌐 Access from other devices: http://192.168.137.47:5050","timestamp":"2025-10-16T20:50:35.845Z"}
{"level":"info","message":"📋 Configure npm clients with: npm config set registry http://192.168.137.47:5050/npm","timestamp":"2025-10-16T20:50:35.846Z"}
{"level":"info","message":"[MISS] object-inspect@1.13.4. Fetching from upstream.","timestamp":"2025-10-16T20:50:40.791Z"}
{"level":"info","message":"[CACHE] Successfully cached object-inspect@1.13.4 to C:\\Users\\priya\\OneDrive\\Desktop\\CodeCache-Pro\\cache\\object-inspect\\object-inspect-1.13.4.tgz","timestamp":"2025-10-16T20:50:42.248Z"}
{"level":"info","message":"[MISS] side-channel-list@1.0.0. Fetching from upstream.","timestamp":"2025-10-16T20:50:42.375Z"}
{"level":"info","message":"[CACHE] Successfully cached side-channel-list@1.0.0 to C:\\Users\\priya\\OneDrive\\Desktop\\CodeCache-Pro\\cache\\side-channel-list\\side-channel-list-1.0.0.tgz","timestamp":"2025-10-16T20:50:42.670Z"}
{"level":"info","message":"[MISS] es-errors@1.3.0. Fetching from upstream.","timestamp":"2025-10-16T20:50:43.372Z"}
{"level":"info","message":"[HIT] object-inspect@1.13.4 from C:\\Users\\priya\\OneDrive\\Desktop\\CodeCache-Pro\\cache\\object-inspect\\object-inspect-1.13.4.tgz","timestamp":"2025-10-16T20:50:43.422Z"}
{"level":"info","message":"[HIT] side-channel-list@1.0.0 from C:\\Users\\priya\\OneDrive\\Desktop\\CodeCache-Pro\\cache\\side-channel-list\\side-channel-list-1.0.0.tgz","timestamp":"2025-10-16T20:50:43.424Z"}
{"level":"info","message":"Connected to SQLite database.","timestamp":"2025-10-16T20:51:27.671Z"}
{"level":"info","message":"Database initialized successfully.","timestamp":"2025-10-16T20:51:27.753Z"}
{"level":"info","message":"Cache pruning service started.","timestamp":"2025-10-16T20:51:27.758Z"}
{"level":"info","message":"🚀 CodeCache Pro server running on http://0.0.0.0:5050","timestamp":"2025-10-16T20:51:27.808Z"}
{"level":"info","message":"🌐 Access from other devices: http://192.168.137.47:5050","timestamp":"2025-10-16T20:51:27.809Z"}
{"level":"info","message":"📋 Configure npm clients with: npm config set registry http://192.168.137.47:5050/npm","timestamp":"2025-10-16T20:51:27.810Z"}
{"level":"info","message":"[MISS] es-errors@1.3.0. Fetching from upstream.","timestamp":"2025-10-16T20:52:16.970Z"}
{"level":"info","message":"[CACHE] Successfully cached es-errors@1.3.0 to C:\\Users\\priya\\OneDrive\\Desktop\\CodeCache-Pro\\cache\\es-errors\\es-errors-1.3.0.tgz","timestamp":"2025-10-16T20:52:19.211Z"}
{"level":"info","message":"[MISS] ee-first@1.1.1. Fetching from upstream.","timestamp":"2025-10-16T20:52:22.306Z"}
{"level":"info","message":"[CACHE] Successfully cached ee-first@1.1.1 to C:\\Users\\priya\\OneDrive\\Desktop\\CodeCache-Pro\\cache\\ee-first\\ee-first-1.1.1.tgz","timestamp":"2025-10-16T20:52:22.774Z"}
{"level":"info","message":"[MISS] is-promise@4.0.0. Fetching from upstream.","timestamp":"2025-10-16T20:52:22.896Z"}
{"level":"info","message":"[CACHE] Successfully cached is-promise@4.0.0 to C:\\Users\\priya\\OneDrive\\Desktop\\CodeCache-Pro\\cache\\is-promise\\is-promise-4.0.0.tgz","timestamp":"2025-10-16T20:52:23.320Z"}
{"level":"info","message":"[HIT] es-errors@1.3.0 from C:\\Users\\priya\\OneDrive\\Desktop\\CodeCache-Pro\\cache\\es-errors\\es-errors-1.3.0.tgz","timestamp":"2025-10-16T20:52:23.406Z"}
{"level":"info","message":"[MISS] mime-db@1.54.0. Fetching from upstream.","timestamp":"2025-10-16T20:52:23.409Z"}
{"level":"info","message":"Connected to SQLite database.","timestamp":"2025-10-16T20:53:12.043Z"}
{"level":"info","message":"Database initialized successfully.","timestamp":"2025-10-16T20:53:12.058Z"}
{"level":"info","message":"Cache pruning service started.","timestamp":"2025-10-16T20:53:12.061Z"}
{"level":"info","message":"🚀 CodeCache Pro server running on http://0.0.0.0:5050","timestamp":"2025-10-16T20:53:12.093Z"}
{"level":"info","message":"🌐 Access from other devices: http://192.168.137.47:5050","timestamp":"2025-10-16T20:53:12.094Z"}
{"level":"info","message":"📋 Configure npm clients with: npm config set registry http://192.168.137.47:5050/npm","timestamp":"2025-10-16T20:53:12.095Z"}
{"level":"info","message":"[HIT] ee-first@1.1.1 from C:\\Users\\priya\\OneDrive\\Desktop\\CodeCache-Pro\\cache\\ee-first\\ee-first-1.1.1.tgz","timestamp":"2025-10-16T20:53:54.698Z"}
{"level":"info","message":"[MISS] mime-db@1.54.0. Fetching from upstream.","timestamp":"2025-10-16T20:53:54.702Z"}
{"level":"info","message":"[HIT] es-errors@1.3.0 from C:\\Users\\priya\\OneDrive\\Desktop\\CodeCache-Pro\\cache\\es-errors\\es-errors-1.3.0.tgz","timestamp":"2025-10-16T20:53:54.703Z"}
{"level":"info","message":"Connected to SQLite database.","timestamp":"2025-10-16T20:54:10.920Z"}
{"level":"info","message":"Database initialized successfully.","timestamp":"2025-10-16T20:54:10.940Z"}
{"level":"info","message":"Cache pruning service started.","timestamp":"2025-10-16T20:54:10.943Z"}
{"level":"info","message":"🚀 CodeCache Pro server running on http://0.0.0.0:5050","timestamp":"2025-10-16T20:54:10.993Z"}
{"level":"info","message":"🌐 Access from other devices: http://192.168.137.47:5050","timestamp":"2025-10-16T20:54:10.994Z"}
{"level":"info","message":"📋 Configure npm clients with: npm config set registry http://192.168.137.47:5050/npm","timestamp":"2025-10-16T20:54:10.995Z"}
{"level":"info","message":"[MISS] ipaddr.js@1.9.1. Fetching from upstream.","timestamp":"2025-10-16T20:54:12.866Z"}
{"level":"info","message":"[MISS] safer-buffer@2.1.2. Fetching from upstream.","timestamp":"2025-10-16T20:54:12.980Z"}
{"level":"info","message":"[MISS] toidentifier@1.0.1. Fetching from upstream.","timestamp":"2025-10-16T20:54:12.990Z"}
{"level":"info","message":"[CACHE] Successfully cached ipaddr.js@1.9.1 to C:\\Users\\priya\\OneDrive\\Desktop\\CodeCache-Pro\\cache\\ipaddr.js\\ipaddr.js-1.9.1.tgz","timestamp":"2025-10-16T20:54:13.888Z"}
{"level":"info","message":"[CACHE] Successfully cached toidentifier@1.0.1 to C:\\Users\\priya\\OneDrive\\Desktop\\CodeCache-Pro\\cache\\toidentifier\\toidentifier-1.0.1.tgz","timestamp":"2025-10-16T20:54:13.907Z"}
{"level":"info","message":"[CACHE] Successfully cached safer-buffer@2.1.2 to C:\\Users\\priya\\OneDrive\\Desktop\\CodeCache-Pro\\cache\\safer-buffer\\safer-buffer-2.1.2.tgz","timestamp":"2025-10-16T20:54:14.047Z"}
{"level":"info","message":"[MISS] side-channel@1.1.0. Fetching from upstream.","timestamp":"2025-10-16T20:54:14.101Z"}
{"level":"info","message":"[HIT] ipaddr.js@1.9.1 from C:\\Users\\priya\\OneDrive\\Desktop\\CodeCache-Pro\\cache\\ipaddr.js\\ipaddr.js-1.9.1.tgz","timestamp":"2025-10-16T20:54:14.147Z"}
{"level":"info","message":"[MISS] setprototypeof@1.2.0. Fetching from upstream.","timestamp":"2025-10-16T20:54:14.151Z"}
{"level":"info","message":"[MISS] wrappy@1.0.2. Fetching from upstream.","timestamp":"2025-10-16T20:54:14.198Z"}
{"level":"info","message":"[HIT] safer-buffer@2.1.2 from C:\\Users\\priya\\OneDrive\\Desktop\\CodeCache-Pro\\cache\\safer-buffer\\safer-buffer-2.1.2.tgz","timestamp":"2025-10-16T20:54:14.202Z"}
{"level":"info","message":"[CACHE] Successfully cached side-channel@1.1.0 to C:\\Users\\priya\\OneDrive\\Desktop\\CodeCache-Pro\\cache\\side-channel\\side-channel-1.1.0.tgz","timestamp":"2025-10-16T20:54:14.246Z"}
{"level":"info","message":"[MISS] depd@2.0.0. Fetching from upstream.","timestamp":"2025-10-16T20:54:14.304Z"}
{"level":"info","message":"[MISS] forwarded@0.2.0. Fetching from upstream.","timestamp":"2025-10-16T20:54:14.309Z"}
{"level":"info","message":"[HIT] toidentifier@1.0.1 from C:\\Users\\priya\\OneDrive\\Desktop\\CodeCache-Pro\\cache\\toidentifier\\toidentifier-1.0.1.tgz","timestamp":"2025-10-16T20:54:14.314Z"}
{"level":"info","message":"[CACHE] Successfully cached setprototypeof@1.2.0 to C:\\Users\\priya\\OneDrive\\Desktop\\CodeCache-Pro\\cache\\setprototypeof\\setprototypeof-1.2.0.tgz","timestamp":"2025-10-16T20:54:14.411Z"}
{"level":"info","message":"[CACHE] Successfully cached wrappy@1.0.2 to C:\\Users\\priya\\OneDrive\\Desktop\\CodeCache-Pro\\cache\\wrappy\\wrappy-1.0.2.tgz","timestamp":"2025-10-16T20:54:14.433Z"}
{"level":"info","message":"[CACHE] Successfully cached depd@2.0.0 to C:\\Users\\priya\\OneDrive\\Desktop\\CodeCache-Pro\\cache\\depd\\depd-2.0.0.tgz","timestamp":"2025-10-16T20:54:14.478Z"}
{"level":"info","message":"[CACHE] Successfully cached forwarded@0.2.0 to C:\\Users\\priya\\OneDrive\\Desktop\\CodeCache-Pro\\cache\\forwarded\\forwarded-0.2.0.tgz","timestamp":"2025-10-16T20:54:14.547Z"}
{"level":"info","message":"[MISS] inherits@2.0.4. Fetching from upstream.","timestamp":"2025-10-16T20:54:14.550Z"}
{"level":"info","message":"[MISS] raw-body@3.0.1. Fetching from upstream.","timestamp":"2025-10-16T20:54:14.553Z"}
{"level":"info","message":"[MISS] ms@2.1.3. Fetching from upstream.","timestamp":"2025-10-16T20:54:14.556Z"}
{"level":"info","message":"[MISS] iconv-lite@0.6.3. Fetching from upstream.","timestamp":"2025-10-16T20:54:14.562Z"}
{"level":"info","message":"[CACHE] Successfully cached ms@2.1.3 to C:\\Users\\priya\\OneDrive\\Desktop\\CodeCache-Pro\\cache\\ms\\ms-2.1.3.tgz","timestamp":"2025-10-16T20:54:14.777Z"}
{"level":"info","message":"[CACHE] Successfully cached inherits@2.0.4 to C:\\Users\\priya\\OneDrive\\Desktop\\CodeCache-Pro\\cache\\inherits\\inherits-2.0.4.tgz","timestamp":"2025-10-16T20:54:14.785Z"}
{"level":"info","message":"[CACHE] Successfully cached raw-body@3.0.1 to C:\\Users\\priya\\OneDrive\\Desktop\\CodeCache-Pro\\cache\\raw-body\\raw-body-3.0.1.tgz","timestamp":"2025-10-16T20:54:14.796Z"}
{"level":"info","message":"[HIT] setprototypeof@1.2.0 from C:\\Users\\priya\\OneDrive\\Desktop\\CodeCache-Pro\\cache\\setprototypeof\\setprototypeof-1.2.0.tgz","timestamp":"2025-10-16T20:54:14.846Z"}
{"level":"info","message":"[MISS] vary@1.1.2. Fetching from upstream.","timestamp":"2025-10-16T20:54:14.847Z"}
{"level":"info","message":"[MISS] type-is@2.0.1. Fetching from upstream.","timestamp":"2025-10-16T20:54:14.849Z"}
{"level":"info","message":"[MISS] serve-static@2.2.0. Fetching from upstream.","timestamp":"2025-10-16T20:54:14.851Z"}
{"level":"info","message":"[MISS] negotiator@1.0.0. Fetching from upstream.","timestamp":"2025-10-16T20:54:14.853Z"}
{"level":"info","message":"[MISS] bytes@3.1.2. Fetching from upstream.","timestamp":"2025-10-16T20:54:14.859Z"}
{"level":"info","message":"[HIT] wrappy@1.0.2 from C:\\Users\\priya\\OneDrive\\Desktop\\CodeCache-Pro\\cache\\wrappy\\wrappy-1.0.2.tgz","timestamp":"2025-10-16T20:54:14.864Z"}
{"level":"info","message":"[HIT] depd@2.0.0 from C:\\Users\\priya\\OneDrive\\Desktop\\CodeCache-Pro\\cache\\depd\\depd-2.0.0.tgz","timestamp":"2025-10-16T20:54:14.866Z"}
{"level":"info","message":"[HIT] ms@2.1.3 from C:\\Users\\priya\\OneDrive\\Desktop\\CodeCache-Pro\\cache\\ms\\ms-2.1.3.tgz","timestamp":"2025-10-16T20:54:15.014Z"}
{"level":"info","message":"[HIT] side-channel@1.1.0 from C:\\Users\\priya\\OneDrive\\Desktop\\CodeCache-Pro\\cache\\side-channel\\side-channel-1.1.0.tgz","timestamp":"2025-10-16T20:54:15.017Z"}
{"level":"info","message":"[HIT] raw-body@3.0.1 from C:\\Users\\priya\\OneDrive\\Desktop\\CodeCache-Pro\\cache\\raw-body\\raw-body-3.0.1.tgz","timestamp":"2025-10-16T20:54:15.018Z"}
{"level":"info","message":"[HIT] inherits@2.0.4 from C:\\Users\\priya\\OneDrive\\Desktop\\CodeCache-Pro\\cache\\inherits\\inherits-2.0.4.tgz","timestamp":"2025-10-16T20:54:15.020Z"}
{"level":"info","message":"[CACHE] Successfully cached iconv-lite@0.6.3 to C:\\Users\\priya\\OneDrive\\Desktop\\CodeCache-Pro\\cache\\iconv-lite\\iconv-lite-0.6.3.tgz","timestamp":"2025-10-16T20:54:15.030Z"}
{"level":"info","message":"[CACHE] Successfully cached type-is@2.0.1 to C:\\Users\\priya\\OneDrive\\Desktop\\CodeCache-Pro\\cache\\type-is\\type-is-2.0.1.tgz","timestamp":"2025-10-16T20:54:15.128Z"}
{"level":"info","message":"[CACHE] Successfully cached vary@1.1.2 to C:\\Users\\priya\\OneDrive\\Desktop\\CodeCache-Pro\\cache\\vary\\vary-1.1.2.tgz","timestamp":"2025-10-16T20:54:15.136Z"}
{"level":"info","message":"[CACHE] Successfully cached serve-static@2.2.0 to C:\\Users\\priya\\OneDrive\\Desktop\\CodeCache-Pro\\cache\\serve-static\\serve-static-2.2.0.tgz","timestamp":"2025-10-16T20:54:15.145Z"}
{"level":"info","message":"[CACHE] Successfully cached negotiator@1.0.0 to C:\\Users\\priya\\OneDrive\\Desktop\\CodeCache-Pro\\cache\\negotiator\\negotiator-1.0.0.tgz","timestamp":"2025-10-16T20:54:15.153Z"}
{"level":"info","message":"[MISS] statuses@2.0.2. Fetching from upstream.","timestamp":"2025-10-16T20:54:15.155Z"}
{"level":"info","message":"[MISS] qs@6.14.0. Fetching from upstream.","timestamp":"2025-10-16T20:54:15.158Z"}
{"level":"info","message":"[MISS] proxy-addr@2.0.7. Fetching from upstream.","timestamp":"2025-10-16T20:54:15.160Z"}
{"level":"info","message":"[MISS] router@2.2.0. Fetching from upstream.","timestamp":"2025-10-16T20:54:15.163Z"}
{"level":"info","message":"[MISS] on-finished@2.4.1. Fetching from upstream.","timestamp":"2025-10-16T20:54:15.165Z"}
{"level":"info","message":"[HIT] forwarded@0.2.0 from C:\\Users\\priya\\OneDrive\\Desktop\\CodeCache-Pro\\cache\\forwarded\\forwarded-0.2.0.tgz","timestamp":"2025-10-16T20:54:15.166Z"}
{"level":"info","message":"[MISS] range-parser@1.2.1. Fetching from upstream.","timestamp":"2025-10-16T20:54:15.167Z"}
{"level":"info","message":"[CACHE] Successfully cached bytes@3.1.2 to C:\\Users\\priya\\OneDrive\\Desktop\\CodeCache-Pro\\cache\\bytes\\bytes-3.1.2.tgz","timestamp":"2025-10-16T20:54:15.178Z"}
{"level":"info","message":"[MISS] merge-descriptors@2.0.0. Fetching from upstream.","timestamp":"2025-10-16T20:54:15.235Z"}
{"level":"info","message":"[MISS] once@1.4.0. Fetching from upstream.","timestamp":"2025-10-16T20:54:15.240Z"}
{"level":"info","message":"[CACHE] Successfully cached statuses@2.0.2 to C:\\Users\\priya\\OneDrive\\Desktop\\CodeCache-Pro\\cache\\statuses\\statuses-2.0.2.tgz","timestamp":"2025-10-16T20:54:17.188Z"}
{"level":"info","message":"[CACHE] Successfully cached range-parser@1.2.1 to C:\\Users\\priya\\OneDrive\\Desktop\\CodeCache-Pro\\cache\\range-parser\\range-parser-1.2.1.tgz","timestamp":"2025-10-16T20:54:17.829Z"}
{"level":"info","message":"[CACHE] Successfully cached on-finished@2.4.1 to C:\\Users\\priya\\OneDrive\\Desktop\\CodeCache-Pro\\cache\\on-finished\\on-finished-2.4.1.tgz","timestamp":"2025-10-16T20:54:18.889Z"}
{"level":"info","message":"[MISS] http-errors@2.0.0. Fetching from upstream.","timestamp":"2025-10-16T20:54:19.089Z"}
{"level":"info","message":"[MISS] mime-types@3.0.1. Fetching from upstream.","timestamp":"2025-10-16T20:54:19.175Z"}
{"level":"info","message":"[MISS] finalhandler@2.1.0. Fetching from upstream.","timestamp":"2025-10-16T20:54:19.184Z"}
{"level":"info","message":"[CACHE] Successfully cached router@2.2.0 to C:\\Users\\priya\\OneDrive\\Desktop\\CodeCache-Pro\\cache\\router\\router-2.2.0.tgz","timestamp":"2025-10-16T20:54:19.267Z"}
{"level":"info","message":"[CACHE] Successfully cached proxy-addr@2.0.7 to C:\\Users\\priya\\OneDrive\\Desktop\\CodeCache-Pro\\cache\\proxy-addr\\proxy-addr-2.0.7.tgz","timestamp":"2025-10-16T20:54:19.278Z"}
{"level":"info","message":"[MISS] fresh@2.0.0. Fetching from upstream.","timestamp":"2025-10-16T20:54:19.437Z"}
{"level":"info","message":"[CACHE] Successfully cached qs@6.14.0 to C:\\Users\\priya\\OneDrive\\Desktop\\CodeCache-Pro\\cache\\qs\\qs-6.14.0.tgz","timestamp":"2025-10-16T20:54:20.600Z"}
{"level":"info","message":"[CACHE] Successfully cached merge-descriptors@2.0.0 to C:\\Users\\priya\\OneDrive\\Desktop\\CodeCache-Pro\\cache\\merge-descriptors\\merge-descriptors-2.0.0.tgz","timestamp":"2025-10-16T20:54:20.896Z"}
{"level":"info","message":"[MISS] etag@1.8.1. Fetching from upstream.","timestamp":"2025-10-16T20:54:20.938Z"}
{"level":"info","message":"[MISS] escape-html@1.0.3. Fetching from upstream.","timestamp":"2025-10-16T20:54:21.249Z"}
{"level":"info","message":"[CACHE] Successfully cached http-errors@2.0.0 to C:\\Users\\priya\\OneDrive\\Desktop\\CodeCache-Pro\\cache\\http-errors\\http-errors-2.0.0.tgz","timestamp":"2025-10-16T20:54:21.610Z"}
{"level":"info","message":"[CACHE] Successfully cached finalhandler@2.1.0 to C:\\Users\\priya\\OneDrive\\Desktop\\CodeCache-Pro\\cache\\finalhandler\\finalhandler-2.1.0.tgz","timestamp":"2025-10-16T20:54:21.619Z"}
{"level":"info","message":"[CACHE] Successfully cached mime-types@3.0.1 to C:\\Users\\priya\\OneDrive\\Desktop\\CodeCache-Pro\\cache\\mime-types\\mime-types-3.0.1.tgz","timestamp":"2025-10-16T20:54:21.627Z"}
{"level":"info","message":"[MISS] encodeurl@2.0.0. Fetching from upstream.","timestamp":"2025-10-16T20:54:21.784Z"}
{"level":"info","message":"[MISS] cookie-signature@1.2.2. Fetching from upstream.","timestamp":"2025-10-16T20:54:21.828Z"}
{"level":"info","message":"[MISS] cookie@0.7.2. Fetching from upstream.","timestamp":"2025-10-16T20:54:21.833Z"}
{"level":"info","message":"[HIT] bytes@3.1.2 from C:\\Users\\priya\\OneDrive\\Desktop\\CodeCache-Pro\\cache\\bytes\\bytes-3.1.2.tgz","timestamp":"2025-10-16T20:54:21.835Z"}
{"level":"info","message":"[CACHE] Successfully cached fresh@2.0.0 to C:\\Users\\priya\\OneDrive\\Desktop\\CodeCache-Pro\\cache\\fresh\\fresh-2.0.0.tgz","timestamp":"2025-10-16T20:54:21.892Z"}
{"level":"info","message":"[MISS] content-disposition@1.0.0. Fetching from upstream.","timestamp":"2025-10-16T20:54:22.036Z"}
{"level":"info","message":"[MISS] content-type@1.0.5. Fetching from upstream.","timestamp":"2025-10-16T20:54:22.102Z"}
{"level":"info","message":"[CACHE] Successfully cached etag@1.8.1 to C:\\Users\\priya\\OneDrive\\Desktop\\CodeCache-Pro\\cache\\etag\\etag-1.8.1.tgz","timestamp":"2025-10-16T20:54:22.269Z"}
{"level":"info","message":"[MISS] body-parser@2.2.0. Fetching from upstream.","timestamp":"2025-10-16T20:54:22.528Z"}
{"level":"info","message":"[MISS] accepts@2.0.0. Fetching from upstream.","timestamp":"2025-10-16T20:54:22.585Z"}
{"level":"info","message":"[CACHE] Successfully cached escape-html@1.0.3 to C:\\Users\\priya\\OneDrive\\Desktop\\CodeCache-Pro\\cache\\escape-html\\escape-html-1.0.3.tgz","timestamp":"2025-10-16T20:54:22.607Z"}
{"level":"info","message":"[CACHE] Successfully cached encodeurl@2.0.0 to C:\\Users\\priya\\OneDrive\\Desktop\\CodeCache-Pro\\cache\\encodeurl\\encodeurl-2.0.0.tgz","timestamp":"2025-10-16T20:54:22.641Z"}
{"level":"info","message":"[CACHE] Successfully cached once@1.4.0 to C:\\Users\\priya\\OneDrive\\Desktop\\CodeCache-Pro\\cache\\once\\once-1.4.0.tgz","timestamp":"2025-10-16T20:54:22.655Z"}
{"level":"info","message":"[CACHE] Successfully cached cookie-signature@1.2.2 to C:\\Users\\priya\\OneDrive\\Desktop\\CodeCache-Pro\\cache\\cookie-signature\\cookie-signature-1.2.2.tgz","timestamp":"2025-10-16T20:54:22.667Z"}
{"level":"info","message":"[CACHE] Successfully cached cookie@0.7.2 to C:\\Users\\priya\\OneDrive\\Desktop\\CodeCache-Pro\\cache\\cookie\\cookie-0.7.2.tgz","timestamp":"2025-10-16T20:54:22.683Z"}
{"level":"info","message":"[MISS] safe-buffer@5.2.1. Fetching from upstream.","timestamp":"2025-10-16T20:54:22.712Z"}
{"level":"info","message":"[MISS] parseurl@1.3.3. Fetching from upstream.","timestamp":"2025-10-16T20:54:22.738Z"}
{"level":"info","message":"[CACHE] Successfully cached content-disposition@1.0.0 to C:\\Users\\priya\\OneDrive\\Desktop\\CodeCache-Pro\\cache\\content-disposition\\content-disposition-1.0.0.tgz","timestamp":"2025-10-16T20:54:23.236Z"}
{"level":"info","message":"[MISS] statuses@2.0.1. Fetching from upstream.","timestamp":"2025-10-16T20:54:23.292Z"}
{"level":"info","message":"[MISS] iconv-lite@0.7.0. Fetching from upstream.","timestamp":"2025-10-16T20:54:23.324Z"}
{"level":"warn","message":"Blocked unsupported method POST for /npm/-/npm/v1/security/audits/quick","timestamp":"2025-10-16T20:54:23.329Z"}
{"level":"info","message":"[MISS] express@5.1.0. Fetching from upstream.","timestamp":"2025-10-16T20:54:23.332Z"}
{"level":"info","message":"[CACHE] Successfully cached content-type@1.0.5 to C:\\Users\\priya\\OneDrive\\Desktop\\CodeCache-Pro\\cache\\content-type\\content-type-1.0.5.tgz","timestamp":"2025-10-16T20:54:23.387Z"}
{"level":"info","message":"[CACHE] Successfully cached body-parser@2.2.0 to C:\\Users\\priya\\OneDrive\\Desktop\\CodeCache-Pro\\cache\\body-parser\\body-parser-2.2.0.tgz","timestamp":"2025-10-16T20:54:23.601Z"}
{"level":"info","message":"[MISS] side-channel-weakmap@1.0.2. Fetching from upstream.","timestamp":"2025-10-16T20:54:23.603Z"}
{"level":"info","message":"[MISS] hasown@2.0.2. Fetching from upstream.","timestamp":"2025-10-16T20:54:23.607Z"}
{"level":"info","message":"[MISS] function-bind@1.1.2. Fetching from upstream.","timestamp":"2025-10-16T20:54:23.609Z"}
{"level":"info","message":"[MISS] math-intrinsics@1.1.0. Fetching from upstream.","timestamp":"2025-10-16T20:54:23.617Z"}
{"level":"info","message":"[MISS] has-symbols@1.1.0. Fetching from upstream.","timestamp":"2025-10-16T20:54:23.623Z"}
{"level":"info","message":"[CACHE] Successfully cached accepts@2.0.0 to C:\\Users\\priya\\OneDrive\\Desktop\\CodeCache-Pro\\cache\\accepts\\accepts-2.0.0.tgz","timestamp":"2025-10-16T20:54:23.669Z"}
{"level":"info","message":"[CACHE] Successfully cached safe-buffer@5.2.1 to C:\\Users\\priya\\OneDrive\\Desktop\\CodeCache-Pro\\cache\\safe-buffer\\safe-buffer-5.2.1.tgz","timestamp":"2025-10-16T20:54:23.803Z"}
{"level":"info","message":"[CACHE] Successfully cached statuses@2.0.1 to C:\\Users\\priya\\OneDrive\\Desktop\\CodeCache-Pro\\cache\\statuses\\statuses-2.0.1.tgz","timestamp":"2025-10-16T20:54:24.058Z"}
{"level":"info","message":"[MISS] es-object-atoms@1.1.1. Fetching from upstream.","timestamp":"2025-10-16T20:54:24.239Z"}
{"level":"info","message":"[MISS] call-bound@1.0.4. Fetching from upstream.","timestamp":"2025-10-16T20:54:24.241Z"}
{"level":"info","message":"[MISS] dunder-proto@1.0.1. Fetching from upstream.","timestamp":"2025-10-16T20:54:24.322Z"}
{"level":"info","message":"[MISS] es-define-property@1.0.1. Fetching from upstream.","timestamp":"2025-10-16T20:54:24.523Z"}
{"level":"info","message":"[MISS] call-bind-apply-helpers@1.0.2. Fetching from upstream.","timestamp":"2025-10-16T20:54:24.529Z"}
{"level":"info","message":"[MISS] media-typer@1.1.0. Fetching from upstream.","timestamp":"2025-10-16T20:54:24.556Z"}
{"level":"info","message":"[CACHE] Successfully cached hasown@2.0.2 to C:\\Users\\priya\\OneDrive\\Desktop\\CodeCache-Pro\\cache\\hasown\\hasown-2.0.2.tgz","timestamp":"2025-10-16T20:54:24.877Z"}
{"level":"info","message":"[CACHE] Successfully cached side-channel-weakmap@1.0.2 to C:\\Users\\priya\\OneDrive\\Desktop\\CodeCache-Pro\\cache\\side-channel-weakmap\\side-channel-weakmap-1.0.2.tgz","timestamp":"2025-10-16T20:54:24.976Z"}
{"level":"info","message":"[MISS] side-channel-map@1.0.1. Fetching from upstream.","timestamp":"2025-10-16T20:54:28.061Z"}
{"level":"info","message":"[CACHE] Successfully cached parseurl@1.3.3 to C:\\Users\\priya\\OneDrive\\Desktop\\CodeCache-Pro\\cache\\parseurl\\parseurl-1.3.3.tgz","timestamp":"2025-10-16T20:54:28.136Z"}
{"level":"info","message":"[MISS] gopd@1.2.0. Fetching from upstream.","timestamp":"2025-10-16T20:54:28.275Z"}
{"level":"info","message":"[MISS] get-intrinsic@1.3.0. Fetching from upstream.","timestamp":"2025-10-16T20:54:28.277Z"}
{"level":"info","message":"[CACHE] Successfully cached call-bound@1.0.4 to C:\\Users\\priya\\OneDrive\\Desktop\\CodeCache-Pro\\cache\\call-bound\\call-bound-1.0.4.tgz","timestamp":"2025-10-16T20:54:28.334Z"}
{"level":"info","message":"[CACHE] Successfully cached dunder-proto@1.0.1 to C:\\Users\\priya\\OneDrive\\Desktop\\CodeCache-Pro\\cache\\dunder-proto\\dunder-proto-1.0.1.tgz","timestamp":"2025-10-16T20:54:28.344Z"}
{"level":"info","message":"[CACHE] Successfully cached es-object-atoms@1.1.1 to C:\\Users\\priya\\OneDrive\\Desktop\\CodeCache-Pro\\cache\\es-object-atoms\\es-object-atoms-1.1.1.tgz","timestamp":"2025-10-16T20:54:28.368Z"}
{"level":"info","message":"[CACHE] Successfully cached express@5.1.0 to C:\\Users\\priya\\OneDrive\\Desktop\\CodeCache-Pro\\cache\\express\\express-5.1.0.tgz","timestamp":"2025-10-16T20:54:28.590Z"}
{"level":"info","message":"[CACHE] Successfully cached iconv-lite@0.7.0 to C:\\Users\\priya\\OneDrive\\Desktop\\CodeCache-Pro\\cache\\iconv-lite\\iconv-lite-0.7.0.tgz","timestamp":"2025-10-16T20:54:28.600Z"}
{"level":"info","message":"[MISS] get-proto@1.0.1. Fetching from upstream.","timestamp":"2025-10-16T20:54:28.622Z"}
{"level":"info","message":"[CACHE] Successfully cached side-channel-map@1.0.1 to C:\\Users\\priya\\OneDrive\\Desktop\\CodeCache-Pro\\cache\\side-channel-map\\side-channel-map-1.0.1.tgz","timestamp":"2025-10-16T20:54:28.673Z"}
{"level":"info","message":"[HIT] iconv-lite@0.6.3 from C:\\Users\\priya\\OneDrive\\Desktop\\CodeCache-Pro\\cache\\iconv-lite\\iconv-lite-0.6.3.tgz","timestamp":"2025-10-16T20:54:28.892Z"}
{"level":"info","message":"[HIT] type-is@2.0.1 from C:\\Users\\priya\\OneDrive\\Desktop\\CodeCache-Pro\\cache\\type-is\\type-is-2.0.1.tgz","timestamp":"2025-10-16T20:54:28.893Z"}
{"level":"info","message":"[HIT] vary@1.1.2 from C:\\Users\\priya\\OneDrive\\Desktop\\CodeCache-Pro\\cache\\vary\\vary-1.1.2.tgz","timestamp":"2025-10-16T20:54:28.967Z"}
{"level":"info","message":"[CACHE] Successfully cached gopd@1.2.0 to C:\\Users\\priya\\OneDrive\\Desktop\\CodeCache-Pro\\cache\\gopd\\gopd-1.2.0.tgz","timestamp":"2025-10-16T20:54:28.978Z"}
{"level":"info","message":"[CACHE] Successfully cached get-intrinsic@1.3.0 to C:\\Users\\priya\\OneDrive\\Desktop\\CodeCache-Pro\\cache\\get-intrinsic\\get-intrinsic-1.3.0.tgz","timestamp":"2025-10-16T20:54:28.990Z"}
{"level":"info","message":"[CACHE] Successfully cached media-typer@1.1.0 to C:\\Users\\priya\\OneDrive\\Desktop\\CodeCache-Pro\\cache\\media-typer\\media-typer-1.1.0.tgz","timestamp":"2025-10-16T20:54:29.299Z"}
{"level":"info","message":"[CACHE] Successfully cached function-bind@1.1.2 to C:\\Users\\priya\\OneDrive\\Desktop\\CodeCache-Pro\\cache\\function-bind\\function-bind-1.1.2.tgz","timestamp":"2025-10-16T20:54:29.319Z"}
{"level":"info","message":"[CACHE] Successfully cached get-proto@1.0.1 to C:\\Users\\priya\\OneDrive\\Desktop\\CodeCache-Pro\\cache\\get-proto\\get-proto-1.0.1.tgz","timestamp":"2025-10-16T20:54:29.332Z"}
{"level":"info","message":"[HIT] serve-static@2.2.0 from C:\\Users\\priya\\OneDrive\\Desktop\\CodeCache-Pro\\cache\\serve-static\\serve-static-2.2.0.tgz","timestamp":"2025-10-16T20:54:29.531Z"}
{"level":"info","message":"[HIT] negotiator@1.0.0 from C:\\Users\\priya\\OneDrive\\Desktop\\CodeCache-Pro\\cache\\negotiator\\negotiator-1.0.0.tgz","timestamp":"2025-10-16T20:54:29.534Z"}
{"level":"info","message":"[MISS] unpipe@1.0.0. Fetching from upstream.","timestamp":"2025-10-16T20:54:29.538Z"}
{"level":"info","message":"[CACHE] Successfully cached has-symbols@1.1.0 to C:\\Users\\priya\\OneDrive\\Desktop\\CodeCache-Pro\\cache\\has-symbols\\has-symbols-1.1.0.tgz","timestamp":"2025-10-16T20:54:29.638Z"}
{"level":"info","message":"[HIT] statuses@2.0.2 from C:\\Users\\priya\\OneDrive\\Desktop\\CodeCache-Pro\\cache\\statuses\\statuses-2.0.2.tgz","timestamp":"2025-10-16T20:54:30.069Z"}
{"level":"info","message":"[HIT] range-parser@1.2.1 from C:\\Users\\priya\\OneDrive\\Desktop\\CodeCache-Pro\\cache\\range-parser\\range-parser-1.2.1.tgz","timestamp":"2025-10-16T20:54:30.207Z"}
{"level":"info","message":"[HIT] on-finished@2.4.1 from C:\\Users\\priya\\OneDrive\\Desktop\\CodeCache-Pro\\cache\\on-finished\\on-finished-2.4.1.tgz","timestamp":"2025-10-16T20:54:30.317Z"}
{"level":"info","message":"[HIT] finalhandler@2.1.0 from C:\\Users\\priya\\OneDrive\\Desktop\\CodeCache-Pro\\cache\\finalhandler\\finalhandler-2.1.0.tgz","timestamp":"2025-10-16T20:54:30.321Z"}
{"level":"info","message":"[HIT] proxy-addr@2.0.7 from C:\\Users\\priya\\OneDrive\\Desktop\\CodeCache-Pro\\cache\\proxy-addr\\proxy-addr-2.0.7.tgz","timestamp":"2025-10-16T20:54:30.323Z"}
{"level":"info","message":"[HIT] router@2.2.0 from C:\\Users\\priya\\OneDrive\\Desktop\\CodeCache-Pro\\cache\\router\\router-2.2.0.tgz","timestamp":"2025-10-16T20:54:30.330Z"}
{"level":"info","message":"[HIT] qs@6.14.0 from C:\\Users\\priya\\OneDrive\\Desktop\\CodeCache-Pro\\cache\\qs\\qs-6.14.0.tgz","timestamp":"2025-10-16T20:54:30.338Z"}
{"level":"info","message":"[HIT] merge-descriptors@2.0.0 from C:\\Users\\priya\\OneDrive\\Desktop\\CodeCache-Pro\\cache\\merge-descriptors\\merge-descriptors-2.0.0.tgz","timestamp":"2025-10-16T20:54:30.342Z"}
{"level":"info","message":"[HIT] mime-types@3.0.1 from C:\\Users\\priya\\OneDrive\\Desktop\\CodeCache-Pro\\cache\\mime-types\\mime-types-3.0.1.tgz","timestamp":"2025-10-16T20:54:30.550Z"}
{"level":"info","message":"[CACHE] Successfully cached math-intrinsics@1.1.0 to C:\\Users\\priya\\OneDrive\\Desktop\\CodeCache-Pro\\cache\\math-intrinsics\\math-intrinsics-1.1.0.tgz","timestamp":"2025-10-16T20:54:30.557Z"}
{"level":"info","message":"[CACHE] Successfully cached unpipe@1.0.0 to C:\\Users\\priya\\OneDrive\\Desktop\\CodeCache-Pro\\cache\\unpipe\\unpipe-1.0.0.tgz","timestamp":"2025-10-16T20:54:30.565Z"}
{"level":"info","message":"[CACHE] Successfully cached es-define-property@1.0.1 to C:\\Users\\priya\\OneDrive\\Desktop\\CodeCache-Pro\\cache\\es-define-property\\es-define-property-1.0.1.tgz","timestamp":"2025-10-16T20:54:30.574Z"}
{"level":"info","message":"[HIT] fresh@2.0.0 from C:\\Users\\priya\\OneDrive\\Desktop\\CodeCache-Pro\\cache\\fresh\\fresh-2.0.0.tgz","timestamp":"2025-10-16T20:54:30.576Z"}
{"level":"info","message":"[HIT] etag@1.8.1 from C:\\Users\\priya\\OneDrive\\Desktop\\CodeCache-Pro\\cache\\etag\\etag-1.8.1.tgz","timestamp":"2025-10-16T20:54:30.577Z"}
{"level":"info","message":"[HIT] http-errors@2.0.0 from C:\\Users\\priya\\OneDrive\\Desktop\\CodeCache-Pro\\cache\\http-errors\\http-errors-2.0.0.tgz","timestamp":"2025-10-16T20:54:30.578Z"}
{"level":"info","message":"[CACHE] Successfully cached call-bind-apply-helpers@1.0.2 to C:\\Users\\priya\\OneDrive\\Desktop\\CodeCache-Pro\\cache\\call-bind-apply-helpers\\call-bind-apply-helpers-1.0.2.tgz","timestamp":"2025-10-16T20:54:30.586Z"}
{"level":"info","message":"[HIT] escape-html@1.0.3 from C:\\Users\\priya\\OneDrive\\Desktop\\CodeCache-Pro\\cache\\escape-html\\escape-html-1.0.3.tgz","timestamp":"2025-10-16T20:54:30.588Z"}
{"level":"info","message":"[HIT] once@1.4.0 from C:\\Users\\priya\\OneDrive\\Desktop\\CodeCache-Pro\\cache\\once\\once-1.4.0.tgz","timestamp":"2025-10-16T20:54:30.590Z"}
{"level":"info","message":"[HIT] encodeurl@2.0.0 from C:\\Users\\priya\\OneDrive\\Desktop\\CodeCache-Pro\\cache\\encodeurl\\encodeurl-2.0.0.tgz","timestamp":"2025-10-16T20:54:30.591Z"}
{"level":"info","message":"[HIT] content-disposition@1.0.0 from C:\\Users\\priya\\OneDrive\\Desktop\\CodeCache-Pro\\cache\\content-disposition\\content-disposition-1.0.0.tgz","timestamp":"2025-10-16T20:54:30.756Z"}
{"level":"info","message":"[HIT] safe-buffer@5.2.1 from C:\\Users\\priya\\OneDrive\\Desktop\\CodeCache-Pro\\cache\\safe-buffer\\safe-buffer-5.2.1.tgz","timestamp":"2025-10-16T20:54:30.760Z"}
{"level":"info","message":"[HIT] accepts@2.0.0 from C:\\Users\\priya\\OneDrive\\Desktop\\CodeCache-Pro\\cache\\accepts\\accepts-2.0.0.tgz","timestamp":"2025-10-16T20:54:30.761Z"}
{"level":"info","message":"[HIT] statuses@2.0.1 from C:\\Users\\priya\\OneDrive\\Desktop\\CodeCache-Pro\\cache\\statuses\\statuses-2.0.1.tgz","timestamp":"2025-10-16T20:54:30.763Z"}
{"level":"info","message":"[HIT] cookie-signature@1.2.2 from C:\\Users\\priya\\OneDrive\\Desktop\\CodeCache-Pro\\cache\\cookie-signature\\cookie-signature-1.2.2.tgz","timestamp":"2025-10-16T20:54:30.765Z"}
{"level":"info","message":"[HIT] content-type@1.0.5 from C:\\Users\\priya\\OneDrive\\Desktop\\CodeCache-Pro\\cache\\content-type\\content-type-1.0.5.tgz","timestamp":"2025-10-16T20:54:30.766Z"}
{"level":"info","message":"[HIT] cookie@0.7.2 from C:\\Users\\priya\\OneDrive\\Desktop\\CodeCache-Pro\\cache\\cookie\\cookie-0.7.2.tgz","timestamp":"2025-10-16T20:54:30.767Z"}
{"level":"info","message":"[HIT] body-parser@2.2.0 from C:\\Users\\priya\\OneDrive\\Desktop\\CodeCache-Pro\\cache\\body-parser\\body-parser-2.2.0.tgz","timestamp":"2025-10-16T20:54:30.768Z"}
{"level":"info","message":"[HIT] hasown@2.0.2 from C:\\Users\\priya\\OneDrive\\Desktop\\CodeCache-Pro\\cache\\hasown\\hasown-2.0.2.tgz","timestamp":"2025-10-16T20:54:30.770Z"}
{"level":"info","message":"[HIT] parseurl@1.3.3 from C:\\Users\\priya\\OneDrive\\Desktop\\CodeCache-Pro\\cache\\parseurl\\parseurl-1.3.3.tgz","timestamp":"2025-10-16T20:54:30.977Z"}
{"level":"info","message":"[HIT] call-bound@1.0.4 from C:\\Users\\priya\\OneDrive\\Desktop\\CodeCache-Pro\\cache\\call-bound\\call-bound-1.0.4.tgz","timestamp":"2025-10-16T20:54:30.979Z"}
{"level":"info","message":"[HIT] dunder-proto@1.0.1 from C:\\Users\\priya\\OneDrive\\Desktop\\CodeCache-Pro\\cache\\dunder-proto\\dunder-proto-1.0.1.tgz","timestamp":"2025-10-16T20:54:30.981Z"}
{"level":"info","message":"[HIT] side-channel-weakmap@1.0.2 from C:\\Users\\priya\\OneDrive\\Desktop\\CodeCache-Pro\\cache\\side-channel-weakmap\\side-channel-weakmap-1.0.2.tgz","timestamp":"2025-10-16T20:54:30.983Z"}
{"level":"info","message":"[HIT] es-object-atoms@1.1.1 from C:\\Users\\priya\\OneDrive\\Desktop\\CodeCache-Pro\\cache\\es-object-atoms\\es-object-atoms-1.1.1.tgz","timestamp":"2025-10-16T20:54:31.197Z"}
{"level":"info","message":"[HIT] express@5.1.0 from C:\\Users\\priya\\OneDrive\\Desktop\\CodeCache-Pro\\cache\\express\\express-5.1.0.tgz","timestamp":"2025-10-16T20:54:31.223Z"}
{"level":"info","message":"[HIT] iconv-lite@0.7.0 from C:\\Users\\priya\\OneDrive\\Desktop\\CodeCache-Pro\\cache\\iconv-lite\\iconv-lite-0.7.0.tgz","timestamp":"2025-10-16T20:54:31.224Z"}
{"level":"info","message":"[HIT] side-channel-map@1.0.1 from C:\\Users\\priya\\OneDrive\\Desktop\\CodeCache-Pro\\cache\\side-channel-map\\side-channel-map-1.0.1.tgz","timestamp":"2025-10-16T20:54:31.624Z"}
{"level":"info","message":"[HIT] get-intrinsic@1.3.0 from C:\\Users\\priya\\OneDrive\\Desktop\\CodeCache-Pro\\cache\\get-intrinsic\\get-intrinsic-1.3.0.tgz","timestamp":"2025-10-16T20:54:31.642Z"}
{"level":"info","message":"[HIT] media-typer@1.1.0 from C:\\Users\\priya\\OneDrive\\Desktop\\CodeCache-Pro\\cache\\media-typer\\media-typer-1.1.0.tgz","timestamp":"2025-10-16T20:54:31.643Z"}
{"level":"info","message":"[HIT] gopd@1.2.0 from C:\\Users\\priya\\OneDrive\\Desktop\\CodeCache-Pro\\cache\\gopd\\gopd-1.2.0.tgz","timestamp":"2025-10-16T20:54:31.644Z"}
{"level":"info","message":"[HIT] get-proto@1.0.1 from C:\\Users\\priya\\OneDrive\\Desktop\\CodeCache-Pro\\cache\\get-proto\\get-proto-1.0.1.tgz","timestamp":"2025-10-16T20:54:31.645Z"}
{"level":"info","message":"[HIT] function-bind@1.1.2 from C:\\Users\\priya\\OneDrive\\Desktop\\CodeCache-Pro\\cache\\function-bind\\function-bind-1.1.2.tgz","timestamp":"2025-10-16T20:54:31.646Z"}
{"level":"info","message":"[HIT] has-symbols@1.1.0 from C:\\Users\\priya\\OneDrive\\Desktop\\CodeCache-Pro\\cache\\has-symbols\\has-symbols-1.1.0.tgz","timestamp":"2025-10-16T20:54:32.032Z"}
{"level":"info","message":"[HIT] unpipe@1.0.0 from C:\\Users\\priya\\OneDrive\\Desktop\\CodeCache-Pro\\cache\\unpipe\\unpipe-1.0.0.tgz","timestamp":"2025-10-16T20:54:32.061Z"}
{"level":"info","message":"[HIT] math-intrinsics@1.1.0 from C:\\Users\\priya\\OneDrive\\Desktop\\CodeCache-Pro\\cache\\math-intrinsics\\math-intrinsics-1.1.0.tgz","timestamp":"2025-10-16T20:54:32.063Z"}
{"level":"info","message":"[HIT] es-define-property@1.0.1 from C:\\Users\\priya\\OneDrive\\Desktop\\CodeCache-Pro\\cache\\es-define-property\\es-define-property-1.0.1.tgz","timestamp":"2025-10-16T20:54:32.279Z"}
{"level":"info","message":"[HIT] call-bind-apply-helpers@1.0.2 from C:\\Users\\priya\\OneDrive\\Desktop\\CodeCache-Pro\\cache\\call-bind-apply-helpers\\call-bind-apply-helpers-1.0.2.tgz","timestamp":"2025-10-16T20:54:32.318Z"}
{"level":"info","message":"[MISS] debug@4.4.3. Fetching from upstream.","timestamp":"2025-10-16T20:54:32.323Z"}
{"level":"info","message":"[MISS] send@1.2.0. Fetching from upstream.","timestamp":"2025-10-16T20:54:32.326Z"}
{"level":"info","message":"[CACHE] Successfully cached debug@4.4.3 to C:\\Users\\priya\\OneDrive\\Desktop\\CodeCache-Pro\\cache\\debug\\debug-4.4.3.tgz","timestamp":"2025-10-16T20:54:32.959Z"}
{"level":"info","message":"[CACHE] Successfully cached send@1.2.0 to C:\\Users\\priya\\OneDrive\\Desktop\\CodeCache-Pro\\cache\\send\\send-1.2.0.tgz","timestamp":"2025-10-16T20:54:32.971Z"}
{"level":"info","message":"[HIT] debug@4.4.3 from C:\\Users\\priya\\OneDrive\\Desktop\\CodeCache-Pro\\cache\\debug\\debug-4.4.3.tgz","timestamp":"2025-10-16T20:54:33.079Z"}
{"level":"info","message":"[HIT] send@1.2.0 from C:\\Users\\priya\\OneDrive\\Desktop\\CodeCache-Pro\\cache\\send\\send-1.2.0.tgz","timestamp":"2025-10-16T20:54:33.124Z"}
{"level":"info","message":"Connected to SQLite database.","timestamp":"2025-10-16T20:55:10.011Z"}
{"level":"info","message":"Database initialized successfully.","timestamp":"2025-10-16T20:55:10.029Z"}
{"level":"info","message":"Cache pruning service started.","timestamp":"2025-10-16T20:55:10.032Z"}
{"level":"info","message":"🚀 CodeCache Pro server running on http://0.0.0.0:5050","timestamp":"2025-10-16T20:55:10.068Z"}
{"level":"info","message":"🌐 Access from other devices: http://192.168.137.47:5050","timestamp":"2025-10-16T20:55:10.069Z"}
{"level":"info","message":"📋 Configure npm clients with: npm config set registry http://192.168.137.47:5050/npm","timestamp":"2025-10-16T20:55:10.070Z"}
{"level":"warn","message":"Blocked unsupported method POST for /npm/-/npm/v1/security/advisories/bulk","timestamp":"2025-10-16T21:12:45.693Z"}
{"level":"warn","message":"Blocked unsupported method POST for /npm/-/npm/v1/security/audits/quick","timestamp":"2025-10-16T21:12:45.918Z"}
{"level":"warn","message":"Blocked unsupported method POST for /npm/-/npm/v1/security/advisories/bulk","timestamp":"2025-10-16T21:14:09.948Z"}
{"level":"warn","message":"Blocked unsupported method POST for /npm/-/npm/v1/security/audits/quick","timestamp":"2025-10-16T21:14:09.991Z"}
{"level":"info","message":"[HIT] side-channel-list@1.0.0 from C:\\Users\\priya\\OneDrive\\Desktop\\CodeCache-Pro\\cache\\side-channel-list\\side-channel-list-1.0.0.tgz","timestamp":"2025-10-16T21:14:10.004Z"}
{"level":"info","message":"[HIT] object-inspect@1.13.4 from C:\\Users\\priya\\OneDrive\\Desktop\\CodeCache-Pro\\cache\\object-inspect\\object-inspect-1.13.4.tgz","timestamp":"2025-10-16T21:14:10.008Z"}
{"level":"info","message":"[MISS] path-to-regexp@8.3.0. Fetching from upstream.","timestamp":"2025-10-16T21:14:10.123Z"}
{"level":"info","message":"[MISS] mime-db@1.54.0. Fetching from upstream.","timestamp":"2025-10-16T21:14:10.130Z"}
{"level":"info","message":"[HIT] ee-first@1.1.1 from C:\\Users\\priya\\OneDrive\\Desktop\\CodeCache-Pro\\cache\\ee-first\\ee-first-1.1.1.tgz","timestamp":"2025-10-16T21:14:10.132Z"}
{"level":"info","message":"[HIT] es-errors@1.3.0 from C:\\Users\\priya\\OneDrive\\Desktop\\CodeCache-Pro\\cache\\es-errors\\es-errors-1.3.0.tgz","timestamp":"2025-10-16T21:14:10.135Z"}
{"level":"info","message":"[HIT] is-promise@4.0.0 from C:\\Users\\priya\\OneDrive\\Desktop\\CodeCache-Pro\\cache\\is-promise\\is-promise-4.0.0.tgz","timestamp":"2025-10-16T21:14:10.140Z"}
{"level":"info","message":"[CACHE] Successfully cached path-to-regexp@8.3.0 to C:\\Users\\priya\\OneDrive\\Desktop\\CodeCache-Pro\\cache\\path-to-regexp\\path-to-regexp-8.3.0.tgz","timestamp":"2025-10-16T21:14:10.591Z"}
{"level":"info","message":"[CACHE] Successfully cached mime-db@1.54.0 to C:\\Users\\priya\\OneDrive\\Desktop\\CodeCache-Pro\\cache\\mime-db\\mime-db-1.54.0.tgz","timestamp":"2025-10-16T21:14:10.715Z"}
{"level":"info","message":"[HIT] path-to-regexp@8.3.0 from C:\\Users\\priya\\OneDrive\\Desktop\\CodeCache-Pro\\cache\\path-to-regexp\\path-to-regexp-8.3.0.tgz","timestamp":"2025-10-16T21:14:10.834Z"}
{"level":"info","message":"[HIT] mime-db@1.54.0 from C:\\Users\\priya\\OneDrive\\Desktop\\CodeCache-Pro\\cache\\mime-db\\mime-db-1.54.0.tgz","timestamp":"2025-10-16T21:14:10.837Z"}
{"level":"warn","message":"Blocked unsupported method POST for /npm/-/npm/v1/security/advisories/bulk","timestamp":"2025-10-16T21:14:55.752Z"}
{"level":"warn","message":"Blocked unsupported method POST for /npm/-/npm/v1/security/audits/quick","timestamp":"2025-10-16T21:14:56.182Z"}
{"level":"warn","message":"Blocked unsupported method POST for /npm/-/npm/v1/security/advisories/bulk","timestamp":"2025-10-16T21:16:12.039Z"}
{"level":"warn","message":"Blocked unsupported method POST for /npm/-/npm/v1/security/audits/quick","timestamp":"2025-10-16T21:16:12.073Z"}
{"level":"warn","message":"Blocked unsupported method POST for /npm/-/npm/v1/security/advisories/bulk","timestamp":"2025-10-16T21:17:17.543Z"}
{"level":"info","message":"[HIT] media-typer@1.1.0 from C:\\Users\\priya\\OneDrive\\Desktop\\CodeCache-Pro\\cache\\media-typer\\media-typer-1.1.0.tgz","timestamp":"2025-10-16T21:17:17.545Z"}
{"level":"info","message":"[HIT] path-to-regexp@8.3.0 from C:\\Users\\priya\\OneDrive\\Desktop\\CodeCache-Pro\\cache\\path-to-regexp\\path-to-regexp-8.3.0.tgz","timestamp":"2025-10-16T21:17:17.547Z"}
{"level":"info","message":"[HIT] is-promise@4.0.0 from C:\\Users\\priya\\OneDrive\\Desktop\\CodeCache-Pro\\cache\\is-promise\\is-promise-4.0.0.tgz","timestamp":"2025-10-16T21:17:17.548Z"}
{"level":"info","message":"[HIT] mime-db@1.54.0 from C:\\Users\\priya\\OneDrive\\Desktop\\CodeCache-Pro\\cache\\mime-db\\mime-db-1.54.0.tgz","timestamp":"2025-10-16T21:17:17.655Z"}
{"level":"info","message":"[HIT] serve-static@2.2.0 from C:\\Users\\priya\\OneDrive\\Desktop\\CodeCache-Pro\\cache\\serve-static\\serve-static-2.2.0.tgz","timestamp":"2025-10-16T21:17:17.657Z"}
{"level":"info","message":"[HIT] negotiator@1.0.0 from C:\\Users\\priya\\OneDrive\\Desktop\\CodeCache-Pro\\cache\\negotiator\\negotiator-1.0.0.tgz","timestamp":"2025-10-16T21:17:17.658Z"}
{"level":"info","message":"[HIT] fresh@2.0.0 from C:\\Users\\priya\\OneDrive\\Desktop\\CodeCache-Pro\\cache\\fresh\\fresh-2.0.0.tgz","timestamp":"2025-10-16T21:17:17.660Z"}
{"level":"info","message":"[HIT] statuses@2.0.2 from C:\\Users\\priya\\OneDrive\\Desktop\\CodeCache-Pro\\cache\\statuses\\statuses-2.0.2.tgz","timestamp":"2025-10-16T21:17:17.661Z"}
{"level":"info","message":"[HIT] send@1.2.0 from C:\\Users\\priya\\OneDrive\\Desktop\\CodeCache-Pro\\cache\\send\\send-1.2.0.tgz","timestamp":"2025-10-16T21:17:17.663Z"}
{"level":"info","message":"[HIT] router@2.2.0 from C:\\Users\\priya\\OneDrive\\Desktop\\CodeCache-Pro\\cache\\router\\router-2.2.0.tgz","timestamp":"2025-10-16T21:17:17.664Z"}
{"level":"info","message":"[HIT] finalhandler@2.1.0 from C:\\Users\\priya\\OneDrive\\Desktop\\CodeCache-Pro\\cache\\finalhandler\\finalhandler-2.1.0.tgz","timestamp":"2025-10-16T21:17:17.665Z"}
{"level":"info","message":"[HIT] raw-body@3.0.1 from C:\\Users\\priya\\OneDrive\\Desktop\\CodeCache-Pro\\cache\\raw-body\\raw-body-3.0.1.tgz","timestamp":"2025-10-16T21:17:17.667Z"}
{"level":"info","message":"[HIT] iconv-lite@0.6.3 from C:\\Users\\priya\\OneDrive\\Desktop\\CodeCache-Pro\\cache\\iconv-lite\\iconv-lite-0.6.3.tgz","timestamp":"2025-10-16T21:17:17.668Z"}
{"level":"info","message":"[HIT] cookie-signature@1.2.2 from C:\\Users\\priya\\OneDrive\\Desktop\\CodeCache-Pro\\cache\\cookie-signature\\cookie-signature-1.2.2.tgz","timestamp":"2025-10-16T21:17:17.673Z"}
{"level":"info","message":"[HIT] qs@6.14.0 from C:\\Users\\priya\\OneDrive\\Desktop\\CodeCache-Pro\\cache\\qs\\qs-6.14.0.tgz","timestamp":"2025-10-16T21:17:17.674Z"}
{"level":"info","message":"[HIT] merge-descriptors@2.0.0 from C:\\Users\\priya\\OneDrive\\Desktop\\CodeCache-Pro\\cache\\merge-descriptors\\merge-descriptors-2.0.0.tgz","timestamp":"2025-10-16T21:17:17.675Z"}
{"level":"info","message":"[HIT] type-is@2.0.1 from C:\\Users\\priya\\OneDrive\\Desktop\\CodeCache-Pro\\cache\\type-is\\type-is-2.0.1.tgz","timestamp":"2025-10-16T21:17:17.680Z"}
{"level":"info","message":"[HIT] mime-types@3.0.1 from C:\\Users\\priya\\OneDrive\\Desktop\\CodeCache-Pro\\cache\\mime-types\\mime-types-3.0.1.tgz","timestamp":"2025-10-16T21:17:17.682Z"}
{"level":"warn","message":"Blocked unsupported method POST for /npm/-/npm/v1/security/audits/quick","timestamp":"2025-10-16T21:17:17.749Z"}
{"level":"info","message":"[HIT] body-parser@2.2.0 from C:\\Users\\priya\\OneDrive\\Desktop\\CodeCache-Pro\\cache\\body-parser\\body-parser-2.2.0.tgz","timestamp":"2025-10-16T21:17:18.013Z"}
{"level":"info","message":"[HIT] content-disposition@1.0.0 from C:\\Users\\priya\\OneDrive\\Desktop\\CodeCache-Pro\\cache\\content-disposition\\content-disposition-1.0.0.tgz","timestamp":"2025-10-16T21:17:18.015Z"}
{"level":"info","message":"[HIT] express@5.1.0 from C:\\Users\\priya\\OneDrive\\Desktop\\CodeCache-Pro\\cache\\express\\express-5.1.0.tgz","timestamp":"2025-10-16T21:17:18.016Z"}
{"level":"info","message":"[HIT] cookie@0.7.2 from C:\\Users\\priya\\OneDrive\\Desktop\\CodeCache-Pro\\cache\\cookie\\cookie-0.7.2.tgz","timestamp":"2025-10-16T21:17:18.017Z"}
{"level":"info","message":"[HIT] accepts@2.0.0 from C:\\Users\\priya\\OneDrive\\Desktop\\CodeCache-Pro\\cache\\accepts\\accepts-2.0.0.tgz","timestamp":"2025-10-16T21:17:18.018Z"}
{"level":"info","message":"[HIT] iconv-lite@0.7.0 from C:\\Users\\priya\\OneDrive\\Desktop\\CodeCache-Pro\\cache\\iconv-lite\\iconv-lite-0.7.0.tgz","timestamp":"2025-10-16T21:17:18.020Z"}
{"level":"info","message":"Connected to SQLite database.","timestamp":"2025-10-16T21:21:25.623Z"}
{"level":"info","message":"Database initialized successfully.","timestamp":"2025-10-16T21:21:25.647Z"}
{"level":"info","message":"Connected to SQLite database.","timestamp":"2025-10-16T21:22:19.870Z"}
{"level":"info","message":"Database initialized successfully.","timestamp":"2025-10-16T21:22:19.885Z"}
{"level":"info","message":"Cache pruning service started.","timestamp":"2025-10-16T21:22:19.887Z"}
{"level":"info","message":"🚀 CodeCache Pro server running on http://0.0.0.0:5050","timestamp":"2025-10-16T21:22:19.922Z"}
{"level":"info","message":"🌐 Access from other devices: http://192.168.137.47:5050","timestamp":"2025-10-16T21:22:19.923Z"}
{"level":"info","message":"📋 Configure npm clients with: npm config set registry http://192.168.137.47:5050/npm","timestamp":"2025-10-16T21:22:19.923Z"}
{"level":"info","message":"Connected to SQLite database.","timestamp":"2025-10-16T21:24:59.659Z"}
{"level":"info","message":"Database initialized successfully.","timestamp":"2025-10-16T21:24:59.677Z"}
{"level":"info","message":"Connected to SQLite database.","timestamp":"2025-10-16T21:26:28.404Z"}
{"level":"info","message":"Database initialized successfully.","timestamp":"2025-10-16T21:26:28.421Z"}
{"level":"info","message":"Cache pruning service started.","timestamp":"2025-10-16T21:26:28.423Z"}
{"level":"info","message":"🚀 CodeCache Pro server running on http://0.0.0.0:5050","timestamp":"2025-10-16T21:26:28.454Z"}
{"level":"info","message":"🌐 Access from other devices: http://192.168.137.47:5050","timestamp":"2025-10-16T21:26:28.455Z"}
{"level":"info","message":"📋 Configure npm clients with: npm config set registry http://192.168.137.47:5050/npm","timestamp":"2025-10-16T21:26:28.456Z"}
{"level":"warn","message":"Blocked unsupported method POST for /npm/-/npm/v1/security/advisories/bulk","timestamp":"2025-10-16T21:30:59.942Z"}
{"level":"warn","message":"Blocked unsupported method POST for /npm/-/npm/v1/security/audits/quick","timestamp":"2025-10-16T21:31:00.012Z"}
{"level":"info","message":"[MISS] moment@2.30.1. Fetching from upstream.","timestamp":"2025-10-16T21:31:00.082Z"}
{"level":"info","message":"[MISS] color-string@2.1.2. Fetching from upstream.","timestamp":"2025-10-16T21:31:00.086Z"}
{"level":"info","message":"[MISS] color-name@2.0.2. Fetching from upstream.","timestamp":"2025-10-16T21:31:00.088Z"}
{"level":"info","message":"[MISS] text-hex@1.0.0. Fetching from upstream.","timestamp":"2025-10-16T21:31:00.089Z"}
{"level":"info","message":"[MISS] triple-beam@1.3.5. Fetching from upstream.","timestamp":"2025-10-16T21:31:00.090Z"}
{"level":"info","message":"[MISS] color-convert@3.1.2. Fetching from upstream.","timestamp":"2025-10-16T21:31:00.092Z"}
{"level":"info","message":"[MISS] color@5.0.2. Fetching from upstream.","timestamp":"2025-10-16T21:31:00.094Z"}
{"level":"info","message":"[MISS] colorspace@1.1.6. Fetching from upstream.","timestamp":"2025-10-16T21:31:00.095Z"}
{"level":"info","message":"[MISS] fn.name@1.1.0. Fetching from upstream.","timestamp":"2025-10-16T21:31:00.096Z"}
{"level":"info","message":"[MISS] fecha@4.2.3. Fetching from upstream.","timestamp":"2025-10-16T21:31:00.097Z"}
{"level":"info","message":"[MISS] file-stream-rotator@0.6.1. Fetching from upstream.","timestamp":"2025-10-16T21:31:00.099Z"}
{"level":"error","message":"Attempt 1 failed for triple-beam@1.3.5: Could not find shasum for triple-beam@1.3.5 in metadata.","timestamp":"2025-10-16T21:31:00.144Z"}
{"level":"error","message":"Attempt 1 failed for colorspace@1.1.6: Could not find shasum for colorspace@1.1.6 in metadata.","timestamp":"2025-10-16T21:31:00.241Z"}
{"level":"info","message":"[MISS] kuler@2.0.0. Fetching from upstream.","timestamp":"2025-10-16T21:31:00.246Z"}
{"level":"info","message":"[MISS] winston-transport@4.9.0. Fetching from upstream.","timestamp":"2025-10-16T21:31:00.249Z"}
{"level":"info","message":"[MISS] enabled@2.0.0. Fetching from upstream.","timestamp":"2025-10-16T21:31:00.251Z"}
{"level":"info","message":"[MISS] triple-beam@1.4.1. Fetching from upstream.","timestamp":"2025-10-16T21:31:00.259Z"}
{"level":"error","message":"Attempt 2 failed for triple-beam@1.3.5: Could not find shasum for triple-beam@1.3.5 in metadata.","timestamp":"2025-10-16T21:31:00.263Z"}
{"level":"info","message":"[CACHE] Successfully cached text-hex@1.0.0 to C:\\Users\\priya\\OneDrive\\Desktop\\CodeCache-Pro\\cache\\text-hex\\text-hex-1.0.0.tgz","timestamp":"2025-10-16T21:31:00.312Z"}
{"level":"info","message":"[CACHE] Successfully cached color-name@2.0.2 to C:\\Users\\priya\\OneDrive\\Desktop\\CodeCache-Pro\\cache\\color-name\\color-name-2.0.2.tgz","timestamp":"2025-10-16T21:31:00.325Z"}
{"level":"info","message":"[CACHE] Successfully cached color-string@2.1.2 to C:\\Users\\priya\\OneDrive\\Desktop\\CodeCache-Pro\\cache\\color-string\\color-string-2.1.2.tgz","timestamp":"2025-10-16T21:31:00.335Z"}
{"level":"info","message":"[CACHE] Successfully cached fn.name@1.1.0 to C:\\Users\\priya\\OneDrive\\Desktop\\CodeCache-Pro\\cache\\fn.name\\fn.name-1.1.0.tgz","timestamp":"2025-10-16T21:31:00.346Z"}
{"level":"info","message":"[CACHE] Successfully cached fecha@4.2.3 to C:\\Users\\priya\\OneDrive\\Desktop\\CodeCache-Pro\\cache\\fecha\\fecha-4.2.3.tgz","timestamp":"2025-10-16T21:31:00.357Z"}
{"level":"info","message":"[CACHE] Successfully cached color-convert@3.1.2 to C:\\Users\\priya\\OneDrive\\Desktop\\CodeCache-Pro\\cache\\color-convert\\color-convert-3.1.2.tgz","timestamp":"2025-10-16T21:31:00.368Z"}
{"level":"info","message":"[CACHE] Successfully cached color@5.0.2 to C:\\Users\\priya\\OneDrive\\Desktop\\CodeCache-Pro\\cache\\color\\color-5.0.2.tgz","timestamp":"2025-10-16T21:31:00.377Z"}
{"level":"error","message":"Attempt 2 failed for colorspace@1.1.6: Could not find shasum for colorspace@1.1.6 in metadata.","timestamp":"2025-10-16T21:31:00.478Z"}
{"level":"info","message":"[MISS] one-time@1.0.0. Fetching from upstream.","timestamp":"2025-10-16T21:31:00.490Z"}
{"level":"info","message":"[MISS] stack-trace@0.0.10. Fetching from upstream.","timestamp":"2025-10-16T21:31:00.492Z"}
{"level":"info","message":"[MISS] logform@2.7.0. Fetching from upstream.","timestamp":"2025-10-16T21:31:00.544Z"}
{"level":"info","message":"[MISS] safe-stable-stringify@2.5.0. Fetching from upstream.","timestamp":"2025-10-16T21:31:00.547Z"}
{"level":"info","message":"[MISS] diagnostics@2.0.8. Fetching from upstream.","timestamp":"2025-10-16T21:31:00.549Z"}
{"level":"info","message":"[MISS] async@3.2.6. Fetching from upstream.","timestamp":"2025-10-16T21:31:00.551Z"}
{"level":"info","message":"[CACHE] Successfully cached file-stream-rotator@0.6.1 to C:\\Users\\priya\\OneDrive\\Desktop\\CodeCache-Pro\\cache\\file-stream-rotator\\file-stream-rotator-0.6.1.tgz","timestamp":"2025-10-16T21:31:00.562Z"}
{"level":"info","message":"[MISS] colors@1.6.0. Fetching from upstream.","timestamp":"2025-10-16T21:31:00.564Z"}
{"level":"error","message":"Attempt 3 failed for colorspace@1.1.6: Could not find shasum for colorspace@1.1.6 in metadata.","timestamp":"2025-10-16T21:31:00.617Z"}
{"level":"error","message":"[FAIL] Failed to fetch and cache colorspace@1.1.6: Failed to fetch colorspace@1.1.6 after 3 attempts.","stack":"Error: Failed to fetch colorspace@1.1.6 after 3 attempts.\n    at fetchAndCachePackage (C:\\Users\\priya\\OneDrive\\Desktop\\CodeCache-Pro\\backend\\src\\fetchers\\npmFetcher.js:172:23)\n    at process.processTicksAndRejections (node:internal/process/task_queues:105:5)\n    at async handleNpmRequest (C:\\Users\\priya\\OneDrive\\Desktop\\CodeCache-Pro\\backend\\src\\fetchers\\npmFetcher.js:93:21)","timestamp":"2025-10-16T21:31:00.619Z"}
{"level":"error","message":"500 - Failed to fetch colorspace@1.1.6 after 3 attempts. - /npm/@so-ric/colorspace/-/colorspace-1.1.6.tgz - GET - 192.168.137.1","timestamp":"2025-10-16T21:31:00.621Z"}
{"level":"error","message":"Error: Failed to fetch colorspace@1.1.6 after 3 attempts.\n    at fetchAndCachePackage (C:\\Users\\priya\\OneDrive\\Desktop\\CodeCache-Pro\\backend\\src\\fetchers\\npmFetcher.js:172:23)\n    at process.processTicksAndRejections (node:internal/process/task_queues:105:5)\n    at async handleNpmRequest (C:\\Users\\priya\\OneDrive\\Desktop\\CodeCache-Pro\\backend\\src\\fetchers\\npmFetcher.js:93:21)","timestamp":"2025-10-16T21:31:00.622Z"}
{"level":"info","message":"[CACHE] Successfully cached kuler@2.0.0 to C:\\Users\\priya\\OneDrive\\Desktop\\CodeCache-Pro\\cache\\kuler\\kuler-2.0.0.tgz","timestamp":"2025-10-16T21:31:00.643Z"}
{"level":"info","message":"[CACHE] Successfully cached winston-transport@4.9.0 to C:\\Users\\priya\\OneDrive\\Desktop\\CodeCache-Pro\\cache\\winston-transport\\winston-transport-4.9.0.tgz","timestamp":"2025-10-16T21:31:00.654Z"}
{"level":"info","message":"[MISS] is-stream@2.0.1. Fetching from upstream.","timestamp":"2025-10-16T21:31:00.662Z"}
{"level":"info","message":"[CACHE] Successfully cached moment@2.30.1 to C:\\Users\\priya\\OneDrive\\Desktop\\CodeCache-Pro\\cache\\moment\\moment-2.30.1.tgz","timestamp":"2025-10-16T21:31:00.674Z"}
{"level":"error","message":"Attempt 1 failed for diagnostics@2.0.8: Could not find shasum for diagnostics@2.0.8 in metadata.","timestamp":"2025-10-16T21:31:00.690Z"}
{"level":"info","message":"[MISS] unique-slug@2.0.2. Fetching from upstream.","timestamp":"2025-10-16T21:31:00.705Z"}
{"level":"error","message":"Attempt 1 failed for colors@1.6.0: Could not find shasum for colors@1.6.0 in metadata.","timestamp":"2025-10-16T21:31:00.720Z"}
{"level":"info","message":"[MISS] smart-buffer@4.2.0. Fetching from upstream.","timestamp":"2025-10-16T21:31:00.722Z"}
{"level":"info","message":"[MISS] socks@2.8.7. Fetching from upstream.","timestamp":"2025-10-16T21:31:00.726Z"}
{"level":"info","message":"[MISS] ip-address@10.0.1. Fetching from upstream.","timestamp":"2025-10-16T21:31:00.729Z"}
{"level":"error","message":"Attempt 2 failed for diagnostics@2.0.8: Could not find shasum for diagnostics@2.0.8 in metadata.","timestamp":"2025-10-16T21:31:00.780Z"}
{"level":"error","message":"Attempt 3 failed for triple-beam@1.3.5: Could not find shasum for triple-beam@1.3.5 in metadata.","timestamp":"2025-10-16T21:31:00.797Z"}
{"level":"error","message":"[FAIL] Failed to fetch and cache triple-beam@1.3.5: Failed to fetch triple-beam@1.3.5 after 3 attempts.","stack":"Error: Failed to fetch triple-beam@1.3.5 after 3 attempts.\n    at fetchAndCachePackage (C:\\Users\\priya\\OneDrive\\Desktop\\CodeCache-Pro\\backend\\src\\fetchers\\npmFetcher.js:172:23)\n    at process.processTicksAndRejections (node:internal/process/task_queues:105:5)\n    at async handleNpmRequest (C:\\Users\\priya\\OneDrive\\Desktop\\CodeCache-Pro\\backend\\src\\fetchers\\npmFetcher.js:93:21)","timestamp":"2025-10-16T21:31:00.798Z"}
{"level":"error","message":"500 - Failed to fetch triple-beam@1.3.5 after 3 attempts. - /npm/@types/triple-beam/-/triple-beam-1.3.5.tgz - GET - 192.168.137.1","timestamp":"2025-10-16T21:31:00.799Z"}
{"level":"error","message":"Error: Failed to fetch triple-beam@1.3.5 after 3 attempts.\n    at fetchAndCachePackage (C:\\Users\\priya\\OneDrive\\Desktop\\CodeCache-Pro\\backend\\src\\fetchers\\npmFetcher.js:172:23)\n    at process.processTicksAndRejections (node:internal/process/task_queues:105:5)\n    at async handleNpmRequest (C:\\Users\\priya\\OneDrive\\Desktop\\CodeCache-Pro\\backend\\src\\fetchers\\npmFetcher.js:93:21)","timestamp":"2025-10-16T21:31:00.800Z"}
{"level":"info","message":"[CACHE] Successfully cached safe-stable-stringify@2.5.0 to C:\\Users\\priya\\OneDrive\\Desktop\\CodeCache-Pro\\cache\\safe-stable-stringify\\safe-stable-stringify-2.5.0.tgz","timestamp":"2025-10-16T21:31:00.804Z"}
{"level":"error","message":"Attempt 2 failed for colors@1.6.0: Could not find shasum for colors@1.6.0 in metadata.","timestamp":"2025-10-16T21:31:00.808Z"}
{"level":"info","message":"[CACHE] Successfully cached logform@2.7.0 to C:\\Users\\priya\\OneDrive\\Desktop\\CodeCache-Pro\\cache\\logform\\logform-2.7.0.tgz","timestamp":"2025-10-16T21:31:00.815Z"}
{"level":"info","message":"[CACHE] Successfully cached stack-trace@0.0.10 to C:\\Users\\priya\\OneDrive\\Desktop\\CodeCache-Pro\\cache\\stack-trace\\stack-trace-0.0.10.tgz","timestamp":"2025-10-16T21:31:00.826Z"}
{"level":"info","message":"[CACHE] Successfully cached one-time@1.0.0 to C:\\Users\\priya\\OneDrive\\Desktop\\CodeCache-Pro\\cache\\one-time\\one-time-1.0.0.tgz","timestamp":"2025-10-16T21:31:00.836Z"}
{"level":"info","message":"[MISS] err-code@2.0.3. Fetching from upstream.","timestamp":"2025-10-16T21:31:00.839Z"}
{"level":"info","message":"[MISS] aggregate-error@3.1.0. Fetching from upstream.","timestamp":"2025-10-16T21:31:00.841Z"}
{"level":"info","message":"[MISS] clean-stack@2.2.0. Fetching from upstream.","timestamp":"2025-10-16T21:31:00.843Z"}
{"level":"info","message":"[MISS] indent-string@4.0.0. Fetching from upstream.","timestamp":"2025-10-16T21:31:00.872Z"}
{"level":"error","message":"Attempt 3 failed for diagnostics@2.0.8: Could not find shasum for diagnostics@2.0.8 in metadata.","timestamp":"2025-10-16T21:31:00.880Z"}
{"level":"error","message":"[FAIL] Failed to fetch and cache diagnostics@2.0.8: Failed to fetch diagnostics@2.0.8 after 3 attempts.","stack":"Error: Failed to fetch diagnostics@2.0.8 after 3 attempts.\n    at fetchAndCachePackage (C:\\Users\\priya\\OneDrive\\Desktop\\CodeCache-Pro\\backend\\src\\fetchers\\npmFetcher.js:172:23)\n    at process.processTicksAndRejections (node:internal/process/task_queues:105:5)\n    at async handleNpmRequest (C:\\Users\\priya\\OneDrive\\Desktop\\CodeCache-Pro\\backend\\src\\fetchers\\npmFetcher.js:93:21)","timestamp":"2025-10-16T21:31:00.881Z"}
{"level":"error","message":"500 - Failed to fetch diagnostics@2.0.8 after 3 attempts. - /npm/@dabh/diagnostics/-/diagnostics-2.0.8.tgz - GET - 192.168.137.1","timestamp":"2025-10-16T21:31:00.882Z"}
{"level":"error","message":"Error: Failed to fetch diagnostics@2.0.8 after 3 attempts.\n    at fetchAndCachePackage (C:\\Users\\priya\\OneDrive\\Desktop\\CodeCache-Pro\\backend\\src\\fetchers\\npmFetcher.js:172:23)\n    at process.processTicksAndRejections (node:internal/process/task_queues:105:5)\n    at async handleNpmRequest (C:\\Users\\priya\\OneDrive\\Desktop\\CodeCache-Pro\\backend\\src\\fetchers\\npmFetcher.js:93:21)","timestamp":"2025-10-16T21:31:00.883Z"}
{"level":"info","message":"[CACHE] Successfully cached async@3.2.6 to C:\\Users\\priya\\OneDrive\\Desktop\\CodeCache-Pro\\cache\\async\\async-3.2.6.tgz","timestamp":"2025-10-16T21:31:00.887Z"}
{"level":"error","message":"Attempt 3 failed for colors@1.6.0: Could not find shasum for colors@1.6.0 in metadata.","timestamp":"2025-10-16T21:31:00.893Z"}
{"level":"error","message":"[FAIL] Failed to fetch and cache colors@1.6.0: Failed to fetch colors@1.6.0 after 3 attempts.","stack":"Error: Failed to fetch colors@1.6.0 after 3 attempts.\n    at fetchAndCachePackage (C:\\Users\\priya\\OneDrive\\Desktop\\CodeCache-Pro\\backend\\src\\fetchers\\npmFetcher.js:172:23)\n    at process.processTicksAndRejections (node:internal/process/task_queues:105:5)\n    at async handleNpmRequest (C:\\Users\\priya\\OneDrive\\Desktop\\CodeCache-Pro\\backend\\src\\fetchers\\npmFetcher.js:93:21)","timestamp":"2025-10-16T21:31:00.894Z"}
{"level":"error","message":"500 - Failed to fetch colors@1.6.0 after 3 attempts. - /npm/@colors/colors/-/colors-1.6.0.tgz - GET - 192.168.137.1","timestamp":"2025-10-16T21:31:00.895Z"}
{"level":"error","message":"Error: Failed to fetch colors@1.6.0 after 3 attempts.\n    at fetchAndCachePackage (C:\\Users\\priya\\OneDrive\\Desktop\\CodeCache-Pro\\backend\\src\\fetchers\\npmFetcher.js:172:23)\n    at process.processTicksAndRejections (node:internal/process/task_queues:105:5)\n    at async handleNpmRequest (C:\\Users\\priya\\OneDrive\\Desktop\\CodeCache-Pro\\backend\\src\\fetchers\\npmFetcher.js:93:21)","timestamp":"2025-10-16T21:31:00.896Z"}
{"level":"info","message":"[CACHE] Successfully cached is-stream@2.0.1 to C:\\Users\\priya\\OneDrive\\Desktop\\CodeCache-Pro\\cache\\is-stream\\is-stream-2.0.1.tgz","timestamp":"2025-10-16T21:31:00.900Z"}
{"level":"info","message":"[CACHE] Successfully cached triple-beam@1.4.1 to C:\\Users\\priya\\OneDrive\\Desktop\\CodeCache-Pro\\cache\\triple-beam\\triple-beam-1.4.1.tgz","timestamp":"2025-10-16T21:31:00.912Z"}
{"level":"info","message":"[CACHE] Successfully cached smart-buffer@4.2.0 to C:\\Users\\priya\\OneDrive\\Desktop\\CodeCache-Pro\\cache\\smart-buffer\\smart-buffer-4.2.0.tgz","timestamp":"2025-10-16T21:31:00.929Z"}
{"level":"info","message":"[MISS] wide-align@1.1.5. Fetching from upstream.","timestamp":"2025-10-16T21:31:00.932Z"}
{"level":"info","message":"[MISS] has-unicode@2.0.1. Fetching from upstream.","timestamp":"2025-10-16T21:31:00.934Z"}
{"level":"info","message":"[MISS] aproba@2.1.0. Fetching from upstream.","timestamp":"2025-10-16T21:31:00.936Z"}
{"level":"info","message":"[MISS] color-support@1.1.3. Fetching from upstream.","timestamp":"2025-10-16T21:31:00.938Z"}
{"level":"info","message":"[MISS] delegates@1.0.0. Fetching from upstream.","timestamp":"2025-10-16T21:31:00.939Z"}
{"level":"info","message":"[CACHE] Successfully cached unique-slug@2.0.2 to C:\\Users\\priya\\OneDrive\\Desktop\\CodeCache-Pro\\cache\\unique-slug\\unique-slug-2.0.2.tgz","timestamp":"2025-10-16T21:31:00.950Z"}
{"level":"info","message":"[CACHE] Successfully cached socks@2.8.7 to C:\\Users\\priya\\OneDrive\\Desktop\\CodeCache-Pro\\cache\\socks\\socks-2.8.7.tgz","timestamp":"2025-10-16T21:31:00.961Z"}
{"level":"info","message":"[MISS] gauge@4.0.4. Fetching from upstream.","timestamp":"2025-10-16T21:31:00.964Z"}
{"level":"info","message":"[MISS] set-blocking@2.0.0. Fetching from upstream.","timestamp":"2025-10-16T21:31:01.016Z"}
{"level":"info","message":"[MISS] console-control-strings@1.1.0. Fetching from upstream.","timestamp":"2025-10-16T21:31:01.023Z"}
{"level":"info","message":"[MISS] are-we-there-yet@3.0.1. Fetching from upstream.","timestamp":"2025-10-16T21:31:01.043Z"}
{"level":"info","message":"[CACHE] Successfully cached err-code@2.0.3 to C:\\Users\\priya\\OneDrive\\Desktop\\CodeCache-Pro\\cache\\err-code\\err-code-2.0.3.tgz","timestamp":"2025-10-16T21:31:01.056Z"}
{"level":"info","message":"[CACHE] Successfully cached indent-string@4.0.0 to C:\\Users\\priya\\OneDrive\\Desktop\\CodeCache-Pro\\cache\\indent-string\\indent-string-4.0.0.tgz","timestamp":"2025-10-16T21:31:01.067Z"}
{"level":"info","message":"[CACHE] Successfully cached aggregate-error@3.1.0 to C:\\Users\\priya\\OneDrive\\Desktop\\CodeCache-Pro\\cache\\aggregate-error\\aggregate-error-3.1.0.tgz","timestamp":"2025-10-16T21:31:01.076Z"}
{"level":"info","message":"[CACHE] Successfully cached clean-stack@2.2.0 to C:\\Users\\priya\\OneDrive\\Desktop\\CodeCache-Pro\\cache\\clean-stack\\clean-stack-2.2.0.tgz","timestamp":"2025-10-16T21:31:01.087Z"}
{"level":"info","message":"[CACHE] Successfully cached ip-address@10.0.1 to C:\\Users\\priya\\OneDrive\\Desktop\\CodeCache-Pro\\cache\\ip-address\\ip-address-10.0.1.tgz","timestamp":"2025-10-16T21:31:01.105Z"}
{"level":"info","message":"[CACHE] Successfully cached color-support@1.1.3 to C:\\Users\\priya\\OneDrive\\Desktop\\CodeCache-Pro\\cache\\color-support\\color-support-1.1.3.tgz","timestamp":"2025-10-16T21:31:01.121Z"}
{"level":"info","message":"[CACHE] Successfully cached aproba@2.1.0 to C:\\Users\\priya\\OneDrive\\Desktop\\CodeCache-Pro\\cache\\aproba\\aproba-2.1.0.tgz","timestamp":"2025-10-16T21:31:01.131Z"}
{"level":"info","message":"[CACHE] Successfully cached has-unicode@2.0.1 to C:\\Users\\priya\\OneDrive\\Desktop\\CodeCache-Pro\\cache\\has-unicode\\has-unicode-2.0.1.tgz","timestamp":"2025-10-16T21:31:01.143Z"}
{"level":"info","message":"[CACHE] Successfully cached wide-align@1.1.5 to C:\\Users\\priya\\OneDrive\\Desktop\\CodeCache-Pro\\cache\\wide-align\\wide-align-1.1.5.tgz","timestamp":"2025-10-16T21:31:01.161Z"}
{"level":"info","message":"[CACHE] Successfully cached enabled@2.0.0 to C:\\Users\\priya\\OneDrive\\Desktop\\CodeCache-Pro\\cache\\enabled\\enabled-2.0.0.tgz","timestamp":"2025-10-16T21:31:01.172Z"}
{"level":"info","message":"[CACHE] Successfully cached delegates@1.0.0 to C:\\Users\\priya\\OneDrive\\Desktop\\CodeCache-Pro\\cache\\delegates\\delegates-1.0.0.tgz","timestamp":"2025-10-16T21:31:01.183Z"}
{"level":"info","message":"[CACHE] Successfully cached gauge@4.0.4 to C:\\Users\\priya\\OneDrive\\Desktop\\CodeCache-Pro\\cache\\gauge\\gauge-4.0.4.tgz","timestamp":"2025-10-16T21:31:01.193Z"}
{"level":"info","message":"[MISS] abbrev@1.1.1. Fetching from upstream.","timestamp":"2025-10-16T21:31:01.196Z"}
{"level":"info","message":"[MISS] yallist@4.0.0. Fetching from upstream.","timestamp":"2025-10-16T21:31:01.198Z"}
{"level":"info","message":"[MISS] once@1.1.2. Fetching from upstream.","timestamp":"2025-10-16T21:31:01.201Z"}
{"level":"info","message":"[MISS] minizlib@2.1.2. Fetching from upstream.","timestamp":"2025-10-16T21:31:01.202Z"}
{"level":"info","message":"[CACHE] Successfully cached set-blocking@2.0.0 to C:\\Users\\priya\\OneDrive\\Desktop\\CodeCache-Pro\\cache\\set-blocking\\set-blocking-2.0.0.tgz","timestamp":"2025-10-16T21:31:01.213Z"}
{"level":"info","message":"[CACHE] Successfully cached console-control-strings@1.1.0 to C:\\Users\\priya\\OneDrive\\Desktop\\CodeCache-Pro\\cache\\console-control-strings\\console-control-strings-1.1.0.tgz","timestamp":"2025-10-16T21:31:01.223Z"}
{"level":"info","message":"[MISS] encoding@0.1.13. Fetching from upstream.","timestamp":"2025-10-16T21:31:01.225Z"}
{"level":"info","message":"[MISS] minipass-sized@1.0.3. Fetching from upstream.","timestamp":"2025-10-16T21:31:01.228Z"}
{"level":"info","message":"[CACHE] Successfully cached are-we-there-yet@3.0.1 to C:\\Users\\priya\\OneDrive\\Desktop\\CodeCache-Pro\\cache\\are-we-there-yet\\are-we-there-yet-3.0.1.tgz","timestamp":"2025-10-16T21:31:01.241Z"}
{"level":"info","message":"[MISS] agent-base@6.0.2. Fetching from upstream.","timestamp":"2025-10-16T21:31:01.244Z"}
{"level":"info","message":"[MISS] p-map@4.0.0. Fetching from upstream.","timestamp":"2025-10-16T21:31:01.246Z"}
{"level":"error","message":"Attempt 1 failed for once@1.1.2: Could not find shasum for once@1.1.2 in metadata.","timestamp":"2025-10-16T21:31:01.249Z"}
{"level":"info","message":"[MISS] promisify@1.1.3. Fetching from upstream.","timestamp":"2025-10-16T21:31:01.251Z"}
{"level":"info","message":"[MISS] promise-inflight@1.0.1. Fetching from upstream.","timestamp":"2025-10-16T21:31:01.254Z"}
{"level":"info","message":"[MISS] infer-owner@1.0.4. Fetching from upstream.","timestamp":"2025-10-16T21:31:01.256Z"}
{"level":"error","message":"Attempt 2 failed for once@1.1.2: Could not find shasum for once@1.1.2 in metadata.","timestamp":"2025-10-16T21:31:01.287Z"}
{"level":"info","message":"[MISS] unique-filename@1.1.1. Fetching from upstream.","timestamp":"2025-10-16T21:31:01.307Z"}
{"level":"info","message":"[MISS] move-file@1.1.2. Fetching from upstream.","timestamp":"2025-10-16T21:31:01.310Z"}
{"level":"info","message":"[MISS] chownr@2.0.0. Fetching from upstream.","timestamp":"2025-10-16T21:31:01.329Z"}
{"level":"error","message":"Attempt 3 failed for once@1.1.2: Could not find shasum for once@1.1.2 in metadata.","timestamp":"2025-10-16T21:31:01.344Z"}
{"level":"error","message":"[FAIL] Failed to fetch and cache once@1.1.2: Failed to fetch once@1.1.2 after 3 attempts.","stack":"Error: Failed to fetch once@1.1.2 after 3 attempts.\n    at fetchAndCachePackage (C:\\Users\\priya\\OneDrive\\Desktop\\CodeCache-Pro\\backend\\src\\fetchers\\npmFetcher.js:172:23)\n    at process.processTicksAndRejections (node:internal/process/task_queues:105:5)\n    at async handleNpmRequest (C:\\Users\\priya\\OneDrive\\Desktop\\CodeCache-Pro\\backend\\src\\fetchers\\npmFetcher.js:93:21)","timestamp":"2025-10-16T21:31:01.346Z"}
{"level":"error","message":"500 - Failed to fetch once@1.1.2 after 3 attempts. - /npm/@tootallnate/once/-/once-1.1.2.tgz - GET - 192.168.137.1","timestamp":"2025-10-16T21:31:01.347Z"}
{"level":"error","message":"Error: Failed to fetch once@1.1.2 after 3 attempts.\n    at fetchAndCachePackage (C:\\Users\\priya\\OneDrive\\Desktop\\CodeCache-Pro\\backend\\src\\fetchers\\npmFetcher.js:172:23)\n    at process.processTicksAndRejections (node:internal/process/task_queues:105:5)\n    at async handleNpmRequest (C:\\Users\\priya\\OneDrive\\Desktop\\CodeCache-Pro\\backend\\src\\fetchers\\npmFetcher.js:93:21)","timestamp":"2025-10-16T21:31:01.348Z"}
{"level":"info","message":"[MISS] fs-minipass@2.1.0. Fetching from upstream.","timestamp":"2025-10-16T21:31:01.378Z"}
{"level":"info","message":"[CACHE] Successfully cached abbrev@1.1.1 to C:\\Users\\priya\\OneDrive\\Desktop\\CodeCache-Pro\\cache\\abbrev\\abbrev-1.1.1.tgz","timestamp":"2025-10-16T21:31:01.390Z"}
{"level":"info","message":"[CACHE] Successfully cached agent-base@6.0.2 to C:\\Users\\priya\\OneDrive\\Desktop\\CodeCache-Pro\\cache\\agent-base\\agent-base-6.0.2.tgz","timestamp":"2025-10-16T21:31:01.421Z"}
{"level":"info","message":"[CACHE] Successfully cached minizlib@2.1.2 to C:\\Users\\priya\\OneDrive\\Desktop\\CodeCache-Pro\\cache\\minizlib\\minizlib-2.1.2.tgz","timestamp":"2025-10-16T21:31:01.431Z"}
{"level":"info","message":"[CACHE] Successfully cached yallist@4.0.0 to C:\\Users\\priya\\OneDrive\\Desktop\\CodeCache-Pro\\cache\\yallist\\yallist-4.0.0.tgz","timestamp":"2025-10-16T21:31:01.446Z"}
{"level":"info","message":"[CACHE] Successfully cached minipass-sized@1.0.3 to C:\\Users\\priya\\OneDrive\\Desktop\\CodeCache-Pro\\cache\\minipass-sized\\minipass-sized-1.0.3.tgz","timestamp":"2025-10-16T21:31:01.456Z"}
{"level":"info","message":"[CACHE] Successfully cached encoding@0.1.13 to C:\\Users\\priya\\OneDrive\\Desktop\\CodeCache-Pro\\cache\\encoding\\encoding-0.1.13.tgz","timestamp":"2025-10-16T21:31:01.468Z"}
{"level":"info","message":"[CACHE] Successfully cached p-map@4.0.0 to C:\\Users\\priya\\OneDrive\\Desktop\\CodeCache-Pro\\cache\\p-map\\p-map-4.0.0.tgz","timestamp":"2025-10-16T21:31:01.478Z"}
{"level":"info","message":"[MISS] fs@1.1.1. Fetching from upstream.","timestamp":"2025-10-16T21:31:01.488Z"}
{"level":"info","message":"[CACHE] Successfully cached promise-inflight@1.0.1 to C:\\Users\\priya\\OneDrive\\Desktop\\CodeCache-Pro\\cache\\promise-inflight\\promise-inflight-1.0.1.tgz","timestamp":"2025-10-16T21:31:01.507Z"}
{"level":"info","message":"[CACHE] Successfully cached infer-owner@1.0.4 to C:\\Users\\priya\\OneDrive\\Desktop\\CodeCache-Pro\\cache\\infer-owner\\infer-owner-1.0.4.tgz","timestamp":"2025-10-16T21:31:01.517Z"}
{"level":"info","message":"[CACHE] Successfully cached unique-filename@1.1.1 to C:\\Users\\priya\\OneDrive\\Desktop\\CodeCache-Pro\\cache\\unique-filename\\unique-filename-1.1.1.tgz","timestamp":"2025-10-16T21:31:01.527Z"}
{"level":"info","message":"[MISS] humanize-ms@1.2.1. Fetching from upstream.","timestamp":"2025-10-16T21:31:01.529Z"}
{"level":"info","message":"[MISS] promise-retry@2.0.1. Fetching from upstream.","timestamp":"2025-10-16T21:31:01.531Z"}
{"level":"info","message":"[MISS] minipass-flush@1.0.5. Fetching from upstream.","timestamp":"2025-10-16T21:31:01.534Z"}
{"level":"info","message":"[MISS] socks-proxy-agent@6.2.1. Fetching from upstream.","timestamp":"2025-10-16T21:31:01.536Z"}
{"level":"info","message":"[MISS] ssri@8.0.1. Fetching from upstream.","timestamp":"2025-10-16T21:31:01.539Z"}
{"level":"info","message":"[MISS] minipass-pipeline@1.2.4. Fetching from upstream.","timestamp":"2025-10-16T21:31:01.541Z"}
{"level":"info","message":"[MISS] is-lambda@1.0.1. Fetching from upstream.","timestamp":"2025-10-16T21:31:01.568Z"}
{"level":"info","message":"[MISS] minipass-collect@1.0.2. Fetching from upstream.","timestamp":"2025-10-16T21:31:01.571Z"}
{"level":"info","message":"[CACHE] Successfully cached chownr@2.0.0 to C:\\Users\\priya\\OneDrive\\Desktop\\CodeCache-Pro\\cache\\chownr\\chownr-2.0.0.tgz","timestamp":"2025-10-16T21:31:01.593Z"}
{"level":"info","message":"[MISS] minipass-fetch@1.4.1. Fetching from upstream.","timestamp":"2025-10-16T21:31:01.602Z"}
{"level":"info","message":"[MISS] https-proxy-agent@5.0.1. Fetching from upstream.","timestamp":"2025-10-16T21:31:01.621Z"}
{"level":"info","message":"[MISS] http-proxy-agent@4.0.1. Fetching from upstream.","timestamp":"2025-10-16T21:31:01.702Z"}
{"level":"info","message":"[CACHE] Successfully cached fs-minipass@2.1.0 to C:\\Users\\priya\\OneDrive\\Desktop\\CodeCache-Pro\\cache\\fs-minipass\\fs-minipass-2.1.0.tgz","timestamp":"2025-10-16T21:31:01.712Z"}
{"level":"info","message":"[CACHE] Successfully cached humanize-ms@1.2.1 to C:\\Users\\priya\\OneDrive\\Desktop\\CodeCache-Pro\\cache\\humanize-ms\\humanize-ms-1.2.1.tgz","timestamp":"2025-10-16T21:31:01.742Z"}
{"level":"info","message":"[CACHE] Successfully cached promise-retry@2.0.1 to C:\\Users\\priya\\OneDrive\\Desktop\\CodeCache-Pro\\cache\\promise-retry\\promise-retry-2.0.1.tgz","timestamp":"2025-10-16T21:31:01.751Z"}
{"level":"info","message":"[CACHE] Successfully cached minipass-flush@1.0.5 to C:\\Users\\priya\\OneDrive\\Desktop\\CodeCache-Pro\\cache\\minipass-flush\\minipass-flush-1.0.5.tgz","timestamp":"2025-10-16T21:31:01.763Z"}
{"level":"info","message":"[CACHE] Successfully cached socks-proxy-agent@6.2.1 to C:\\Users\\priya\\OneDrive\\Desktop\\CodeCache-Pro\\cache\\socks-proxy-agent\\socks-proxy-agent-6.2.1.tgz","timestamp":"2025-10-16T21:31:01.772Z"}
{"level":"info","message":"[CACHE] Successfully cached minipass-pipeline@1.2.4 to C:\\Users\\priya\\OneDrive\\Desktop\\CodeCache-Pro\\cache\\minipass-pipeline\\minipass-pipeline-1.2.4.tgz","timestamp":"2025-10-16T21:31:01.781Z"}
{"level":"info","message":"[CACHE] Successfully cached minipass-collect@1.0.2 to C:\\Users\\priya\\OneDrive\\Desktop\\CodeCache-Pro\\cache\\minipass-collect\\minipass-collect-1.0.2.tgz","timestamp":"2025-10-16T21:31:01.799Z"}
{"level":"info","message":"[CACHE] Successfully cached is-lambda@1.0.1 to C:\\Users\\priya\\OneDrive\\Desktop\\CodeCache-Pro\\cache\\is-lambda\\is-lambda-1.0.1.tgz","timestamp":"2025-10-16T21:31:01.808Z"}
{"level":"info","message":"[MISS] cacache@15.3.0. Fetching from upstream.","timestamp":"2025-10-16T21:31:01.811Z"}
{"level":"info","message":"[CACHE] Successfully cached ssri@8.0.1 to C:\\Users\\priya\\OneDrive\\Desktop\\CodeCache-Pro\\cache\\ssri\\ssri-8.0.1.tgz","timestamp":"2025-10-16T21:31:01.821Z"}
{"level":"info","message":"[CACHE] Successfully cached minipass-fetch@1.4.1 to C:\\Users\\priya\\OneDrive\\Desktop\\CodeCache-Pro\\cache\\minipass-fetch\\minipass-fetch-1.4.1.tgz","timestamp":"2025-10-16T21:31:01.830Z"}
{"level":"info","message":"[MISS] agentkeepalive@4.6.0. Fetching from upstream.","timestamp":"2025-10-16T21:31:01.832Z"}
{"level":"info","message":"[MISS] npmlog@6.0.2. Fetching from upstream.","timestamp":"2025-10-16T21:31:01.835Z"}
{"level":"info","message":"[CACHE] Successfully cached https-proxy-agent@5.0.1 to C:\\Users\\priya\\OneDrive\\Desktop\\CodeCache-Pro\\cache\\https-proxy-agent\\https-proxy-agent-5.0.1.tgz","timestamp":"2025-10-16T21:31:01.843Z"}
{"level":"info","message":"[MISS] http-cache-semantics@4.2.0. Fetching from upstream.","timestamp":"2025-10-16T21:31:01.846Z"}
{"level":"info","message":"[MISS] nopt@5.0.0. Fetching from upstream.","timestamp":"2025-10-16T21:31:01.848Z"}
{"level":"info","message":"[MISS] make-fetch-happen@9.1.0. Fetching from upstream.","timestamp":"2025-10-16T21:31:01.850Z"}
{"level":"info","message":"[CACHE] Successfully cached http-proxy-agent@4.0.1 to C:\\Users\\priya\\OneDrive\\Desktop\\CodeCache-Pro\\cache\\http-proxy-agent\\http-proxy-agent-4.0.1.tgz","timestamp":"2025-10-16T21:31:01.859Z"}
{"level":"info","message":"[MISS] env-paths@2.2.1. Fetching from upstream.","timestamp":"2025-10-16T21:31:01.862Z"}
{"level":"info","message":"[MISS] tar@6.2.1. Fetching from upstream.","timestamp":"2025-10-16T21:31:01.878Z"}
{"level":"info","message":"[MISS] node-gyp@8.4.1. Fetching from upstream.","timestamp":"2025-10-16T21:31:01.880Z"}
{"level":"info","message":"[MISS] signal-exit@3.0.7. Fetching from upstream.","timestamp":"2025-10-16T21:31:01.895Z"}
{"level":"info","message":"[MISS] retry@0.12.0. Fetching from upstream.","timestamp":"2025-10-16T21:31:01.926Z"}
{"level":"info","message":"[MISS] node-domexception@1.0.0. Fetching from upstream.","timestamp":"2025-10-16T21:31:01.928Z"}
{"level":"info","message":"[CACHE] Successfully cached cacache@15.3.0 to C:\\Users\\priya\\OneDrive\\Desktop\\CodeCache-Pro\\cache\\cacache\\cacache-15.3.0.tgz","timestamp":"2025-10-16T21:31:01.986Z"}
{"level":"info","message":"[MISS] formdata-polyfill@4.0.10. Fetching from upstream.","timestamp":"2025-10-16T21:31:02.021Z"}
{"level":"info","message":"[CACHE] Successfully cached env-paths@2.2.1 to C:\\Users\\priya\\OneDrive\\Desktop\\CodeCache-Pro\\cache\\env-paths\\env-paths-2.2.1.tgz","timestamp":"2025-10-16T21:31:02.071Z"}
{"level":"info","message":"[CACHE] Successfully cached agentkeepalive@4.6.0 to C:\\Users\\priya\\OneDrive\\Desktop\\CodeCache-Pro\\cache\\agentkeepalive\\agentkeepalive-4.6.0.tgz","timestamp":"2025-10-16T21:31:02.082Z"}
{"level":"info","message":"[CACHE] Successfully cached nopt@5.0.0 to C:\\Users\\priya\\OneDrive\\Desktop\\CodeCache-Pro\\cache\\nopt\\nopt-5.0.0.tgz","timestamp":"2025-10-16T21:31:02.092Z"}
{"level":"info","message":"[CACHE] Successfully cached make-fetch-happen@9.1.0 to C:\\Users\\priya\\OneDrive\\Desktop\\CodeCache-Pro\\cache\\make-fetch-happen\\make-fetch-happen-9.1.0.tgz","timestamp":"2025-10-16T21:31:02.101Z"}
{"level":"info","message":"[CACHE] Successfully cached signal-exit@3.0.7 to C:\\Users\\priya\\OneDrive\\Desktop\\CodeCache-Pro\\cache\\signal-exit\\signal-exit-3.0.7.tgz","timestamp":"2025-10-16T21:31:02.109Z"}
{"level":"info","message":"[CACHE] Successfully cached npmlog@6.0.2 to C:\\Users\\priya\\OneDrive\\Desktop\\CodeCache-Pro\\cache\\npmlog\\npmlog-6.0.2.tgz","timestamp":"2025-10-16T21:31:02.119Z"}
{"level":"info","message":"[CACHE] Successfully cached http-cache-semantics@4.2.0 to C:\\Users\\priya\\OneDrive\\Desktop\\CodeCache-Pro\\cache\\http-cache-semantics\\http-cache-semantics-4.2.0.tgz","timestamp":"2025-10-16T21:31:02.127Z"}
{"level":"info","message":"[MISS] fetch-blob@3.2.0. Fetching from upstream.","timestamp":"2025-10-16T21:31:02.139Z"}
{"level":"info","message":"[MISS] basic-auth@2.0.1. Fetching from upstream.","timestamp":"2025-10-16T21:31:02.141Z"}
{"level":"info","message":"[MISS] on-headers@1.1.0. Fetching from upstream.","timestamp":"2025-10-16T21:31:02.144Z"}
{"level":"error","message":"Attempt 1 failed for promisify@1.1.3: Could not find shasum for promisify@1.1.3 in metadata.","timestamp":"2025-10-16T21:31:02.147Z"}
{"level":"info","message":"[CACHE] Successfully cached node-domexception@1.0.0 to C:\\Users\\priya\\OneDrive\\Desktop\\CodeCache-Pro\\cache\\node-domexception\\node-domexception-1.0.0.tgz","timestamp":"2025-10-16T21:31:02.186Z"}
{"level":"info","message":"[CACHE] Successfully cached tar@6.2.1 to C:\\Users\\priya\\OneDrive\\Desktop\\CodeCache-Pro\\cache\\tar\\tar-6.2.1.tgz","timestamp":"2025-10-16T21:31:02.196Z"}
{"level":"info","message":"[MISS] web-streams-polyfill@3.3.3. Fetching from upstream.","timestamp":"2025-10-16T21:31:02.199Z"}
{"level":"info","message":"[MISS] proxy-from-env@1.1.0. Fetching from upstream.","timestamp":"2025-10-16T21:31:02.202Z"}
{"level":"info","message":"[MISS] data-uri-to-buffer@4.0.1. Fetching from upstream.","timestamp":"2025-10-16T21:31:02.204Z"}
{"level":"info","message":"[CACHE] Successfully cached retry@0.12.0 to C:\\Users\\priya\\OneDrive\\Desktop\\CodeCache-Pro\\cache\\retry\\retry-0.12.0.tgz","timestamp":"2025-10-16T21:31:02.215Z"}
{"level":"error","message":"Attempt 2 failed for promisify@1.1.3: Could not find shasum for promisify@1.1.3 in metadata.","timestamp":"2025-10-16T21:31:02.227Z"}
{"level":"info","message":"[MISS] winston@3.18.3. Fetching from upstream.","timestamp":"2025-10-16T21:31:02.244Z"}
{"level":"error","message":"Attempt 1 failed for move-file@1.1.2: Could not find shasum for move-file@1.1.2 in metadata.","timestamp":"2025-10-16T21:31:02.257Z"}
{"level":"info","message":"[MISS] follow-redirects@1.15.11. Fetching from upstream.","timestamp":"2025-10-16T21:31:02.260Z"}
{"level":"info","message":"[MISS] winston-daily-rotate-file@5.0.0. Fetching from upstream.","timestamp":"2025-10-16T21:31:02.270Z"}
{"level":"info","message":"[CACHE] Successfully cached formdata-polyfill@4.0.10 to C:\\Users\\priya\\OneDrive\\Desktop\\CodeCache-Pro\\cache\\formdata-polyfill\\formdata-polyfill-4.0.10.tgz","timestamp":"2025-10-16T21:31:02.281Z"}
{"level":"info","message":"[MISS] rimraf@5.0.10. Fetching from upstream.","timestamp":"2025-10-16T21:31:02.305Z"}
{"level":"info","message":"[MISS] node-fetch@3.3.2. Fetching from upstream.","timestamp":"2025-10-16T21:31:02.308Z"}
{"level":"error","message":"Attempt 3 failed for promisify@1.1.3: Could not find shasum for promisify@1.1.3 in metadata.","timestamp":"2025-10-16T21:31:02.336Z"}
{"level":"error","message":"[FAIL] Failed to fetch and cache promisify@1.1.3: Failed to fetch promisify@1.1.3 after 3 attempts.","stack":"Error: Failed to fetch promisify@1.1.3 after 3 attempts.\n    at fetchAndCachePackage (C:\\Users\\priya\\OneDrive\\Desktop\\CodeCache-Pro\\backend\\src\\fetchers\\npmFetcher.js:172:23)\n    at process.processTicksAndRejections (node:internal/process/task_queues:105:5)\n    at async handleNpmRequest (C:\\Users\\priya\\OneDrive\\Desktop\\CodeCache-Pro\\backend\\src\\fetchers\\npmFetcher.js:93:21)","timestamp":"2025-10-16T21:31:02.338Z"}
{"level":"error","message":"500 - Failed to fetch promisify@1.1.3 after 3 attempts. - /npm/@gar/promisify/-/promisify-1.1.3.tgz - GET - 192.168.137.1","timestamp":"2025-10-16T21:31:02.338Z"}
{"level":"error","message":"Error: Failed to fetch promisify@1.1.3 after 3 attempts.\n    at fetchAndCachePackage (C:\\Users\\priya\\OneDrive\\Desktop\\CodeCache-Pro\\backend\\src\\fetchers\\npmFetcher.js:172:23)\n    at process.processTicksAndRejections (node:internal/process/task_queues:105:5)\n    at async handleNpmRequest (C:\\Users\\priya\\OneDrive\\Desktop\\CodeCache-Pro\\backend\\src\\fetchers\\npmFetcher.js:93:21)","timestamp":"2025-10-16T21:31:02.339Z"}
{"level":"info","message":"[CACHE] Successfully cached basic-auth@2.0.1 to C:\\Users\\priya\\OneDrive\\Desktop\\CodeCache-Pro\\cache\\basic-auth\\basic-auth-2.0.1.tgz","timestamp":"2025-10-16T21:31:02.342Z"}
{"level":"info","message":"[CACHE] Successfully cached fetch-blob@3.2.0 to C:\\Users\\priya\\OneDrive\\Desktop\\CodeCache-Pro\\cache\\fetch-blob\\fetch-blob-3.2.0.tgz","timestamp":"2025-10-16T21:31:02.354Z"}
{"level":"info","message":"[CACHE] Successfully cached on-headers@1.1.0 to C:\\Users\\priya\\OneDrive\\Desktop\\CodeCache-Pro\\cache\\on-headers\\on-headers-1.1.0.tgz","timestamp":"2025-10-16T21:31:02.363Z"}
{"level":"error","message":"Attempt 2 failed for move-file@1.1.2: Could not find shasum for move-file@1.1.2 in metadata.","timestamp":"2025-10-16T21:31:02.372Z"}
{"level":"error","message":"Attempt 1 failed for fs@1.1.1: Could not find shasum for fs@1.1.1 in metadata.","timestamp":"2025-10-16T21:31:02.508Z"}
{"level":"info","message":"[CACHE] Successfully cached proxy-from-env@1.1.0 to C:\\Users\\priya\\OneDrive\\Desktop\\CodeCache-Pro\\cache\\proxy-from-env\\proxy-from-env-1.1.0.tgz","timestamp":"2025-10-16T21:31:02.513Z"}
{"level":"info","message":"[MISS] mkdirp@3.0.1. Fetching from upstream.","timestamp":"2025-10-16T21:31:02.516Z"}
{"level":"info","message":"[MISS] proper-lockfile@4.1.2. Fetching from upstream.","timestamp":"2025-10-16T21:31:02.518Z"}
{"level":"info","message":"[MISS] sqlite3@5.1.7. Fetching from upstream.","timestamp":"2025-10-16T21:31:02.520Z"}
{"level":"info","message":"[MISS] morgan@1.10.1. Fetching from upstream.","timestamp":"2025-10-16T21:31:02.522Z"}
{"level":"error","message":"Attempt 3 failed for move-file@1.1.2: Could not find shasum for move-file@1.1.2 in metadata.","timestamp":"2025-10-16T21:31:02.540Z"}
{"level":"error","message":"[FAIL] Failed to fetch and cache move-file@1.1.2: Failed to fetch move-file@1.1.2 after 3 attempts.","stack":"Error: Failed to fetch move-file@1.1.2 after 3 attempts.\n    at fetchAndCachePackage (C:\\Users\\priya\\OneDrive\\Desktop\\CodeCache-Pro\\backend\\src\\fetchers\\npmFetcher.js:172:23)\n    at process.processTicksAndRejections (node:internal/process/task_queues:105:5)\n    at async handleNpmRequest (C:\\Users\\priya\\OneDrive\\Desktop\\CodeCache-Pro\\backend\\src\\fetchers\\npmFetcher.js:93:21)","timestamp":"2025-10-16T21:31:02.542Z"}
{"level":"error","message":"500 - Failed to fetch move-file@1.1.2 after 3 attempts. - /npm/@npmcli/move-file/-/move-file-1.1.2.tgz - GET - 192.168.137.1","timestamp":"2025-10-16T21:31:02.543Z"}
{"level":"error","message":"Error: Failed to fetch move-file@1.1.2 after 3 attempts.\n    at fetchAndCachePackage (C:\\Users\\priya\\OneDrive\\Desktop\\CodeCache-Pro\\backend\\src\\fetchers\\npmFetcher.js:172:23)\n    at process.processTicksAndRejections (node:internal/process/task_queues:105:5)\n    at async handleNpmRequest (C:\\Users\\priya\\OneDrive\\Desktop\\CodeCache-Pro\\backend\\src\\fetchers\\npmFetcher.js:93:21)","timestamp":"2025-10-16T21:31:02.545Z"}
{"level":"info","message":"[MISS] axios@1.12.2. Fetching from upstream.","timestamp":"2025-10-16T21:31:02.615Z"}
{"level":"info","message":"[MISS] minipass@3.3.6. Fetching from upstream.","timestamp":"2025-10-16T21:31:02.618Z"}
{"level":"info","message":"[CACHE] Successfully cached winston@3.18.3 to C:\\Users\\priya\\OneDrive\\Desktop\\CodeCache-Pro\\cache\\winston\\winston-3.18.3.tgz","timestamp":"2025-10-16T21:31:02.685Z"}
{"level":"error","message":"Attempt 2 failed for fs@1.1.1: Could not find shasum for fs@1.1.1 in metadata.","timestamp":"2025-10-16T21:31:02.788Z"}
{"level":"info","message":"[CACHE] Successfully cached follow-redirects@1.15.11 to C:\\Users\\priya\\OneDrive\\Desktop\\CodeCache-Pro\\cache\\follow-redirects\\follow-redirects-1.15.11.tgz","timestamp":"2025-10-16T21:31:02.795Z"}
{"level":"info","message":"[CACHE] Successfully cached winston-daily-rotate-file@5.0.0 to C:\\Users\\priya\\OneDrive\\Desktop\\CodeCache-Pro\\cache\\winston-daily-rotate-file\\winston-daily-rotate-file-5.0.0.tgz","timestamp":"2025-10-16T21:31:02.805Z"}
{"level":"info","message":"[CACHE] Successfully cached rimraf@5.0.10 to C:\\Users\\priya\\OneDrive\\Desktop\\CodeCache-Pro\\cache\\rimraf\\rimraf-5.0.10.tgz","timestamp":"2025-10-16T21:31:03.439Z"}
{"level":"info","message":"[CACHE] Successfully cached node-gyp@8.4.1 to C:\\Users\\priya\\OneDrive\\Desktop\\CodeCache-Pro\\cache\\node-gyp\\node-gyp-8.4.1.tgz","timestamp":"2025-10-16T21:31:03.448Z"}
{"level":"info","message":"[MISS] minipass@3.3.6. Fetching from upstream.","timestamp":"2025-10-16T21:31:03.580Z"}
{"level":"info","message":"[QUEUE] Request for minipass@3.3.6 is queued.","timestamp":"2025-10-16T21:31:03.581Z"}
{"level":"info","message":"[MISS] minipass@3.3.6. Fetching from upstream.","timestamp":"2025-10-16T21:31:03.582Z"}
{"level":"info","message":"[QUEUE] Request for minipass@3.3.6 is queued.","timestamp":"2025-10-16T21:31:03.583Z"}
{"level":"info","message":"[MISS] minipass@3.3.6. Fetching from upstream.","timestamp":"2025-10-16T21:31:03.584Z"}
{"level":"info","message":"[QUEUE] Request for minipass@3.3.6 is queued.","timestamp":"2025-10-16T21:31:03.585Z"}
{"level":"error","message":"Attempt 3 failed for fs@1.1.1: Could not find shasum for fs@1.1.1 in metadata.","timestamp":"2025-10-16T21:31:03.696Z"}
{"level":"error","message":"[FAIL] Failed to fetch and cache fs@1.1.1: Failed to fetch fs@1.1.1 after 3 attempts.","stack":"Error: Failed to fetch fs@1.1.1 after 3 attempts.\n    at fetchAndCachePackage (C:\\Users\\priya\\OneDrive\\Desktop\\CodeCache-Pro\\backend\\src\\fetchers\\npmFetcher.js:172:23)\n    at process.processTicksAndRejections (node:internal/process/task_queues:105:5)\n    at async handleNpmRequest (C:\\Users\\priya\\OneDrive\\Desktop\\CodeCache-Pro\\backend\\src\\fetchers\\npmFetcher.js:93:21)","timestamp":"2025-10-16T21:31:03.697Z"}
{"level":"error","message":"500 - Failed to fetch fs@1.1.1 after 3 attempts. - /npm/@npmcli/fs/-/fs-1.1.1.tgz - GET - 192.168.137.1","timestamp":"2025-10-16T21:31:03.698Z"}
{"level":"error","message":"Error: Failed to fetch fs@1.1.1 after 3 attempts.\n    at fetchAndCachePackage (C:\\Users\\priya\\OneDrive\\Desktop\\CodeCache-Pro\\backend\\src\\fetchers\\npmFetcher.js:172:23)\n    at process.processTicksAndRejections (node:internal/process/task_queues:105:5)\n    at async handleNpmRequest (C:\\Users\\priya\\OneDrive\\Desktop\\CodeCache-Pro\\backend\\src\\fetchers\\npmFetcher.js:93:21)","timestamp":"2025-10-16T21:31:03.698Z"}
{"level":"info","message":"[CACHE] Successfully cached data-uri-to-buffer@4.0.1 to C:\\Users\\priya\\OneDrive\\Desktop\\CodeCache-Pro\\cache\\data-uri-to-buffer\\data-uri-to-buffer-4.0.1.tgz","timestamp":"2025-10-16T21:31:03.741Z"}
{"level":"info","message":"[MISS] mkdirp@1.0.4. Fetching from upstream.","timestamp":"2025-10-16T21:31:03.743Z"}
{"level":"info","message":"[MISS] minipass@3.3.6. Fetching from upstream.","timestamp":"2025-10-16T21:31:03.745Z"}
{"level":"info","message":"[QUEUE] Request for minipass@3.3.6 is queued.","timestamp":"2025-10-16T21:31:03.746Z"}
{"level":"info","message":"[CACHE] Successfully cached proper-lockfile@4.1.2 to C:\\Users\\priya\\OneDrive\\Desktop\\CodeCache-Pro\\cache\\proper-lockfile\\proper-lockfile-4.1.2.tgz","timestamp":"2025-10-16T21:31:03.754Z"}
{"level":"info","message":"[MISS] minipass@3.3.6. Fetching from upstream.","timestamp":"2025-10-16T21:31:03.806Z"}
{"level":"info","message":"[QUEUE] Request for minipass@3.3.6 is queued.","timestamp":"2025-10-16T21:31:03.807Z"}
{"level":"info","message":"[MISS] minipass@3.3.6. Fetching from upstream.","timestamp":"2025-10-16T21:31:03.814Z"}
{"level":"info","message":"[QUEUE] Request for minipass@3.3.6 is queued.","timestamp":"2025-10-16T21:31:03.814Z"}
{"level":"info","message":"[CACHE] Successfully cached morgan@1.10.1 to C:\\Users\\priya\\OneDrive\\Desktop\\CodeCache-Pro\\cache\\morgan\\morgan-1.10.1.tgz","timestamp":"2025-10-16T21:31:03.924Z"}
{"level":"info","message":"[CACHE] Successfully cached minipass@3.3.6 to C:\\Users\\priya\\OneDrive\\Desktop\\CodeCache-Pro\\cache\\minipass\\minipass-3.3.6.tgz","timestamp":"2025-10-16T21:31:03.953Z"}
{"level":"info","message":"[HIT] minipass@3.3.6 from C:\\Users\\priya\\OneDrive\\Desktop\\CodeCache-Pro\\cache\\minipass\\minipass-3.3.6.tgz","timestamp":"2025-10-16T21:31:04.066Z"}
{"level":"info","message":"[CACHE] Successfully cached mkdirp@3.0.1 to C:\\Users\\priya\\OneDrive\\Desktop\\CodeCache-Pro\\cache\\mkdirp\\mkdirp-3.0.1.tgz","timestamp":"2025-10-16T21:31:04.123Z"}
{"level":"info","message":"[CACHE] Successfully cached node-fetch@3.3.2 to C:\\Users\\priya\\OneDrive\\Desktop\\CodeCache-Pro\\cache\\node-fetch\\node-fetch-3.3.2.tgz","timestamp":"2025-10-16T21:31:04.342Z"}
{"level":"info","message":"[HIT] minipass@3.3.6 from C:\\Users\\priya\\OneDrive\\Desktop\\CodeCache-Pro\\cache\\minipass\\minipass-3.3.6.tgz","timestamp":"2025-10-16T21:31:04.344Z"}
{"level":"info","message":"[MISS] safe-buffer@5.1.2. Fetching from upstream.","timestamp":"2025-10-16T21:31:04.345Z"}
{"level":"info","message":"[MISS] lru-cache@6.0.0. Fetching from upstream.","timestamp":"2025-10-16T21:31:04.346Z"}
{"level":"info","message":"[MISS] mkdirp@1.0.4. Fetching from upstream.","timestamp":"2025-10-16T21:31:04.348Z"}
{"level":"info","message":"[QUEUE] Request for mkdirp@1.0.4 is queued.","timestamp":"2025-10-16T21:31:04.348Z"}
{"level":"info","message":"[MISS] lru-cache@6.0.0. Fetching from upstream.","timestamp":"2025-10-16T21:31:04.349Z"}
{"level":"info","message":"[QUEUE] Request for lru-cache@6.0.0 is queued.","timestamp":"2025-10-16T21:31:04.350Z"}
{"level":"info","message":"[MISS] mkdirp@1.0.4. Fetching from upstream.","timestamp":"2025-10-16T21:31:04.351Z"}
{"level":"info","message":"[QUEUE] Request for mkdirp@1.0.4 is queued.","timestamp":"2025-10-16T21:31:04.352Z"}
{"level":"info","message":"[MISS] minipass@5.0.0. Fetching from upstream.","timestamp":"2025-10-16T21:31:04.352Z"}
{"level":"info","message":"[HIT] minipass@3.3.6 from C:\\Users\\priya\\OneDrive\\Desktop\\CodeCache-Pro\\cache\\minipass\\minipass-3.3.6.tgz","timestamp":"2025-10-16T21:31:04.353Z"}
{"level":"info","message":"[MISS] on-finished@2.3.0. Fetching from upstream.","timestamp":"2025-10-16T21:31:04.511Z"}
{"level":"info","message":"[HIT] text-hex@1.0.0 from C:\\Users\\priya\\OneDrive\\Desktop\\CodeCache-Pro\\cache\\text-hex\\text-hex-1.0.0.tgz","timestamp":"2025-10-16T21:31:04.513Z"}
{"level":"info","message":"[CACHE] Successfully cached mkdirp@1.0.4 to C:\\Users\\priya\\OneDrive\\Desktop\\CodeCache-Pro\\cache\\mkdirp\\mkdirp-1.0.4.tgz","timestamp":"2025-10-16T21:31:04.611Z"}
{"level":"info","message":"[HIT] color-name@2.0.2 from C:\\Users\\priya\\OneDrive\\Desktop\\CodeCache-Pro\\cache\\color-name\\color-name-2.0.2.tgz","timestamp":"2025-10-16T21:31:04.631Z"}
{"level":"info","message":"[HIT] color-string@2.1.2 from C:\\Users\\priya\\OneDrive\\Desktop\\CodeCache-Pro\\cache\\color-string\\color-string-2.1.2.tgz","timestamp":"2025-10-16T21:31:04.633Z"}
{"level":"info","message":"[HIT] fn.name@1.1.0 from C:\\Users\\priya\\OneDrive\\Desktop\\CodeCache-Pro\\cache\\fn.name\\fn.name-1.1.0.tgz","timestamp":"2025-10-16T21:31:06.054Z"}
{"level":"info","message":"[HIT] fecha@4.2.3 from C:\\Users\\priya\\OneDrive\\Desktop\\CodeCache-Pro\\cache\\fecha\\fecha-4.2.3.tgz","timestamp":"2025-10-16T21:31:07.103Z"}
{"level":"info","message":"[HIT] color-convert@3.1.2 from C:\\Users\\priya\\OneDrive\\Desktop\\CodeCache-Pro\\cache\\color-convert\\color-convert-3.1.2.tgz","timestamp":"2025-10-16T21:31:07.105Z"}
{"level":"info","message":"[HIT] file-stream-rotator@0.6.1 from C:\\Users\\priya\\OneDrive\\Desktop\\CodeCache-Pro\\cache\\file-stream-rotator\\file-stream-rotator-0.6.1.tgz","timestamp":"2025-10-16T21:31:07.109Z"}
{"level":"info","message":"[HIT] kuler@2.0.0 from C:\\Users\\priya\\OneDrive\\Desktop\\CodeCache-Pro\\cache\\kuler\\kuler-2.0.0.tgz","timestamp":"2025-10-16T21:31:07.111Z"}
{"level":"info","message":"[HIT] color@5.0.2 from C:\\Users\\priya\\OneDrive\\Desktop\\CodeCache-Pro\\cache\\color\\color-5.0.2.tgz","timestamp":"2025-10-16T21:31:07.112Z"}
{"level":"info","message":"[CACHE] Successfully cached minipass@5.0.0 to C:\\Users\\priya\\OneDrive\\Desktop\\CodeCache-Pro\\cache\\minipass\\minipass-5.0.0.tgz","timestamp":"2025-10-16T21:31:08.292Z"}
{"level":"info","message":"[CACHE] Successfully cached safe-buffer@5.1.2 to C:\\Users\\priya\\OneDrive\\Desktop\\CodeCache-Pro\\cache\\safe-buffer\\safe-buffer-5.1.2.tgz","timestamp":"2025-10-16T21:31:08.335Z"}
{"level":"info","message":"[CACHE] Successfully cached lru-cache@6.0.0 to C:\\Users\\priya\\OneDrive\\Desktop\\CodeCache-Pro\\cache\\lru-cache\\lru-cache-6.0.0.tgz","timestamp":"2025-10-16T21:31:08.583Z"}
{"level":"info","message":"[HIT] winston-transport@4.9.0 from C:\\Users\\priya\\OneDrive\\Desktop\\CodeCache-Pro\\cache\\winston-transport\\winston-transport-4.9.0.tgz","timestamp":"2025-10-16T21:31:08.800Z"}
{"level":"info","message":"[HIT] moment@2.30.1 from C:\\Users\\priya\\OneDrive\\Desktop\\CodeCache-Pro\\cache\\moment\\moment-2.30.1.tgz","timestamp":"2025-10-16T21:31:09.612Z"}
{"level":"info","message":"[CACHE] Successfully cached on-finished@2.3.0 to C:\\Users\\priya\\OneDrive\\Desktop\\CodeCache-Pro\\cache\\on-finished\\on-finished-2.3.0.tgz","timestamp":"2025-10-16T21:31:09.843Z"}
{"level":"info","message":"[HIT] safe-stable-stringify@2.5.0 from C:\\Users\\priya\\OneDrive\\Desktop\\CodeCache-Pro\\cache\\safe-stable-stringify\\safe-stable-stringify-2.5.0.tgz","timestamp":"2025-10-16T21:31:10.018Z"}
{"level":"info","message":"[HIT] logform@2.7.0 from C:\\Users\\priya\\OneDrive\\Desktop\\CodeCache-Pro\\cache\\logform\\logform-2.7.0.tgz","timestamp":"2025-10-16T21:31:10.020Z"}
{"level":"info","message":"[HIT] stack-trace@0.0.10 from C:\\Users\\priya\\OneDrive\\Desktop\\CodeCache-Pro\\cache\\stack-trace\\stack-trace-0.0.10.tgz","timestamp":"2025-10-16T21:31:10.132Z"}
{"level":"info","message":"[HIT] one-time@1.0.0 from C:\\Users\\priya\\OneDrive\\Desktop\\CodeCache-Pro\\cache\\one-time\\one-time-1.0.0.tgz","timestamp":"2025-10-16T21:31:10.174Z"}
{"level":"info","message":"[HIT] async@3.2.6 from C:\\Users\\priya\\OneDrive\\Desktop\\CodeCache-Pro\\cache\\async\\async-3.2.6.tgz","timestamp":"2025-10-16T21:31:11.237Z"}
{"level":"info","message":"[CACHE] Successfully cached web-streams-polyfill@3.3.3 to C:\\Users\\priya\\OneDrive\\Desktop\\CodeCache-Pro\\cache\\web-streams-polyfill\\web-streams-polyfill-3.3.3.tgz","timestamp":"2025-10-16T21:31:11.772Z"}
{"level":"info","message":"[HIT] triple-beam@1.4.1 from C:\\Users\\priya\\OneDrive\\Desktop\\CodeCache-Pro\\cache\\triple-beam\\triple-beam-1.4.1.tgz","timestamp":"2025-10-16T21:31:12.454Z"}
{"level":"info","message":"[CACHE] Successfully cached axios@1.12.2 to C:\\Users\\priya\\OneDrive\\Desktop\\CodeCache-Pro\\cache\\axios\\axios-1.12.2.tgz","timestamp":"2025-10-16T21:31:12.560Z"}
{"level":"info","message":"[HIT] smart-buffer@4.2.0 from C:\\Users\\priya\\OneDrive\\Desktop\\CodeCache-Pro\\cache\\smart-buffer\\smart-buffer-4.2.0.tgz","timestamp":"2025-10-16T21:31:12.566Z"}
{"level":"info","message":"[HIT] unique-slug@2.0.2 from C:\\Users\\priya\\OneDrive\\Desktop\\CodeCache-Pro\\cache\\unique-slug\\unique-slug-2.0.2.tgz","timestamp":"2025-10-16T21:31:12.570Z"}
{"level":"info","message":"[HIT] socks@2.8.7 from C:\\Users\\priya\\OneDrive\\Desktop\\CodeCache-Pro\\cache\\socks\\socks-2.8.7.tgz","timestamp":"2025-10-16T21:31:12.572Z"}
{"level":"info","message":"[HIT] err-code@2.0.3 from C:\\Users\\priya\\OneDrive\\Desktop\\CodeCache-Pro\\cache\\err-code\\err-code-2.0.3.tgz","timestamp":"2025-10-16T21:31:12.631Z"}
{"level":"info","message":"[HIT] indent-string@4.0.0 from C:\\Users\\priya\\OneDrive\\Desktop\\CodeCache-Pro\\cache\\indent-string\\indent-string-4.0.0.tgz","timestamp":"2025-10-16T21:31:12.633Z"}
{"level":"info","message":"[HIT] clean-stack@2.2.0 from C:\\Users\\priya\\OneDrive\\Desktop\\CodeCache-Pro\\cache\\clean-stack\\clean-stack-2.2.0.tgz","timestamp":"2025-10-16T21:31:13.520Z"}
{"level":"info","message":"[HIT] ip-address@10.0.1 from C:\\Users\\priya\\OneDrive\\Desktop\\CodeCache-Pro\\cache\\ip-address\\ip-address-10.0.1.tgz","timestamp":"2025-10-16T21:31:13.526Z"}
{"level":"info","message":"[HIT] color-support@1.1.3 from C:\\Users\\priya\\OneDrive\\Desktop\\CodeCache-Pro\\cache\\color-support\\color-support-1.1.3.tgz","timestamp":"2025-10-16T21:31:13.529Z"}
{"level":"info","message":"[HIT] aproba@2.1.0 from C:\\Users\\priya\\OneDrive\\Desktop\\CodeCache-Pro\\cache\\aproba\\aproba-2.1.0.tgz","timestamp":"2025-10-16T21:31:13.535Z"}
{"level":"info","message":"[HIT] has-unicode@2.0.1 from C:\\Users\\priya\\OneDrive\\Desktop\\CodeCache-Pro\\cache\\has-unicode\\has-unicode-2.0.1.tgz","timestamp":"2025-10-16T21:31:13.537Z"}
{"level":"info","message":"[HIT] enabled@2.0.0 from C:\\Users\\priya\\OneDrive\\Desktop\\CodeCache-Pro\\cache\\enabled\\enabled-2.0.0.tgz","timestamp":"2025-10-16T21:31:13.679Z"}
{"level":"info","message":"[HIT] delegates@1.0.0 from C:\\Users\\priya\\OneDrive\\Desktop\\CodeCache-Pro\\cache\\delegates\\delegates-1.0.0.tgz","timestamp":"2025-10-16T21:31:13.681Z"}
{"level":"info","message":"[HIT] are-we-there-yet@3.0.1 from C:\\Users\\priya\\OneDrive\\Desktop\\CodeCache-Pro\\cache\\are-we-there-yet\\are-we-there-yet-3.0.1.tgz","timestamp":"2025-10-16T21:31:13.683Z"}
{"level":"info","message":"[HIT] console-control-strings@1.1.0 from C:\\Users\\priya\\OneDrive\\Desktop\\CodeCache-Pro\\cache\\console-control-strings\\console-control-strings-1.1.0.tgz","timestamp":"2025-10-16T21:31:13.685Z"}
{"level":"info","message":"[HIT] set-blocking@2.0.0 from C:\\Users\\priya\\OneDrive\\Desktop\\CodeCache-Pro\\cache\\set-blocking\\set-blocking-2.0.0.tgz","timestamp":"2025-10-16T21:31:13.686Z"}
{"level":"info","message":"[HIT] encoding@0.1.13 from C:\\Users\\priya\\OneDrive\\Desktop\\CodeCache-Pro\\cache\\encoding\\encoding-0.1.13.tgz","timestamp":"2025-10-16T21:31:13.687Z"}
{"level":"info","message":"[HIT] agent-base@6.0.2 from C:\\Users\\priya\\OneDrive\\Desktop\\CodeCache-Pro\\cache\\agent-base\\agent-base-6.0.2.tgz","timestamp":"2025-10-16T21:31:13.688Z"}
{"level":"info","message":"[HIT] minizlib@2.1.2 from C:\\Users\\priya\\OneDrive\\Desktop\\CodeCache-Pro\\cache\\minizlib\\minizlib-2.1.2.tgz","timestamp":"2025-10-16T21:31:13.690Z"}
{"level":"info","message":"[HIT] yallist@4.0.0 from C:\\Users\\priya\\OneDrive\\Desktop\\CodeCache-Pro\\cache\\yallist\\yallist-4.0.0.tgz","timestamp":"2025-10-16T21:31:13.691Z"}
{"level":"info","message":"[HIT] minipass-sized@1.0.3 from C:\\Users\\priya\\OneDrive\\Desktop\\CodeCache-Pro\\cache\\minipass-sized\\minipass-sized-1.0.3.tgz","timestamp":"2025-10-16T21:31:13.692Z"}
{"level":"info","message":"[HIT] wide-align@1.1.5 from C:\\Users\\priya\\OneDrive\\Desktop\\CodeCache-Pro\\cache\\wide-align\\wide-align-1.1.5.tgz","timestamp":"2025-10-16T21:31:13.693Z"}
{"level":"info","message":"[HIT] abbrev@1.1.1 from C:\\Users\\priya\\OneDrive\\Desktop\\CodeCache-Pro\\cache\\abbrev\\abbrev-1.1.1.tgz","timestamp":"2025-10-16T21:31:13.695Z"}
{"level":"info","message":"[HIT] p-map@4.0.0 from C:\\Users\\priya\\OneDrive\\Desktop\\CodeCache-Pro\\cache\\p-map\\p-map-4.0.0.tgz","timestamp":"2025-10-16T21:31:14.010Z"}
{"level":"info","message":"[HIT] fs-minipass@2.1.0 from C:\\Users\\priya\\OneDrive\\Desktop\\CodeCache-Pro\\cache\\fs-minipass\\fs-minipass-2.1.0.tgz","timestamp":"2025-10-16T21:31:14.012Z"}
{"level":"info","message":"[HIT] unique-filename@1.1.1 from C:\\Users\\priya\\OneDrive\\Desktop\\CodeCache-Pro\\cache\\unique-filename\\unique-filename-1.1.1.tgz","timestamp":"2025-10-16T21:31:14.014Z"}
{"level":"info","message":"[HIT] socks-proxy-agent@6.2.1 from C:\\Users\\priya\\OneDrive\\Desktop\\CodeCache-Pro\\cache\\socks-proxy-agent\\socks-proxy-agent-6.2.1.tgz","timestamp":"2025-10-16T21:31:14.016Z"}
{"level":"info","message":"[HIT] minipass-pipeline@1.2.4 from C:\\Users\\priya\\OneDrive\\Desktop\\CodeCache-Pro\\cache\\minipass-pipeline\\minipass-pipeline-1.2.4.tgz","timestamp":"2025-10-16T21:31:14.017Z"}
{"level":"info","message":"[HIT] infer-owner@1.0.4 from C:\\Users\\priya\\OneDrive\\Desktop\\CodeCache-Pro\\cache\\infer-owner\\infer-owner-1.0.4.tgz","timestamp":"2025-10-16T21:31:14.019Z"}
{"level":"info","message":"[HIT] is-lambda@1.0.1 from C:\\Users\\priya\\OneDrive\\Desktop\\CodeCache-Pro\\cache\\is-lambda\\is-lambda-1.0.1.tgz","timestamp":"2025-10-16T21:31:14.020Z"}
{"level":"info","message":"[HIT] chownr@2.0.0 from C:\\Users\\priya\\OneDrive\\Desktop\\CodeCache-Pro\\cache\\chownr\\chownr-2.0.0.tgz","timestamp":"2025-10-16T21:31:14.021Z"}
{"level":"info","message":"[HIT] minipass-collect@1.0.2 from C:\\Users\\priya\\OneDrive\\Desktop\\CodeCache-Pro\\cache\\minipass-collect\\minipass-collect-1.0.2.tgz","timestamp":"2025-10-16T21:31:14.023Z"}
{"level":"info","message":"[HIT] minipass-flush@1.0.5 from C:\\Users\\priya\\OneDrive\\Desktop\\CodeCache-Pro\\cache\\minipass-flush\\minipass-flush-1.0.5.tgz","timestamp":"2025-10-16T21:31:14.024Z"}
{"level":"info","message":"[HIT] humanize-ms@1.2.1 from C:\\Users\\priya\\OneDrive\\Desktop\\CodeCache-Pro\\cache\\humanize-ms\\humanize-ms-1.2.1.tgz","timestamp":"2025-10-16T21:31:14.026Z"}
{"level":"info","message":"[HIT] promise-inflight@1.0.1 from C:\\Users\\priya\\OneDrive\\Desktop\\CodeCache-Pro\\cache\\promise-inflight\\promise-inflight-1.0.1.tgz","timestamp":"2025-10-16T21:31:14.027Z"}
{"level":"info","message":"[HIT] promise-retry@2.0.1 from C:\\Users\\priya\\OneDrive\\Desktop\\CodeCache-Pro\\cache\\promise-retry\\promise-retry-2.0.1.tgz","timestamp":"2025-10-16T21:31:14.028Z"}
{"level":"info","message":"[HIT] ssri@8.0.1 from C:\\Users\\priya\\OneDrive\\Desktop\\CodeCache-Pro\\cache\\ssri\\ssri-8.0.1.tgz","timestamp":"2025-10-16T21:31:14.318Z"}
{"level":"info","message":"[HIT] env-paths@2.2.1 from C:\\Users\\priya\\OneDrive\\Desktop\\CodeCache-Pro\\cache\\env-paths\\env-paths-2.2.1.tgz","timestamp":"2025-10-16T21:31:14.322Z"}
{"level":"info","message":"[HIT] cacache@15.3.0 from C:\\Users\\priya\\OneDrive\\Desktop\\CodeCache-Pro\\cache\\cacache\\cacache-15.3.0.tgz","timestamp":"2025-10-16T21:31:14.323Z"}
{"level":"info","message":"[HIT] minipass-fetch@1.4.1 from C:\\Users\\priya\\OneDrive\\Desktop\\CodeCache-Pro\\cache\\minipass-fetch\\minipass-fetch-1.4.1.tgz","timestamp":"2025-10-16T21:31:14.325Z"}
{"level":"info","message":"[HIT] signal-exit@3.0.7 from C:\\Users\\priya\\OneDrive\\Desktop\\CodeCache-Pro\\cache\\signal-exit\\signal-exit-3.0.7.tgz","timestamp":"2025-10-16T21:31:14.326Z"}
{"level":"info","message":"[HIT] npmlog@6.0.2 from C:\\Users\\priya\\OneDrive\\Desktop\\CodeCache-Pro\\cache\\npmlog\\npmlog-6.0.2.tgz","timestamp":"2025-10-16T21:31:14.328Z"}
{"level":"info","message":"[HIT] nopt@5.0.0 from C:\\Users\\priya\\OneDrive\\Desktop\\CodeCache-Pro\\cache\\nopt\\nopt-5.0.0.tgz","timestamp":"2025-10-16T21:31:14.329Z"}
{"level":"info","message":"[HIT] http-proxy-agent@4.0.1 from C:\\Users\\priya\\OneDrive\\Desktop\\CodeCache-Pro\\cache\\http-proxy-agent\\http-proxy-agent-4.0.1.tgz","timestamp":"2025-10-16T21:31:14.330Z"}
{"level":"info","message":"[HIT] node-domexception@1.0.0 from C:\\Users\\priya\\OneDrive\\Desktop\\CodeCache-Pro\\cache\\node-domexception\\node-domexception-1.0.0.tgz","timestamp":"2025-10-16T21:31:14.332Z"}
{"level":"info","message":"[HIT] https-proxy-agent@5.0.1 from C:\\Users\\priya\\OneDrive\\Desktop\\CodeCache-Pro\\cache\\https-proxy-agent\\https-proxy-agent-5.0.1.tgz","timestamp":"2025-10-16T21:31:14.333Z"}
{"level":"info","message":"[HIT] http-cache-semantics@4.2.0 from C:\\Users\\priya\\OneDrive\\Desktop\\CodeCache-Pro\\cache\\http-cache-semantics\\http-cache-semantics-4.2.0.tgz","timestamp":"2025-10-16T21:31:14.335Z"}
{"level":"info","message":"[HIT] agentkeepalive@4.6.0 from C:\\Users\\priya\\OneDrive\\Desktop\\CodeCache-Pro\\cache\\agentkeepalive\\agentkeepalive-4.6.0.tgz","timestamp":"2025-10-16T21:31:14.336Z"}
{"level":"info","message":"[HIT] make-fetch-happen@9.1.0 from C:\\Users\\priya\\OneDrive\\Desktop\\CodeCache-Pro\\cache\\make-fetch-happen\\make-fetch-happen-9.1.0.tgz","timestamp":"2025-10-16T21:31:14.338Z"}
{"level":"info","message":"[HIT] tar@6.2.1 from C:\\Users\\priya\\OneDrive\\Desktop\\CodeCache-Pro\\cache\\tar\\tar-6.2.1.tgz","timestamp":"2025-10-16T21:31:14.973Z"}
{"level":"info","message":"[HIT] retry@0.12.0 from C:\\Users\\priya\\OneDrive\\Desktop\\CodeCache-Pro\\cache\\retry\\retry-0.12.0.tgz","timestamp":"2025-10-16T21:31:14.975Z"}
{"level":"info","message":"[HIT] formdata-polyfill@4.0.10 from C:\\Users\\priya\\OneDrive\\Desktop\\CodeCache-Pro\\cache\\formdata-polyfill\\formdata-polyfill-4.0.10.tgz","timestamp":"2025-10-16T21:31:14.976Z"}
{"level":"info","message":"[HIT] basic-auth@2.0.1 from C:\\Users\\priya\\OneDrive\\Desktop\\CodeCache-Pro\\cache\\basic-auth\\basic-auth-2.0.1.tgz","timestamp":"2025-10-16T21:31:14.978Z"}
{"level":"info","message":"[HIT] fetch-blob@3.2.0 from C:\\Users\\priya\\OneDrive\\Desktop\\CodeCache-Pro\\cache\\fetch-blob\\fetch-blob-3.2.0.tgz","timestamp":"2025-10-16T21:31:14.980Z"}
{"level":"info","message":"[HIT] proxy-from-env@1.1.0 from C:\\Users\\priya\\OneDrive\\Desktop\\CodeCache-Pro\\cache\\proxy-from-env\\proxy-from-env-1.1.0.tgz","timestamp":"2025-10-16T21:31:14.984Z"}
{"level":"info","message":"[HIT] winston@3.18.3 from C:\\Users\\priya\\OneDrive\\Desktop\\CodeCache-Pro\\cache\\winston\\winston-3.18.3.tgz","timestamp":"2025-10-16T21:31:14.986Z"}
{"level":"info","message":"[HIT] on-headers@1.1.0 from C:\\Users\\priya\\OneDrive\\Desktop\\CodeCache-Pro\\cache\\on-headers\\on-headers-1.1.0.tgz","timestamp":"2025-10-16T21:31:14.987Z"}
{"level":"info","message":"[HIT] rimraf@5.0.10 from C:\\Users\\priya\\OneDrive\\Desktop\\CodeCache-Pro\\cache\\rimraf\\rimraf-5.0.10.tgz","timestamp":"2025-10-16T21:31:15.175Z"}
{"level":"info","message":"[HIT] follow-redirects@1.15.11 from C:\\Users\\priya\\OneDrive\\Desktop\\CodeCache-Pro\\cache\\follow-redirects\\follow-redirects-1.15.11.tgz","timestamp":"2025-10-16T21:31:15.177Z"}
{"level":"info","message":"[HIT] node-gyp@8.4.1 from C:\\Users\\priya\\OneDrive\\Desktop\\CodeCache-Pro\\cache\\node-gyp\\node-gyp-8.4.1.tgz","timestamp":"2025-10-16T21:31:15.179Z"}
{"level":"info","message":"[HIT] minipass@3.3.6 from C:\\Users\\priya\\OneDrive\\Desktop\\CodeCache-Pro\\cache\\minipass\\minipass-3.3.6.tgz","timestamp":"2025-10-16T21:31:15.180Z"}
{"level":"info","message":"[HIT] minipass@3.3.6 from C:\\Users\\priya\\OneDrive\\Desktop\\CodeCache-Pro\\cache\\minipass\\minipass-3.3.6.tgz","timestamp":"2025-10-16T21:31:15.182Z"}
{"level":"info","message":"[HIT] minipass@3.3.6 from C:\\Users\\priya\\OneDrive\\Desktop\\CodeCache-Pro\\cache\\minipass\\minipass-3.3.6.tgz","timestamp":"2025-10-16T21:31:15.183Z"}
{"level":"info","message":"[HIT] morgan@1.10.1 from C:\\Users\\priya\\OneDrive\\Desktop\\CodeCache-Pro\\cache\\morgan\\morgan-1.10.1.tgz","timestamp":"2025-10-16T21:31:15.185Z"}
{"level":"info","message":"[HIT] proper-lockfile@4.1.2 from C:\\Users\\priya\\OneDrive\\Desktop\\CodeCache-Pro\\cache\\proper-lockfile\\proper-lockfile-4.1.2.tgz","timestamp":"2025-10-16T21:31:15.186Z"}
{"level":"info","message":"[HIT] minipass@3.3.6 from C:\\Users\\priya\\OneDrive\\Desktop\\CodeCache-Pro\\cache\\minipass\\minipass-3.3.6.tgz","timestamp":"2025-10-16T21:31:15.187Z"}
{"level":"info","message":"[HIT] winston-daily-rotate-file@5.0.0 from C:\\Users\\priya\\OneDrive\\Desktop\\CodeCache-Pro\\cache\\winston-daily-rotate-file\\winston-daily-rotate-file-5.0.0.tgz","timestamp":"2025-10-16T21:31:15.188Z"}
{"level":"info","message":"[HIT] data-uri-to-buffer@4.0.1 from C:\\Users\\priya\\OneDrive\\Desktop\\CodeCache-Pro\\cache\\data-uri-to-buffer\\data-uri-to-buffer-4.0.1.tgz","timestamp":"2025-10-16T21:31:15.189Z"}
{"level":"info","message":"[HIT] mkdirp@3.0.1 from C:\\Users\\priya\\OneDrive\\Desktop\\CodeCache-Pro\\cache\\mkdirp\\mkdirp-3.0.1.tgz","timestamp":"2025-10-16T21:31:15.428Z"}
{"level":"info","message":"[HIT] minipass@3.3.6 from C:\\Users\\priya\\OneDrive\\Desktop\\CodeCache-Pro\\cache\\minipass\\minipass-3.3.6.tgz","timestamp":"2025-10-16T21:31:15.430Z"}
{"level":"info","message":"[HIT] minipass@3.3.6 from C:\\Users\\priya\\OneDrive\\Desktop\\CodeCache-Pro\\cache\\minipass\\minipass-3.3.6.tgz","timestamp":"2025-10-16T21:31:15.431Z"}
{"level":"info","message":"[HIT] minipass@3.3.6 from C:\\Users\\priya\\OneDrive\\Desktop\\CodeCache-Pro\\cache\\minipass\\minipass-3.3.6.tgz","timestamp":"2025-10-16T21:31:15.433Z"}
{"level":"info","message":"[HIT] node-fetch@3.3.2 from C:\\Users\\priya\\OneDrive\\Desktop\\CodeCache-Pro\\cache\\node-fetch\\node-fetch-3.3.2.tgz","timestamp":"2025-10-16T21:31:15.513Z"}
{"level":"info","message":"[HIT] mkdirp@1.0.4 from C:\\Users\\priya\\OneDrive\\Desktop\\CodeCache-Pro\\cache\\mkdirp\\mkdirp-1.0.4.tgz","timestamp":"2025-10-16T21:31:15.515Z"}
{"level":"info","message":"[HIT] mkdirp@1.0.4 from C:\\Users\\priya\\OneDrive\\Desktop\\CodeCache-Pro\\cache\\mkdirp\\mkdirp-1.0.4.tgz","timestamp":"2025-10-16T21:31:15.516Z"}
{"level":"info","message":"[HIT] mkdirp@1.0.4 from C:\\Users\\priya\\OneDrive\\Desktop\\CodeCache-Pro\\cache\\mkdirp\\mkdirp-1.0.4.tgz","timestamp":"2025-10-16T21:31:15.582Z"}
{"level":"info","message":"[HIT] minipass@5.0.0 from C:\\Users\\priya\\OneDrive\\Desktop\\CodeCache-Pro\\cache\\minipass\\minipass-5.0.0.tgz","timestamp":"2025-10-16T21:31:15.605Z"}
{"level":"info","message":"[HIT] safe-buffer@5.1.2 from C:\\Users\\priya\\OneDrive\\Desktop\\CodeCache-Pro\\cache\\safe-buffer\\safe-buffer-5.1.2.tgz","timestamp":"2025-10-16T21:31:15.615Z"}
{"level":"info","message":"[HIT] lru-cache@6.0.0 from C:\\Users\\priya\\OneDrive\\Desktop\\CodeCache-Pro\\cache\\lru-cache\\lru-cache-6.0.0.tgz","timestamp":"2025-10-16T21:31:15.619Z"}
{"level":"info","message":"[HIT] lru-cache@6.0.0 from C:\\Users\\priya\\OneDrive\\Desktop\\CodeCache-Pro\\cache\\lru-cache\\lru-cache-6.0.0.tgz","timestamp":"2025-10-16T21:31:15.682Z"}
{"level":"info","message":"[HIT] on-finished@2.3.0 from C:\\Users\\priya\\OneDrive\\Desktop\\CodeCache-Pro\\cache\\on-finished\\on-finished-2.3.0.tgz","timestamp":"2025-10-16T21:31:15.684Z"}
{"level":"info","message":"[MISS] colorspace@1.1.6. Fetching from upstream.","timestamp":"2025-10-16T21:31:15.815Z"}
{"level":"info","message":"[MISS] triple-beam@1.3.5. Fetching from upstream.","timestamp":"2025-10-16T21:31:15.828Z"}
{"level":"info","message":"[MISS] diagnostics@2.0.8. Fetching from upstream.","timestamp":"2025-10-16T21:31:15.839Z"}
{"level":"info","message":"[MISS] colors@1.6.0. Fetching from upstream.","timestamp":"2025-10-16T21:31:15.845Z"}
{"level":"info","message":"[MISS] once@1.1.2. Fetching from upstream.","timestamp":"2025-10-16T21:31:15.869Z"}
{"level":"info","message":"[MISS] move-file@1.1.2. Fetching from upstream.","timestamp":"2025-10-16T21:31:15.876Z"}
{"level":"info","message":"[HIT] axios@1.12.2 from C:\\Users\\priya\\OneDrive\\Desktop\\CodeCache-Pro\\cache\\axios\\axios-1.12.2.tgz","timestamp":"2025-10-16T21:31:15.880Z"}
{"level":"info","message":"[HIT] web-streams-polyfill@3.3.3 from C:\\Users\\priya\\OneDrive\\Desktop\\CodeCache-Pro\\cache\\web-streams-polyfill\\web-streams-polyfill-3.3.3.tgz","timestamp":"2025-10-16T21:31:15.882Z"}
{"level":"info","message":"[MISS] promisify@1.1.3. Fetching from upstream.","timestamp":"2025-10-16T21:31:15.884Z"}
{"level":"info","message":"[MISS] fs@1.1.1. Fetching from upstream.","timestamp":"2025-10-16T21:31:15.890Z"}
{"level":"error","message":"Attempt 1 failed for triple-beam@1.3.5: Could not find shasum for triple-beam@1.3.5 in metadata.","timestamp":"2025-10-16T21:31:15.949Z"}
{"level":"error","message":"Attempt 1 failed for colorspace@1.1.6: Could not find shasum for colorspace@1.1.6 in metadata.","timestamp":"2025-10-16T21:31:15.989Z"}
{"level":"error","message":"Attempt 2 failed for colorspace@1.1.6: Could not find shasum for colorspace@1.1.6 in metadata.","timestamp":"2025-10-16T21:31:16.146Z"}
{"level":"error","message":"Attempt 2 failed for triple-beam@1.3.5: Could not find shasum for triple-beam@1.3.5 in metadata.","timestamp":"2025-10-16T21:31:16.157Z"}
{"level":"error","message":"Attempt 3 failed for triple-beam@1.3.5: Could not find shasum for triple-beam@1.3.5 in metadata.","timestamp":"2025-10-16T21:31:16.284Z"}
{"level":"error","message":"[FAIL] Failed to fetch and cache triple-beam@1.3.5: Failed to fetch triple-beam@1.3.5 after 3 attempts.","stack":"Error: Failed to fetch triple-beam@1.3.5 after 3 attempts.\n    at fetchAndCachePackage (C:\\Users\\priya\\OneDrive\\Desktop\\CodeCache-Pro\\backend\\src\\fetchers\\npmFetcher.js:172:23)\n    at process.processTicksAndRejections (node:internal/process/task_queues:105:5)\n    at async handleNpmRequest (C:\\Users\\priya\\OneDrive\\Desktop\\CodeCache-Pro\\backend\\src\\fetchers\\npmFetcher.js:93:21)","timestamp":"2025-10-16T21:31:16.287Z"}
{"level":"error","message":"500 - Failed to fetch triple-beam@1.3.5 after 3 attempts. - /npm/@types/triple-beam/-/triple-beam-1.3.5.tgz - GET - 192.168.137.1","timestamp":"2025-10-16T21:31:16.288Z"}
{"level":"error","message":"Error: Failed to fetch triple-beam@1.3.5 after 3 attempts.\n    at fetchAndCachePackage (C:\\Users\\priya\\OneDrive\\Desktop\\CodeCache-Pro\\backend\\src\\fetchers\\npmFetcher.js:172:23)\n    at process.processTicksAndRejections (node:internal/process/task_queues:105:5)\n    at async handleNpmRequest (C:\\Users\\priya\\OneDrive\\Desktop\\CodeCache-Pro\\backend\\src\\fetchers\\npmFetcher.js:93:21)","timestamp":"2025-10-16T21:31:16.288Z"}
{"level":"error","message":"Attempt 3 failed for colorspace@1.1.6: Could not find shasum for colorspace@1.1.6 in metadata.","timestamp":"2025-10-16T21:31:16.300Z"}
{"level":"error","message":"[FAIL] Failed to fetch and cache colorspace@1.1.6: Failed to fetch colorspace@1.1.6 after 3 attempts.","stack":"Error: Failed to fetch colorspace@1.1.6 after 3 attempts.\n    at fetchAndCachePackage (C:\\Users\\priya\\OneDrive\\Desktop\\CodeCache-Pro\\backend\\src\\fetchers\\npmFetcher.js:172:23)\n    at process.processTicksAndRejections (node:internal/process/task_queues:105:5)\n    at async handleNpmRequest (C:\\Users\\priya\\OneDrive\\Desktop\\CodeCache-Pro\\backend\\src\\fetchers\\npmFetcher.js:93:21)","timestamp":"2025-10-16T21:31:16.302Z"}
{"level":"error","message":"500 - Failed to fetch colorspace@1.1.6 after 3 attempts. - /npm/@so-ric/colorspace/-/colorspace-1.1.6.tgz - GET - 192.168.137.1","timestamp":"2025-10-16T21:31:16.303Z"}
{"level":"error","message":"Error: Failed to fetch colorspace@1.1.6 after 3 attempts.\n    at fetchAndCachePackage (C:\\Users\\priya\\OneDrive\\Desktop\\CodeCache-Pro\\backend\\src\\fetchers\\npmFetcher.js:172:23)\n    at process.processTicksAndRejections (node:internal/process/task_queues:105:5)\n    at async handleNpmRequest (C:\\Users\\priya\\OneDrive\\Desktop\\CodeCache-Pro\\backend\\src\\fetchers\\npmFetcher.js:93:21)","timestamp":"2025-10-16T21:31:16.304Z"}
{"level":"error","message":"Attempt 1 failed for colors@1.6.0: Could not find shasum for colors@1.6.0 in metadata.","timestamp":"2025-10-16T21:31:16.376Z"}
{"level":"error","message":"Attempt 2 failed for colors@1.6.0: Could not find shasum for colors@1.6.0 in metadata.","timestamp":"2025-10-16T21:31:16.556Z"}
{"level":"error","message":"Attempt 1 failed for move-file@1.1.2: Could not find shasum for move-file@1.1.2 in metadata.","timestamp":"2025-10-16T21:31:16.625Z"}
{"level":"error","message":"Attempt 1 failed for once@1.1.2: Could not find shasum for once@1.1.2 in metadata.","timestamp":"2025-10-16T21:31:16.630Z"}
{"level":"error","message":"Attempt 1 failed for diagnostics@2.0.8: Could not find shasum for diagnostics@2.0.8 in metadata.","timestamp":"2025-10-16T21:31:16.635Z"}
{"level":"error","message":"Attempt 3 failed for colors@1.6.0: Could not find shasum for colors@1.6.0 in metadata.","timestamp":"2025-10-16T21:31:17.078Z"}
{"level":"error","message":"[FAIL] Failed to fetch and cache colors@1.6.0: Failed to fetch colors@1.6.0 after 3 attempts.","stack":"Error: Failed to fetch colors@1.6.0 after 3 attempts.\n    at fetchAndCachePackage (C:\\Users\\priya\\OneDrive\\Desktop\\CodeCache-Pro\\backend\\src\\fetchers\\npmFetcher.js:172:23)\n    at process.processTicksAndRejections (node:internal/process/task_queues:105:5)\n    at async handleNpmRequest (C:\\Users\\priya\\OneDrive\\Desktop\\CodeCache-Pro\\backend\\src\\fetchers\\npmFetcher.js:93:21)","timestamp":"2025-10-16T21:31:17.080Z"}
{"level":"error","message":"500 - Failed to fetch colors@1.6.0 after 3 attempts. - /npm/@colors/colors/-/colors-1.6.0.tgz - GET - 192.168.137.1","timestamp":"2025-10-16T21:31:17.081Z"}
{"level":"error","message":"Error: Failed to fetch colors@1.6.0 after 3 attempts.\n    at fetchAndCachePackage (C:\\Users\\priya\\OneDrive\\Desktop\\CodeCache-Pro\\backend\\src\\fetchers\\npmFetcher.js:172:23)\n    at process.processTicksAndRejections (node:internal/process/task_queues:105:5)\n    at async handleNpmRequest (C:\\Users\\priya\\OneDrive\\Desktop\\CodeCache-Pro\\backend\\src\\fetchers\\npmFetcher.js:93:21)","timestamp":"2025-10-16T21:31:17.081Z"}
{"level":"error","message":"Attempt 1 failed for fs@1.1.1: Could not find shasum for fs@1.1.1 in metadata.","timestamp":"2025-10-16T21:31:17.087Z"}
{"level":"error","message":"Attempt 2 failed for move-file@1.1.2: Could not find shasum for move-file@1.1.2 in metadata.","timestamp":"2025-10-16T21:31:17.116Z"}
{"level":"error","message":"Attempt 2 failed for diagnostics@2.0.8: Could not find shasum for diagnostics@2.0.8 in metadata.","timestamp":"2025-10-16T21:31:17.149Z"}
{"level":"error","message":"Attempt 2 failed for once@1.1.2: Could not find shasum for once@1.1.2 in metadata.","timestamp":"2025-10-16T21:31:17.160Z"}
{"level":"error","message":"Attempt 2 failed for fs@1.1.1: Could not find shasum for fs@1.1.1 in metadata.","timestamp":"2025-10-16T21:31:17.411Z"}
{"level":"error","message":"Attempt 3 failed for move-file@1.1.2: Could not find shasum for move-file@1.1.2 in metadata.","timestamp":"2025-10-16T21:31:17.430Z"}
{"level":"error","message":"[FAIL] Failed to fetch and cache move-file@1.1.2: Failed to fetch move-file@1.1.2 after 3 attempts.","stack":"Error: Failed to fetch move-file@1.1.2 after 3 attempts.\n    at fetchAndCachePackage (C:\\Users\\priya\\OneDrive\\Desktop\\CodeCache-Pro\\backend\\src\\fetchers\\npmFetcher.js:172:23)\n    at process.processTicksAndRejections (node:internal/process/task_queues:105:5)\n    at async handleNpmRequest (C:\\Users\\priya\\OneDrive\\Desktop\\CodeCache-Pro\\backend\\src\\fetchers\\npmFetcher.js:93:21)","timestamp":"2025-10-16T21:31:17.432Z"}
{"level":"error","message":"500 - Failed to fetch move-file@1.1.2 after 3 attempts. - /npm/@npmcli/move-file/-/move-file-1.1.2.tgz - GET - 192.168.137.1","timestamp":"2025-10-16T21:31:17.434Z"}
{"level":"error","message":"Error: Failed to fetch move-file@1.1.2 after 3 attempts.\n    at fetchAndCachePackage (C:\\Users\\priya\\OneDrive\\Desktop\\CodeCache-Pro\\backend\\src\\fetchers\\npmFetcher.js:172:23)\n    at process.processTicksAndRejections (node:internal/process/task_queues:105:5)\n    at async handleNpmRequest (C:\\Users\\priya\\OneDrive\\Desktop\\CodeCache-Pro\\backend\\src\\fetchers\\npmFetcher.js:93:21)","timestamp":"2025-10-16T21:31:17.434Z"}
{"level":"error","message":"Attempt 3 failed for once@1.1.2: Could not find shasum for once@1.1.2 in metadata.","timestamp":"2025-10-16T21:31:17.448Z"}
{"level":"error","message":"[FAIL] Failed to fetch and cache once@1.1.2: Failed to fetch once@1.1.2 after 3 attempts.","stack":"Error: Failed to fetch once@1.1.2 after 3 attempts.\n    at fetchAndCachePackage (C:\\Users\\priya\\OneDrive\\Desktop\\CodeCache-Pro\\backend\\src\\fetchers\\npmFetcher.js:172:23)\n    at process.processTicksAndRejections (node:internal/process/task_queues:105:5)\n    at async handleNpmRequest (C:\\Users\\priya\\OneDrive\\Desktop\\CodeCache-Pro\\backend\\src\\fetchers\\npmFetcher.js:93:21)","timestamp":"2025-10-16T21:31:17.450Z"}
{"level":"error","message":"500 - Failed to fetch once@1.1.2 after 3 attempts. - /npm/@tootallnate/once/-/once-1.1.2.tgz - GET - 192.168.137.1","timestamp":"2025-10-16T21:31:17.451Z"}
{"level":"error","message":"Error: Failed to fetch once@1.1.2 after 3 attempts.\n    at fetchAndCachePackage (C:\\Users\\priya\\OneDrive\\Desktop\\CodeCache-Pro\\backend\\src\\fetchers\\npmFetcher.js:172:23)\n    at process.processTicksAndRejections (node:internal/process/task_queues:105:5)\n    at async handleNpmRequest (C:\\Users\\priya\\OneDrive\\Desktop\\CodeCache-Pro\\backend\\src\\fetchers\\npmFetcher.js:93:21)","timestamp":"2025-10-16T21:31:17.451Z"}
{"level":"error","message":"Attempt 3 failed for diagnostics@2.0.8: Could not find shasum for diagnostics@2.0.8 in metadata.","timestamp":"2025-10-16T21:31:17.483Z"}
{"level":"error","message":"[FAIL] Failed to fetch and cache diagnostics@2.0.8: Failed to fetch diagnostics@2.0.8 after 3 attempts.","stack":"Error: Failed to fetch diagnostics@2.0.8 after 3 attempts.\n    at fetchAndCachePackage (C:\\Users\\priya\\OneDrive\\Desktop\\CodeCache-Pro\\backend\\src\\fetchers\\npmFetcher.js:172:23)\n    at process.processTicksAndRejections (node:internal/process/task_queues:105:5)\n    at async handleNpmRequest (C:\\Users\\priya\\OneDrive\\Desktop\\CodeCache-Pro\\backend\\src\\fetchers\\npmFetcher.js:93:21)","timestamp":"2025-10-16T21:31:17.484Z"}
{"level":"error","message":"500 - Failed to fetch diagnostics@2.0.8 after 3 attempts. - /npm/@dabh/diagnostics/-/diagnostics-2.0.8.tgz - GET - 192.168.137.1","timestamp":"2025-10-16T21:31:17.485Z"}
{"level":"error","message":"Error: Failed to fetch diagnostics@2.0.8 after 3 attempts.\n    at fetchAndCachePackage (C:\\Users\\priya\\OneDrive\\Desktop\\CodeCache-Pro\\backend\\src\\fetchers\\npmFetcher.js:172:23)\n    at process.processTicksAndRejections (node:internal/process/task_queues:105:5)\n    at async handleNpmRequest (C:\\Users\\priya\\OneDrive\\Desktop\\CodeCache-Pro\\backend\\src\\fetchers\\npmFetcher.js:93:21)","timestamp":"2025-10-16T21:31:17.486Z"}
{"level":"error","message":"Attempt 3 failed for fs@1.1.1: Could not find shasum for fs@1.1.1 in metadata.","timestamp":"2025-10-16T21:31:17.628Z"}
{"level":"error","message":"[FAIL] Failed to fetch and cache fs@1.1.1: Failed to fetch fs@1.1.1 after 3 attempts.","stack":"Error: Failed to fetch fs@1.1.1 after 3 attempts.\n    at fetchAndCachePackage (C:\\Users\\priya\\OneDrive\\Desktop\\CodeCache-Pro\\backend\\src\\fetchers\\npmFetcher.js:172:23)\n    at process.processTicksAndRejections (node:internal/process/task_queues:105:5)\n    at async handleNpmRequest (C:\\Users\\priya\\OneDrive\\Desktop\\CodeCache-Pro\\backend\\src\\fetchers\\npmFetcher.js:93:21)","timestamp":"2025-10-16T21:31:17.629Z"}
{"level":"error","message":"500 - Failed to fetch fs@1.1.1 after 3 attempts. - /npm/@npmcli/fs/-/fs-1.1.1.tgz - GET - 192.168.137.1","timestamp":"2025-10-16T21:31:17.630Z"}
{"level":"error","message":"Error: Failed to fetch fs@1.1.1 after 3 attempts.\n    at fetchAndCachePackage (C:\\Users\\priya\\OneDrive\\Desktop\\CodeCache-Pro\\backend\\src\\fetchers\\npmFetcher.js:172:23)\n    at process.processTicksAndRejections (node:internal/process/task_queues:105:5)\n    at async handleNpmRequest (C:\\Users\\priya\\OneDrive\\Desktop\\CodeCache-Pro\\backend\\src\\fetchers\\npmFetcher.js:93:21)","timestamp":"2025-10-16T21:31:17.631Z"}
{"level":"error","message":"Attempt 1 failed for promisify@1.1.3: Could not find shasum for promisify@1.1.3 in metadata.","timestamp":"2025-10-16T21:31:17.635Z"}
{"level":"error","message":"Attempt 2 failed for promisify@1.1.3: Could not find shasum for promisify@1.1.3 in metadata.","timestamp":"2025-10-16T21:31:17.772Z"}
{"level":"error","message":"Attempt 3 failed for promisify@1.1.3: Could not find shasum for promisify@1.1.3 in metadata.","timestamp":"2025-10-16T21:31:17.960Z"}
{"level":"error","message":"[FAIL] Failed to fetch and cache promisify@1.1.3: Failed to fetch promisify@1.1.3 after 3 attempts.","stack":"Error: Failed to fetch promisify@1.1.3 after 3 attempts.\n    at fetchAndCachePackage (C:\\Users\\priya\\OneDrive\\Desktop\\CodeCache-Pro\\backend\\src\\fetchers\\npmFetcher.js:172:23)\n    at process.processTicksAndRejections (node:internal/process/task_queues:105:5)\n    at async handleNpmRequest (C:\\Users\\priya\\OneDrive\\Desktop\\CodeCache-Pro\\backend\\src\\fetchers\\npmFetcher.js:93:21)","timestamp":"2025-10-16T21:31:17.962Z"}
{"level":"error","message":"500 - Failed to fetch promisify@1.1.3 after 3 attempts. - /npm/@gar/promisify/-/promisify-1.1.3.tgz - GET - 192.168.137.1","timestamp":"2025-10-16T21:31:17.963Z"}
{"level":"error","message":"Error: Failed to fetch promisify@1.1.3 after 3 attempts.\n    at fetchAndCachePackage (C:\\Users\\priya\\OneDrive\\Desktop\\CodeCache-Pro\\backend\\src\\fetchers\\npmFetcher.js:172:23)\n    at process.processTicksAndRejections (node:internal/process/task_queues:105:5)\n    at async handleNpmRequest (C:\\Users\\priya\\OneDrive\\Desktop\\CodeCache-Pro\\backend\\src\\fetchers\\npmFetcher.js:93:21)","timestamp":"2025-10-16T21:31:17.964Z"}
{"level":"info","message":"[HIT] is-stream@2.0.1 from C:\\Users\\priya\\OneDrive\\Desktop\\CodeCache-Pro\\cache\\is-stream\\is-stream-2.0.1.tgz","timestamp":"2025-10-16T21:31:20.448Z"}
{"level":"info","message":"[HIT] aggregate-error@3.1.0 from C:\\Users\\priya\\OneDrive\\Desktop\\CodeCache-Pro\\cache\\aggregate-error\\aggregate-error-3.1.0.tgz","timestamp":"2025-10-16T21:31:23.309Z"}
{"level":"info","message":"[CACHE] Successfully cached sqlite3@5.1.7 to C:\\Users\\priya\\OneDrive\\Desktop\\CodeCache-Pro\\cache\\sqlite3\\sqlite3-5.1.7.tgz","timestamp":"2025-10-16T21:31:24.162Z"}
{"level":"info","message":"[HIT] sqlite3@5.1.7 from C:\\Users\\priya\\OneDrive\\Desktop\\CodeCache-Pro\\cache\\sqlite3\\sqlite3-5.1.7.tgz","timestamp":"2025-10-16T21:31:24.184Z"}
{"level":"warn","message":"Blocked unsupported method POST for /npm/-/npm/v1/security/advisories/bulk","timestamp":"2025-10-16T21:31:28.396Z"}
{"level":"info","message":"[MISS] retry@0.12.5. Fetching from upstream.","timestamp":"2025-10-16T21:31:28.400Z"}
{"level":"info","message":"[MISS] triple-beam@1.3.5. Fetching from upstream.","timestamp":"2025-10-16T21:31:28.448Z"}
{"level":"info","message":"[MISS] depd@1.1.37. Fetching from upstream.","timestamp":"2025-10-16T21:31:28.452Z"}
{"level":"warn","message":"Blocked unsupported method POST for /npm/-/npm/v1/security/audits/quick","timestamp":"2025-10-16T21:31:28.455Z"}
{"level":"info","message":"[MISS] ee-first@1.1.3. Fetching from upstream.","timestamp":"2025-10-16T21:31:28.456Z"}
{"level":"info","message":"[MISS] graceful-fs@4.1.9. Fetching from upstream.","timestamp":"2025-10-16T21:31:28.458Z"}
{"level":"info","message":"[MISS] on-finished@2.3.5. Fetching from upstream.","timestamp":"2025-10-16T21:31:28.460Z"}
{"level":"info","message":"[MISS] basic-auth@1.1.8. Fetching from upstream.","timestamp":"2025-10-16T21:31:28.462Z"}
{"level":"info","message":"[MISS] on-headers@1.0.4. Fetching from upstream.","timestamp":"2025-10-16T21:31:28.464Z"}
{"level":"error","message":"Attempt 1 failed for retry@0.12.5: Could not find shasum for retry@0.12.5 in metadata.","timestamp":"2025-10-16T21:31:28.467Z"}
{"level":"error","message":"Attempt 1 failed for triple-beam@1.3.5: Could not find shasum for triple-beam@1.3.5 in metadata.","timestamp":"2025-10-16T21:31:28.495Z"}
{"level":"error","message":"Attempt 1 failed for ee-first@1.1.3: Could not find shasum for ee-first@1.1.3 in metadata.","timestamp":"2025-10-16T21:31:28.518Z"}
{"level":"error","message":"Attempt 1 failed for on-finished@2.3.5: Could not find shasum for on-finished@2.3.5 in metadata.","timestamp":"2025-10-16T21:31:28.535Z"}
{"level":"error","message":"Attempt 2 failed for retry@0.12.5: Could not find shasum for retry@0.12.5 in metadata.","timestamp":"2025-10-16T21:31:28.553Z"}
{"level":"error","message":"Attempt 1 failed for basic-auth@1.1.8: Could not find shasum for basic-auth@1.1.8 in metadata.","timestamp":"2025-10-16T21:31:28.579Z"}
{"level":"error","message":"Attempt 1 failed for depd@1.1.37: Could not find shasum for depd@1.1.37 in metadata.","timestamp":"2025-10-16T21:31:28.635Z"}
{"level":"error","message":"Attempt 1 failed for on-headers@1.0.4: Could not find shasum for on-headers@1.0.4 in metadata.","timestamp":"2025-10-16T21:31:28.648Z"}
{"level":"error","message":"Attempt 2 failed for ee-first@1.1.3: Could not find shasum for ee-first@1.1.3 in metadata.","timestamp":"2025-10-16T21:31:28.656Z"}
{"level":"error","message":"Attempt 3 failed for retry@0.12.5: Could not find shasum for retry@0.12.5 in metadata.","timestamp":"2025-10-16T21:31:28.685Z"}
{"level":"error","message":"[FAIL] Failed to fetch and cache retry@0.12.5: Failed to fetch retry@0.12.5 after 3 attempts.","stack":"Error: Failed to fetch retry@0.12.5 after 3 attempts.\n    at fetchAndCachePackage (C:\\Users\\priya\\OneDrive\\Desktop\\CodeCache-Pro\\backend\\src\\fetchers\\npmFetcher.js:172:23)\n    at process.processTicksAndRejections (node:internal/process/task_queues:105:5)\n    at async handleNpmRequest (C:\\Users\\priya\\OneDrive\\Desktop\\CodeCache-Pro\\backend\\src\\fetchers\\npmFetcher.js:93:21)","timestamp":"2025-10-16T21:31:28.686Z"}
{"level":"error","message":"500 - Failed to fetch retry@0.12.5 after 3 attempts. - /npm/@types/retry/-/retry-0.12.5.tgz - GET - 192.168.137.1","timestamp":"2025-10-16T21:31:28.687Z"}
{"level":"error","message":"Error: Failed to fetch retry@0.12.5 after 3 attempts.\n    at fetchAndCachePackage (C:\\Users\\priya\\OneDrive\\Desktop\\CodeCache-Pro\\backend\\src\\fetchers\\npmFetcher.js:172:23)\n    at process.processTicksAndRejections (node:internal/process/task_queues:105:5)\n    at async handleNpmRequest (C:\\Users\\priya\\OneDrive\\Desktop\\CodeCache-Pro\\backend\\src\\fetchers\\npmFetcher.js:93:21)","timestamp":"2025-10-16T21:31:28.688Z"}
{"level":"error","message":"Attempt 2 failed for triple-beam@1.3.5: Could not find shasum for triple-beam@1.3.5 in metadata.","timestamp":"2025-10-16T21:31:28.703Z"}
{"level":"error","message":"Attempt 2 failed for basic-auth@1.1.8: Could not find shasum for basic-auth@1.1.8 in metadata.","timestamp":"2025-10-16T21:31:28.723Z"}
{"level":"error","message":"Attempt 2 failed for on-finished@2.3.5: Could not find shasum for on-finished@2.3.5 in metadata.","timestamp":"2025-10-16T21:31:28.728Z"}
{"level":"error","message":"Attempt 3 failed for ee-first@1.1.3: Could not find shasum for ee-first@1.1.3 in metadata.","timestamp":"2025-10-16T21:31:28.737Z"}
{"level":"error","message":"[FAIL] Failed to fetch and cache ee-first@1.1.3: Failed to fetch ee-first@1.1.3 after 3 attempts.","stack":"Error: Failed to fetch ee-first@1.1.3 after 3 attempts.\n    at fetchAndCachePackage (C:\\Users\\priya\\OneDrive\\Desktop\\CodeCache-Pro\\backend\\src\\fetchers\\npmFetcher.js:172:23)\n    at process.processTicksAndRejections (node:internal/process/task_queues:105:5)\n    at async handleNpmRequest (C:\\Users\\priya\\OneDrive\\Desktop\\CodeCache-Pro\\backend\\src\\fetchers\\npmFetcher.js:93:21)","timestamp":"2025-10-16T21:31:28.739Z"}
{"level":"error","message":"500 - Failed to fetch ee-first@1.1.3 after 3 attempts. - /npm/@types/ee-first/-/ee-first-1.1.3.tgz - GET - 192.168.137.1","timestamp":"2025-10-16T21:31:28.742Z"}
{"level":"error","message":"Error: Failed to fetch ee-first@1.1.3 after 3 attempts.\n    at fetchAndCachePackage (C:\\Users\\priya\\OneDrive\\Desktop\\CodeCache-Pro\\backend\\src\\fetchers\\npmFetcher.js:172:23)\n    at process.processTicksAndRejections (node:internal/process/task_queues:105:5)\n    at async handleNpmRequest (C:\\Users\\priya\\OneDrive\\Desktop\\CodeCache-Pro\\backend\\src\\fetchers\\npmFetcher.js:93:21)","timestamp":"2025-10-16T21:31:28.743Z"}
{"level":"error","message":"Attempt 2 failed for on-headers@1.0.4: Could not find shasum for on-headers@1.0.4 in metadata.","timestamp":"2025-10-16T21:31:28.750Z"}
{"level":"error","message":"Attempt 2 failed for depd@1.1.37: Could not find shasum for depd@1.1.37 in metadata.","timestamp":"2025-10-16T21:31:28.780Z"}
{"level":"error","message":"Attempt 3 failed for on-finished@2.3.5: Could not find shasum for on-finished@2.3.5 in metadata.","timestamp":"2025-10-16T21:31:28.795Z"}
{"level":"error","message":"[FAIL] Failed to fetch and cache on-finished@2.3.5: Failed to fetch on-finished@2.3.5 after 3 attempts.","stack":"Error: Failed to fetch on-finished@2.3.5 after 3 attempts.\n    at fetchAndCachePackage (C:\\Users\\priya\\OneDrive\\Desktop\\CodeCache-Pro\\backend\\src\\fetchers\\npmFetcher.js:172:23)\n    at process.processTicksAndRejections (node:internal/process/task_queues:105:5)\n    at async handleNpmRequest (C:\\Users\\priya\\OneDrive\\Desktop\\CodeCache-Pro\\backend\\src\\fetchers\\npmFetcher.js:93:21)","timestamp":"2025-10-16T21:31:28.796Z"}
{"level":"error","message":"500 - Failed to fetch on-finished@2.3.5 after 3 attempts. - /npm/@types/on-finished/-/on-finished-2.3.5.tgz - GET - 192.168.137.1","timestamp":"2025-10-16T21:31:28.797Z"}
{"level":"error","message":"Error: Failed to fetch on-finished@2.3.5 after 3 attempts.\n    at fetchAndCachePackage (C:\\Users\\priya\\OneDrive\\Desktop\\CodeCache-Pro\\backend\\src\\fetchers\\npmFetcher.js:172:23)\n    at process.processTicksAndRejections (node:internal/process/task_queues:105:5)\n    at async handleNpmRequest (C:\\Users\\priya\\OneDrive\\Desktop\\CodeCache-Pro\\backend\\src\\fetchers\\npmFetcher.js:93:21)","timestamp":"2025-10-16T21:31:28.798Z"}
{"level":"error","message":"Attempt 1 failed for graceful-fs@4.1.9: Checksum mismatch for graceful-fs@4.1.9. Expected baacba37d19d11f9d146d3578bc99958c3787e29, got 2a06bc0f68a20ab37b3e36aa238be6abdf49e8b4.","timestamp":"2025-10-16T21:31:28.808Z"}
{"level":"error","message":"Attempt 3 failed for triple-beam@1.3.5: Could not find shasum for triple-beam@1.3.5 in metadata.","timestamp":"2025-10-16T21:31:28.818Z"}
{"level":"error","message":"[FAIL] Failed to fetch and cache triple-beam@1.3.5: Failed to fetch triple-beam@1.3.5 after 3 attempts.","stack":"Error: Failed to fetch triple-beam@1.3.5 after 3 attempts.\n    at fetchAndCachePackage (C:\\Users\\priya\\OneDrive\\Desktop\\CodeCache-Pro\\backend\\src\\fetchers\\npmFetcher.js:172:23)\n    at process.processTicksAndRejections (node:internal/process/task_queues:105:5)\n    at async handleNpmRequest (C:\\Users\\priya\\OneDrive\\Desktop\\CodeCache-Pro\\backend\\src\\fetchers\\npmFetcher.js:93:21)","timestamp":"2025-10-16T21:31:28.819Z"}
{"level":"error","message":"500 - Failed to fetch triple-beam@1.3.5 after 3 attempts. - /npm/@types/triple-beam/-/triple-beam-1.3.5.tgz - GET - 192.168.137.1","timestamp":"2025-10-16T21:31:28.820Z"}
{"level":"error","message":"Error: Failed to fetch triple-beam@1.3.5 after 3 attempts.\n    at fetchAndCachePackage (C:\\Users\\priya\\OneDrive\\Desktop\\CodeCache-Pro\\backend\\src\\fetchers\\npmFetcher.js:172:23)\n    at process.processTicksAndRejections (node:internal/process/task_queues:105:5)\n    at async handleNpmRequest (C:\\Users\\priya\\OneDrive\\Desktop\\CodeCache-Pro\\backend\\src\\fetchers\\npmFetcher.js:93:21)","timestamp":"2025-10-16T21:31:28.821Z"}
{"level":"error","message":"Attempt 3 failed for basic-auth@1.1.8: Could not find shasum for basic-auth@1.1.8 in metadata.","timestamp":"2025-10-16T21:31:28.826Z"}
{"level":"error","message":"[FAIL] Failed to fetch and cache basic-auth@1.1.8: Failed to fetch basic-auth@1.1.8 after 3 attempts.","stack":"Error: Failed to fetch basic-auth@1.1.8 after 3 attempts.\n    at fetchAndCachePackage (C:\\Users\\priya\\OneDrive\\Desktop\\CodeCache-Pro\\backend\\src\\fetchers\\npmFetcher.js:172:23)\n    at process.processTicksAndRejections (node:internal/process/task_queues:105:5)\n    at async handleNpmRequest (C:\\Users\\priya\\OneDrive\\Desktop\\CodeCache-Pro\\backend\\src\\fetchers\\npmFetcher.js:93:21)","timestamp":"2025-10-16T21:31:28.827Z"}
{"level":"error","message":"500 - Failed to fetch basic-auth@1.1.8 after 3 attempts. - /npm/@types/basic-auth/-/basic-auth-1.1.8.tgz - GET - 192.168.137.1","timestamp":"2025-10-16T21:31:28.827Z"}
{"level":"error","message":"Error: Failed to fetch basic-auth@1.1.8 after 3 attempts.\n    at fetchAndCachePackage (C:\\Users\\priya\\OneDrive\\Desktop\\CodeCache-Pro\\backend\\src\\fetchers\\npmFetcher.js:172:23)\n    at process.processTicksAndRejections (node:internal/process/task_queues:105:5)\n    at async handleNpmRequest (C:\\Users\\priya\\OneDrive\\Desktop\\CodeCache-Pro\\backend\\src\\fetchers\\npmFetcher.js:93:21)","timestamp":"2025-10-16T21:31:28.828Z"}
{"level":"error","message":"Attempt 3 failed for on-headers@1.0.4: Could not find shasum for on-headers@1.0.4 in metadata.","timestamp":"2025-10-16T21:31:28.835Z"}
{"level":"error","message":"[FAIL] Failed to fetch and cache on-headers@1.0.4: Failed to fetch on-headers@1.0.4 after 3 attempts.","stack":"Error: Failed to fetch on-headers@1.0.4 after 3 attempts.\n    at fetchAndCachePackage (C:\\Users\\priya\\OneDrive\\Desktop\\CodeCache-Pro\\backend\\src\\fetchers\\npmFetcher.js:172:23)\n    at process.processTicksAndRejections (node:internal/process/task_queues:105:5)\n    at async handleNpmRequest (C:\\Users\\priya\\OneDrive\\Desktop\\CodeCache-Pro\\backend\\src\\fetchers\\npmFetcher.js:93:21)","timestamp":"2025-10-16T21:31:28.836Z"}
{"level":"error","message":"500 - Failed to fetch on-headers@1.0.4 after 3 attempts. - /npm/@types/on-headers/-/on-headers-1.0.4.tgz - GET - 192.168.137.1","timestamp":"2025-10-16T21:31:28.836Z"}
{"level":"error","message":"Error: Failed to fetch on-headers@1.0.4 after 3 attempts.\n    at fetchAndCachePackage (C:\\Users\\priya\\OneDrive\\Desktop\\CodeCache-Pro\\backend\\src\\fetchers\\npmFetcher.js:172:23)\n    at process.processTicksAndRejections (node:internal/process/task_queues:105:5)\n    at async handleNpmRequest (C:\\Users\\priya\\OneDrive\\Desktop\\CodeCache-Pro\\backend\\src\\fetchers\\npmFetcher.js:93:21)","timestamp":"2025-10-16T21:31:28.837Z"}
{"level":"error","message":"Attempt 3 failed for depd@1.1.37: Could not find shasum for depd@1.1.37 in metadata.","timestamp":"2025-10-16T21:31:28.941Z"}
{"level":"error","message":"[FAIL] Failed to fetch and cache depd@1.1.37: Failed to fetch depd@1.1.37 after 3 attempts.","stack":"Error: Failed to fetch depd@1.1.37 after 3 attempts.\n    at fetchAndCachePackage (C:\\Users\\priya\\OneDrive\\Desktop\\CodeCache-Pro\\backend\\src\\fetchers\\npmFetcher.js:172:23)\n    at process.processTicksAndRejections (node:internal/process/task_queues:105:5)\n    at async handleNpmRequest (C:\\Users\\priya\\OneDrive\\Desktop\\CodeCache-Pro\\backend\\src\\fetchers\\npmFetcher.js:93:21)","timestamp":"2025-10-16T21:31:28.942Z"}
{"level":"error","message":"500 - Failed to fetch depd@1.1.37 after 3 attempts. - /npm/@types/depd/-/depd-1.1.37.tgz - GET - 192.168.137.1","timestamp":"2025-10-16T21:31:28.943Z"}
{"level":"error","message":"Error: Failed to fetch depd@1.1.37 after 3 attempts.\n    at fetchAndCachePackage (C:\\Users\\priya\\OneDrive\\Desktop\\CodeCache-Pro\\backend\\src\\fetchers\\npmFetcher.js:172:23)\n    at process.processTicksAndRejections (node:internal/process/task_queues:105:5)\n    at async handleNpmRequest (C:\\Users\\priya\\OneDrive\\Desktop\\CodeCache-Pro\\backend\\src\\fetchers\\npmFetcher.js:93:21)","timestamp":"2025-10-16T21:31:28.943Z"}
{"level":"error","message":"Attempt 2 failed for graceful-fs@4.1.9: Checksum mismatch for graceful-fs@4.1.9. Expected baacba37d19d11f9d146d3578bc99958c3787e29, got 2a06bc0f68a20ab37b3e36aa238be6abdf49e8b4.","timestamp":"2025-10-16T21:31:28.989Z"}
{"level":"error","message":"Attempt 3 failed for graceful-fs@4.1.9: Checksum mismatch for graceful-fs@4.1.9. Expected baacba37d19d11f9d146d3578bc99958c3787e29, got 2a06bc0f68a20ab37b3e36aa238be6abdf49e8b4.","timestamp":"2025-10-16T21:31:29.132Z"}
{"level":"error","message":"[FAIL] Failed to fetch and cache graceful-fs@4.1.9: Failed to fetch graceful-fs@4.1.9 after 3 attempts.","stack":"Error: Failed to fetch graceful-fs@4.1.9 after 3 attempts.\n    at fetchAndCachePackage (C:\\Users\\priya\\OneDrive\\Desktop\\CodeCache-Pro\\backend\\src\\fetchers\\npmFetcher.js:172:23)\n    at async handleNpmRequest (C:\\Users\\priya\\OneDrive\\Desktop\\CodeCache-Pro\\backend\\src\\fetchers\\npmFetcher.js:93:21)","timestamp":"2025-10-16T21:31:29.133Z"}
{"level":"error","message":"500 - Failed to fetch graceful-fs@4.1.9 after 3 attempts. - /npm/@types/graceful-fs/-/graceful-fs-4.1.9.tgz - GET - 192.168.137.1","timestamp":"2025-10-16T21:31:29.134Z"}
{"level":"error","message":"Error: Failed to fetch graceful-fs@4.1.9 after 3 attempts.\n    at fetchAndCachePackage (C:\\Users\\priya\\OneDrive\\Desktop\\CodeCache-Pro\\backend\\src\\fetchers\\npmFetcher.js:172:23)\n    at async handleNpmRequest (C:\\Users\\priya\\OneDrive\\Desktop\\CodeCache-Pro\\backend\\src\\fetchers\\npmFetcher.js:93:21)","timestamp":"2025-10-16T21:31:29.136Z"}
{"level":"info","message":"[MISS] retry@0.12.5. Fetching from upstream.","timestamp":"2025-10-16T21:31:38.819Z"}
{"level":"info","message":"[MISS] ee-first@1.1.3. Fetching from upstream.","timestamp":"2025-10-16T21:31:38.825Z"}
{"level":"info","message":"[MISS] on-headers@1.0.4. Fetching from upstream.","timestamp":"2025-10-16T21:31:38.884Z"}
{"level":"info","message":"[MISS] on-finished@2.3.5. Fetching from upstream.","timestamp":"2025-10-16T21:31:38.889Z"}
{"level":"info","message":"[MISS] triple-beam@1.3.5. Fetching from upstream.","timestamp":"2025-10-16T21:31:38.894Z"}
{"level":"info","message":"[MISS] basic-auth@1.1.8. Fetching from upstream.","timestamp":"2025-10-16T21:31:38.899Z"}
{"level":"error","message":"Attempt 1 failed for retry@0.12.5: Could not find shasum for retry@0.12.5 in metadata.","timestamp":"2025-10-16T21:31:38.924Z"}
{"level":"error","message":"Attempt 1 failed for ee-first@1.1.3: Could not find shasum for ee-first@1.1.3 in metadata.","timestamp":"2025-10-16T21:31:38.930Z"}
{"level":"error","message":"Attempt 2 failed for retry@0.12.5: Could not find shasum for retry@0.12.5 in metadata.","timestamp":"2025-10-16T21:31:38.965Z"}
{"level":"info","message":"[MISS] depd@1.1.37. Fetching from upstream.","timestamp":"2025-10-16T21:31:38.968Z"}
{"level":"error","message":"Attempt 2 failed for ee-first@1.1.3: Could not find shasum for ee-first@1.1.3 in metadata.","timestamp":"2025-10-16T21:31:38.979Z"}
{"level":"error","message":"Attempt 3 failed for retry@0.12.5: Could not find shasum for retry@0.12.5 in metadata.","timestamp":"2025-10-16T21:31:39.006Z"}
{"level":"error","message":"[FAIL] Failed to fetch and cache retry@0.12.5: Failed to fetch retry@0.12.5 after 3 attempts.","stack":"Error: Failed to fetch retry@0.12.5 after 3 attempts.\n    at fetchAndCachePackage (C:\\Users\\priya\\OneDrive\\Desktop\\CodeCache-Pro\\backend\\src\\fetchers\\npmFetcher.js:172:23)\n    at process.processTicksAndRejections (node:internal/process/task_queues:105:5)\n    at async handleNpmRequest (C:\\Users\\priya\\OneDrive\\Desktop\\CodeCache-Pro\\backend\\src\\fetchers\\npmFetcher.js:93:21)","timestamp":"2025-10-16T21:31:39.007Z"}
{"level":"error","message":"500 - Failed to fetch retry@0.12.5 after 3 attempts. - /npm/@types/retry/-/retry-0.12.5.tgz - GET - 192.168.137.1","timestamp":"2025-10-16T21:31:39.008Z"}
{"level":"error","message":"Error: Failed to fetch retry@0.12.5 after 3 attempts.\n    at fetchAndCachePackage (C:\\Users\\priya\\OneDrive\\Desktop\\CodeCache-Pro\\backend\\src\\fetchers\\npmFetcher.js:172:23)\n    at process.processTicksAndRejections (node:internal/process/task_queues:105:5)\n    at async handleNpmRequest (C:\\Users\\priya\\OneDrive\\Desktop\\CodeCache-Pro\\backend\\src\\fetchers\\npmFetcher.js:93:21)","timestamp":"2025-10-16T21:31:39.009Z"}
{"level":"error","message":"Attempt 3 failed for ee-first@1.1.3: Could not find shasum for ee-first@1.1.3 in metadata.","timestamp":"2025-10-16T21:31:39.018Z"}
{"level":"error","message":"[FAIL] Failed to fetch and cache ee-first@1.1.3: Failed to fetch ee-first@1.1.3 after 3 attempts.","stack":"Error: Failed to fetch ee-first@1.1.3 after 3 attempts.\n    at fetchAndCachePackage (C:\\Users\\priya\\OneDrive\\Desktop\\CodeCache-Pro\\backend\\src\\fetchers\\npmFetcher.js:172:23)\n    at process.processTicksAndRejections (node:internal/process/task_queues:105:5)\n    at async handleNpmRequest (C:\\Users\\priya\\OneDrive\\Desktop\\CodeCache-Pro\\backend\\src\\fetchers\\npmFetcher.js:93:21)","timestamp":"2025-10-16T21:31:39.019Z"}
{"level":"error","message":"500 - Failed to fetch ee-first@1.1.3 after 3 attempts. - /npm/@types/ee-first/-/ee-first-1.1.3.tgz - GET - 192.168.137.1","timestamp":"2025-10-16T21:31:39.020Z"}
{"level":"error","message":"Error: Failed to fetch ee-first@1.1.3 after 3 attempts.\n    at fetchAndCachePackage (C:\\Users\\priya\\OneDrive\\Desktop\\CodeCache-Pro\\backend\\src\\fetchers\\npmFetcher.js:172:23)\n    at process.processTicksAndRejections (node:internal/process/task_queues:105:5)\n    at async handleNpmRequest (C:\\Users\\priya\\OneDrive\\Desktop\\CodeCache-Pro\\backend\\src\\fetchers\\npmFetcher.js:93:21)","timestamp":"2025-10-16T21:31:39.020Z"}
{"level":"error","message":"Attempt 1 failed for on-finished@2.3.5: Could not find shasum for on-finished@2.3.5 in metadata.","timestamp":"2025-10-16T21:31:39.023Z"}
{"level":"info","message":"[MISS] graceful-fs@4.1.9. Fetching from upstream.","timestamp":"2025-10-16T21:31:39.971Z"}
{"level":"error","message":"Attempt 1 failed for depd@1.1.37: Could not find shasum for depd@1.1.37 in metadata.","timestamp":"2025-10-16T21:31:39.989Z"}
{"level":"error","message":"Attempt 2 failed for on-finished@2.3.5: Could not find shasum for on-finished@2.3.5 in metadata.","timestamp":"2025-10-16T21:31:39.993Z"}
{"level":"error","message":"Attempt 2 failed for depd@1.1.37: Could not find shasum for depd@1.1.37 in metadata.","timestamp":"2025-10-16T21:31:40.105Z"}
{"level":"error","message":"Attempt 3 failed for on-finished@2.3.5: Could not find shasum for on-finished@2.3.5 in metadata.","timestamp":"2025-10-16T21:31:40.117Z"}
{"level":"error","message":"[FAIL] Failed to fetch and cache on-finished@2.3.5: Failed to fetch on-finished@2.3.5 after 3 attempts.","stack":"Error: Failed to fetch on-finished@2.3.5 after 3 attempts.\n    at fetchAndCachePackage (C:\\Users\\priya\\OneDrive\\Desktop\\CodeCache-Pro\\backend\\src\\fetchers\\npmFetcher.js:172:23)\n    at process.processTicksAndRejections (node:internal/process/task_queues:105:5)\n    at async handleNpmRequest (C:\\Users\\priya\\OneDrive\\Desktop\\CodeCache-Pro\\backend\\src\\fetchers\\npmFetcher.js:93:21)","timestamp":"2025-10-16T21:31:40.118Z"}
{"level":"error","message":"500 - Failed to fetch on-finished@2.3.5 after 3 attempts. - /npm/@types/on-finished/-/on-finished-2.3.5.tgz - GET - 192.168.137.1","timestamp":"2025-10-16T21:31:40.119Z"}
{"level":"error","message":"Error: Failed to fetch on-finished@2.3.5 after 3 attempts.\n    at fetchAndCachePackage (C:\\Users\\priya\\OneDrive\\Desktop\\CodeCache-Pro\\backend\\src\\fetchers\\npmFetcher.js:172:23)\n    at process.processTicksAndRejections (node:internal/process/task_queues:105:5)\n    at async handleNpmRequest (C:\\Users\\priya\\OneDrive\\Desktop\\CodeCache-Pro\\backend\\src\\fetchers\\npmFetcher.js:93:21)","timestamp":"2025-10-16T21:31:40.119Z"}
{"level":"error","message":"Attempt 1 failed for triple-beam@1.3.5: Could not find shasum for triple-beam@1.3.5 in metadata.","timestamp":"2025-10-16T21:31:40.125Z"}
{"level":"error","message":"Attempt 3 failed for depd@1.1.37: Could not find shasum for depd@1.1.37 in metadata.","timestamp":"2025-10-16T21:31:40.183Z"}
{"level":"error","message":"[FAIL] Failed to fetch and cache depd@1.1.37: Failed to fetch depd@1.1.37 after 3 attempts.","stack":"Error: Failed to fetch depd@1.1.37 after 3 attempts.\n    at fetchAndCachePackage (C:\\Users\\priya\\OneDrive\\Desktop\\CodeCache-Pro\\backend\\src\\fetchers\\npmFetcher.js:172:23)\n    at process.processTicksAndRejections (node:internal/process/task_queues:105:5)\n    at async handleNpmRequest (C:\\Users\\priya\\OneDrive\\Desktop\\CodeCache-Pro\\backend\\src\\fetchers\\npmFetcher.js:93:21)","timestamp":"2025-10-16T21:31:40.184Z"}
{"level":"error","message":"500 - Failed to fetch depd@1.1.37 after 3 attempts. - /npm/@types/depd/-/depd-1.1.37.tgz - GET - 192.168.137.1","timestamp":"2025-10-16T21:31:40.185Z"}
{"level":"error","message":"Error: Failed to fetch depd@1.1.37 after 3 attempts.\n    at fetchAndCachePackage (C:\\Users\\priya\\OneDrive\\Desktop\\CodeCache-Pro\\backend\\src\\fetchers\\npmFetcher.js:172:23)\n    at process.processTicksAndRejections (node:internal/process/task_queues:105:5)\n    at async handleNpmRequest (C:\\Users\\priya\\OneDrive\\Desktop\\CodeCache-Pro\\backend\\src\\fetchers\\npmFetcher.js:93:21)","timestamp":"2025-10-16T21:31:40.186Z"}
{"level":"error","message":"Attempt 1 failed for graceful-fs@4.1.9: Checksum mismatch for graceful-fs@4.1.9. Expected baacba37d19d11f9d146d3578bc99958c3787e29, got 2a06bc0f68a20ab37b3e36aa238be6abdf49e8b4.","timestamp":"2025-10-16T21:31:40.192Z"}
{"level":"error","message":"Attempt 2 failed for triple-beam@1.3.5: Could not find shasum for triple-beam@1.3.5 in metadata.","timestamp":"2025-10-16T21:31:40.197Z"}
{"level":"error","message":"Attempt 3 failed for triple-beam@1.3.5: Could not find shasum for triple-beam@1.3.5 in metadata.","timestamp":"2025-10-16T21:31:40.261Z"}
{"level":"error","message":"[FAIL] Failed to fetch and cache triple-beam@1.3.5: Failed to fetch triple-beam@1.3.5 after 3 attempts.","stack":"Error: Failed to fetch triple-beam@1.3.5 after 3 attempts.\n    at fetchAndCachePackage (C:\\Users\\priya\\OneDrive\\Desktop\\CodeCache-Pro\\backend\\src\\fetchers\\npmFetcher.js:172:23)\n    at process.processTicksAndRejections (node:internal/process/task_queues:105:5)\n    at async handleNpmRequest (C:\\Users\\priya\\OneDrive\\Desktop\\CodeCache-Pro\\backend\\src\\fetchers\\npmFetcher.js:93:21)","timestamp":"2025-10-16T21:31:40.262Z"}
{"level":"error","message":"500 - Failed to fetch triple-beam@1.3.5 after 3 attempts. - /npm/@types/triple-beam/-/triple-beam-1.3.5.tgz - GET - 192.168.137.1","timestamp":"2025-10-16T21:31:40.263Z"}
{"level":"error","message":"Error: Failed to fetch triple-beam@1.3.5 after 3 attempts.\n    at fetchAndCachePackage (C:\\Users\\priya\\OneDrive\\Desktop\\CodeCache-Pro\\backend\\src\\fetchers\\npmFetcher.js:172:23)\n    at process.processTicksAndRejections (node:internal/process/task_queues:105:5)\n    at async handleNpmRequest (C:\\Users\\priya\\OneDrive\\Desktop\\CodeCache-Pro\\backend\\src\\fetchers\\npmFetcher.js:93:21)","timestamp":"2025-10-16T21:31:40.263Z"}
{"level":"error","message":"Attempt 2 failed for graceful-fs@4.1.9: Checksum mismatch for graceful-fs@4.1.9. Expected baacba37d19d11f9d146d3578bc99958c3787e29, got 2a06bc0f68a20ab37b3e36aa238be6abdf49e8b4.","timestamp":"2025-10-16T21:31:40.356Z"}
{"level":"error","message":"Attempt 1 failed for basic-auth@1.1.8: Could not find shasum for basic-auth@1.1.8 in metadata.","timestamp":"2025-10-16T21:31:40.364Z"}
{"level":"error","message":"Attempt 2 failed for basic-auth@1.1.8: Could not find shasum for basic-auth@1.1.8 in metadata.","timestamp":"2025-10-16T21:31:40.447Z"}
{"level":"error","message":"Attempt 3 failed for basic-auth@1.1.8: Could not find shasum for basic-auth@1.1.8 in metadata.","timestamp":"2025-10-16T21:31:40.496Z"}
{"level":"error","message":"[FAIL] Failed to fetch and cache basic-auth@1.1.8: Failed to fetch basic-auth@1.1.8 after 3 attempts.","stack":"Error: Failed to fetch basic-auth@1.1.8 after 3 attempts.\n    at fetchAndCachePackage (C:\\Users\\priya\\OneDrive\\Desktop\\CodeCache-Pro\\backend\\src\\fetchers\\npmFetcher.js:172:23)\n    at process.processTicksAndRejections (node:internal/process/task_queues:105:5)\n    at async handleNpmRequest (C:\\Users\\priya\\OneDrive\\Desktop\\CodeCache-Pro\\backend\\src\\fetchers\\npmFetcher.js:93:21)","timestamp":"2025-10-16T21:31:40.497Z"}
{"level":"error","message":"500 - Failed to fetch basic-auth@1.1.8 after 3 attempts. - /npm/@types/basic-auth/-/basic-auth-1.1.8.tgz - GET - 192.168.137.1","timestamp":"2025-10-16T21:31:40.497Z"}
{"level":"error","message":"Error: Failed to fetch basic-auth@1.1.8 after 3 attempts.\n    at fetchAndCachePackage (C:\\Users\\priya\\OneDrive\\Desktop\\CodeCache-Pro\\backend\\src\\fetchers\\npmFetcher.js:172:23)\n    at process.processTicksAndRejections (node:internal/process/task_queues:105:5)\n    at async handleNpmRequest (C:\\Users\\priya\\OneDrive\\Desktop\\CodeCache-Pro\\backend\\src\\fetchers\\npmFetcher.js:93:21)","timestamp":"2025-10-16T21:31:40.498Z"}
{"level":"error","message":"Attempt 3 failed for graceful-fs@4.1.9: Checksum mismatch for graceful-fs@4.1.9. Expected baacba37d19d11f9d146d3578bc99958c3787e29, got 2a06bc0f68a20ab37b3e36aa238be6abdf49e8b4.","timestamp":"2025-10-16T21:31:40.504Z"}
{"level":"error","message":"[FAIL] Failed to fetch and cache graceful-fs@4.1.9: Failed to fetch graceful-fs@4.1.9 after 3 attempts.","stack":"Error: Failed to fetch graceful-fs@4.1.9 after 3 attempts.\n    at fetchAndCachePackage (C:\\Users\\priya\\OneDrive\\Desktop\\CodeCache-Pro\\backend\\src\\fetchers\\npmFetcher.js:172:23)\n    at async handleNpmRequest (C:\\Users\\priya\\OneDrive\\Desktop\\CodeCache-Pro\\backend\\src\\fetchers\\npmFetcher.js:93:21)","timestamp":"2025-10-16T21:31:40.505Z"}
{"level":"error","message":"500 - Failed to fetch graceful-fs@4.1.9 after 3 attempts. - /npm/@types/graceful-fs/-/graceful-fs-4.1.9.tgz - GET - 192.168.137.1","timestamp":"2025-10-16T21:31:40.506Z"}
{"level":"error","message":"Error: Failed to fetch graceful-fs@4.1.9 after 3 attempts.\n    at fetchAndCachePackage (C:\\Users\\priya\\OneDrive\\Desktop\\CodeCache-Pro\\backend\\src\\fetchers\\npmFetcher.js:172:23)\n    at async handleNpmRequest (C:\\Users\\priya\\OneDrive\\Desktop\\CodeCache-Pro\\backend\\src\\fetchers\\npmFetcher.js:93:21)","timestamp":"2025-10-16T21:31:40.506Z"}
{"level":"error","message":"Attempt 1 failed for on-headers@1.0.4: Could not find shasum for on-headers@1.0.4 in metadata.","timestamp":"2025-10-16T21:31:40.554Z"}
{"level":"error","message":"Attempt 2 failed for on-headers@1.0.4: Could not find shasum for on-headers@1.0.4 in metadata.","timestamp":"2025-10-16T21:31:40.597Z"}
{"level":"error","message":"Attempt 3 failed for on-headers@1.0.4: Could not find shasum for on-headers@1.0.4 in metadata.","timestamp":"2025-10-16T21:31:40.635Z"}
{"level":"error","message":"[FAIL] Failed to fetch and cache on-headers@1.0.4: Failed to fetch on-headers@1.0.4 after 3 attempts.","stack":"Error: Failed to fetch on-headers@1.0.4 after 3 attempts.\n    at fetchAndCachePackage (C:\\Users\\priya\\OneDrive\\Desktop\\CodeCache-Pro\\backend\\src\\fetchers\\npmFetcher.js:172:23)\n    at process.processTicksAndRejections (node:internal/process/task_queues:105:5)\n    at async handleNpmRequest (C:\\Users\\priya\\OneDrive\\Desktop\\CodeCache-Pro\\backend\\src\\fetchers\\npmFetcher.js:93:21)","timestamp":"2025-10-16T21:31:40.636Z"}
{"level":"error","message":"500 - Failed to fetch on-headers@1.0.4 after 3 attempts. - /npm/@types/on-headers/-/on-headers-1.0.4.tgz - GET - 192.168.137.1","timestamp":"2025-10-16T21:31:40.637Z"}
{"level":"error","message":"Error: Failed to fetch on-headers@1.0.4 after 3 attempts.\n    at fetchAndCachePackage (C:\\Users\\priya\\OneDrive\\Desktop\\CodeCache-Pro\\backend\\src\\fetchers\\npmFetcher.js:172:23)\n    at process.processTicksAndRejections (node:internal/process/task_queues:105:5)\n    at async handleNpmRequest (C:\\Users\\priya\\OneDrive\\Desktop\\CodeCache-Pro\\backend\\src\\fetchers\\npmFetcher.js:93:21)","timestamp":"2025-10-16T21:31:40.638Z"}
{"level":"info","message":"[MISS] triple-beam@1.3.5. Fetching from upstream.","timestamp":"2025-10-16T21:32:16.498Z"}
{"level":"info","message":"[MISS] colorspace@1.1.6. Fetching from upstream.","timestamp":"2025-10-16T21:32:16.504Z"}
{"level":"error","message":"Attempt 1 failed for colorspace@1.1.6: Could not find shasum for colorspace@1.1.6 in metadata.","timestamp":"2025-10-16T21:32:16.706Z"}
{"level":"error","message":"Attempt 2 failed for colorspace@1.1.6: Could not find shasum for colorspace@1.1.6 in metadata.","timestamp":"2025-10-16T21:32:16.767Z"}
{"level":"error","message":"Attempt 3 failed for colorspace@1.1.6: Could not find shasum for colorspace@1.1.6 in metadata.","timestamp":"2025-10-16T21:32:16.823Z"}
{"level":"error","message":"[FAIL] Failed to fetch and cache colorspace@1.1.6: Failed to fetch colorspace@1.1.6 after 3 attempts.","stack":"Error: Failed to fetch colorspace@1.1.6 after 3 attempts.\n    at fetchAndCachePackage (C:\\Users\\priya\\OneDrive\\Desktop\\CodeCache-Pro\\backend\\src\\fetchers\\npmFetcher.js:172:23)\n    at process.processTicksAndRejections (node:internal/process/task_queues:105:5)\n    at async handleNpmRequest (C:\\Users\\priya\\OneDrive\\Desktop\\CodeCache-Pro\\backend\\src\\fetchers\\npmFetcher.js:93:21)","timestamp":"2025-10-16T21:32:16.825Z"}
{"level":"error","message":"500 - Failed to fetch colorspace@1.1.6 after 3 attempts. - /npm/@so-ric/colorspace/-/colorspace-1.1.6.tgz - GET - 192.168.137.1","timestamp":"2025-10-16T21:32:16.829Z"}
{"level":"error","message":"Error: Failed to fetch colorspace@1.1.6 after 3 attempts.\n    at fetchAndCachePackage (C:\\Users\\priya\\OneDrive\\Desktop\\CodeCache-Pro\\backend\\src\\fetchers\\npmFetcher.js:172:23)\n    at process.processTicksAndRejections (node:internal/process/task_queues:105:5)\n    at async handleNpmRequest (C:\\Users\\priya\\OneDrive\\Desktop\\CodeCache-Pro\\backend\\src\\fetchers\\npmFetcher.js:93:21)","timestamp":"2025-10-16T21:32:16.830Z"}
{"level":"error","message":"Attempt 1 failed for triple-beam@1.3.5: Could not find shasum for triple-beam@1.3.5 in metadata.","timestamp":"2025-10-16T21:32:16.913Z"}
{"level":"error","message":"Attempt 2 failed for triple-beam@1.3.5: Could not find shasum for triple-beam@1.3.5 in metadata.","timestamp":"2025-10-16T21:32:17.018Z"}
{"level":"info","message":"[MISS] colors@1.6.0. Fetching from upstream.","timestamp":"2025-10-16T21:32:18.022Z"}
{"level":"info","message":"[MISS] once@1.1.2. Fetching from upstream.","timestamp":"2025-10-16T21:32:18.067Z"}
{"level":"info","message":"[MISS] diagnostics@2.0.8. Fetching from upstream.","timestamp":"2025-10-16T21:32:18.073Z"}
{"level":"info","message":"[MISS] move-file@1.1.2. Fetching from upstream.","timestamp":"2025-10-16T21:32:18.080Z"}
{"level":"info","message":"[MISS] fs@1.1.1. Fetching from upstream.","timestamp":"2025-10-16T21:32:18.085Z"}
{"level":"error","message":"Attempt 3 failed for triple-beam@1.3.5: Could not find shasum for triple-beam@1.3.5 in metadata.","timestamp":"2025-10-16T21:32:18.091Z"}
{"level":"error","message":"[FAIL] Failed to fetch and cache triple-beam@1.3.5: Failed to fetch triple-beam@1.3.5 after 3 attempts.","stack":"Error: Failed to fetch triple-beam@1.3.5 after 3 attempts.\n    at fetchAndCachePackage (C:\\Users\\priya\\OneDrive\\Desktop\\CodeCache-Pro\\backend\\src\\fetchers\\npmFetcher.js:172:23)\n    at process.processTicksAndRejections (node:internal/process/task_queues:105:5)\n    at async handleNpmRequest (C:\\Users\\priya\\OneDrive\\Desktop\\CodeCache-Pro\\backend\\src\\fetchers\\npmFetcher.js:93:21)","timestamp":"2025-10-16T21:32:18.092Z"}
{"level":"error","message":"500 - Failed to fetch triple-beam@1.3.5 after 3 attempts. - /npm/@types/triple-beam/-/triple-beam-1.3.5.tgz - GET - 192.168.137.1","timestamp":"2025-10-16T21:32:18.093Z"}
{"level":"error","message":"Error: Failed to fetch triple-beam@1.3.5 after 3 attempts.\n    at fetchAndCachePackage (C:\\Users\\priya\\OneDrive\\Desktop\\CodeCache-Pro\\backend\\src\\fetchers\\npmFetcher.js:172:23)\n    at process.processTicksAndRejections (node:internal/process/task_queues:105:5)\n    at async handleNpmRequest (C:\\Users\\priya\\OneDrive\\Desktop\\CodeCache-Pro\\backend\\src\\fetchers\\npmFetcher.js:93:21)","timestamp":"2025-10-16T21:32:18.094Z"}
{"level":"error","message":"Attempt 1 failed for colors@1.6.0: Could not find shasum for colors@1.6.0 in metadata.","timestamp":"2025-10-16T21:32:18.104Z"}
{"level":"error","message":"Attempt 2 failed for colors@1.6.0: Could not find shasum for colors@1.6.0 in metadata.","timestamp":"2025-10-16T21:32:18.148Z"}
{"level":"info","message":"[MISS] promisify@1.1.3. Fetching from upstream.","timestamp":"2025-10-16T21:32:18.179Z"}
{"level":"error","message":"Attempt 1 failed for diagnostics@2.0.8: Could not find shasum for diagnostics@2.0.8 in metadata.","timestamp":"2025-10-16T21:32:18.208Z"}
{"level":"error","message":"Attempt 1 failed for once@1.1.2: Could not find shasum for once@1.1.2 in metadata.","timestamp":"2025-10-16T21:32:18.213Z"}
{"level":"error","message":"Attempt 1 failed for promisify@1.1.3: Could not find shasum for promisify@1.1.3 in metadata.","timestamp":"2025-10-16T21:32:18.223Z"}
{"level":"error","message":"Attempt 3 failed for colors@1.6.0: Could not find shasum for colors@1.6.0 in metadata.","timestamp":"2025-10-16T21:32:18.226Z"}
{"level":"error","message":"[FAIL] Failed to fetch and cache colors@1.6.0: Failed to fetch colors@1.6.0 after 3 attempts.","stack":"Error: Failed to fetch colors@1.6.0 after 3 attempts.\n    at fetchAndCachePackage (C:\\Users\\priya\\OneDrive\\Desktop\\CodeCache-Pro\\backend\\src\\fetchers\\npmFetcher.js:172:23)\n    at process.processTicksAndRejections (node:internal/process/task_queues:105:5)\n    at async handleNpmRequest (C:\\Users\\priya\\OneDrive\\Desktop\\CodeCache-Pro\\backend\\src\\fetchers\\npmFetcher.js:93:21)","timestamp":"2025-10-16T21:32:18.227Z"}
{"level":"error","message":"500 - Failed to fetch colors@1.6.0 after 3 attempts. - /npm/@colors/colors/-/colors-1.6.0.tgz - GET - 192.168.137.1","timestamp":"2025-10-16T21:32:18.228Z"}
{"level":"error","message":"Error: Failed to fetch colors@1.6.0 after 3 attempts.\n    at fetchAndCachePackage (C:\\Users\\priya\\OneDrive\\Desktop\\CodeCache-Pro\\backend\\src\\fetchers\\npmFetcher.js:172:23)\n    at process.processTicksAndRejections (node:internal/process/task_queues:105:5)\n    at async handleNpmRequest (C:\\Users\\priya\\OneDrive\\Desktop\\CodeCache-Pro\\backend\\src\\fetchers\\npmFetcher.js:93:21)","timestamp":"2025-10-16T21:32:18.228Z"}
{"level":"error","message":"Attempt 2 failed for diagnostics@2.0.8: Could not find shasum for diagnostics@2.0.8 in metadata.","timestamp":"2025-10-16T21:32:18.706Z"}
{"level":"error","message":"Attempt 2 failed for once@1.1.2: Could not find shasum for once@1.1.2 in metadata.","timestamp":"2025-10-16T21:32:18.709Z"}
{"level":"error","message":"Attempt 2 failed for promisify@1.1.3: Could not find shasum for promisify@1.1.3 in metadata.","timestamp":"2025-10-16T21:32:18.718Z"}
{"level":"error","message":"Attempt 3 failed for diagnostics@2.0.8: Could not find shasum for diagnostics@2.0.8 in metadata.","timestamp":"2025-10-16T21:32:18.753Z"}
{"level":"error","message":"[FAIL] Failed to fetch and cache diagnostics@2.0.8: Failed to fetch diagnostics@2.0.8 after 3 attempts.","stack":"Error: Failed to fetch diagnostics@2.0.8 after 3 attempts.\n    at fetchAndCachePackage (C:\\Users\\priya\\OneDrive\\Desktop\\CodeCache-Pro\\backend\\src\\fetchers\\npmFetcher.js:172:23)\n    at process.processTicksAndRejections (node:internal/process/task_queues:105:5)\n    at async handleNpmRequest (C:\\Users\\priya\\OneDrive\\Desktop\\CodeCache-Pro\\backend\\src\\fetchers\\npmFetcher.js:93:21)","timestamp":"2025-10-16T21:32:18.754Z"}
{"level":"error","message":"500 - Failed to fetch diagnostics@2.0.8 after 3 attempts. - /npm/@dabh/diagnostics/-/diagnostics-2.0.8.tgz - GET - 192.168.137.1","timestamp":"2025-10-16T21:32:18.755Z"}
{"level":"error","message":"Error: Failed to fetch diagnostics@2.0.8 after 3 attempts.\n    at fetchAndCachePackage (C:\\Users\\priya\\OneDrive\\Desktop\\CodeCache-Pro\\backend\\src\\fetchers\\npmFetcher.js:172:23)\n    at process.processTicksAndRejections (node:internal/process/task_queues:105:5)\n    at async handleNpmRequest (C:\\Users\\priya\\OneDrive\\Desktop\\CodeCache-Pro\\backend\\src\\fetchers\\npmFetcher.js:93:21)","timestamp":"2025-10-16T21:32:18.755Z"}
{"level":"error","message":"Attempt 3 failed for once@1.1.2: Could not find shasum for once@1.1.2 in metadata.","timestamp":"2025-10-16T21:32:18.762Z"}
{"level":"error","message":"[FAIL] Failed to fetch and cache once@1.1.2: Failed to fetch once@1.1.2 after 3 attempts.","stack":"Error: Failed to fetch once@1.1.2 after 3 attempts.\n    at fetchAndCachePackage (C:\\Users\\priya\\OneDrive\\Desktop\\CodeCache-Pro\\backend\\src\\fetchers\\npmFetcher.js:172:23)\n    at process.processTicksAndRejections (node:internal/process/task_queues:105:5)\n    at async handleNpmRequest (C:\\Users\\priya\\OneDrive\\Desktop\\CodeCache-Pro\\backend\\src\\fetchers\\npmFetcher.js:93:21)","timestamp":"2025-10-16T21:32:18.763Z"}
{"level":"error","message":"500 - Failed to fetch once@1.1.2 after 3 attempts. - /npm/@tootallnate/once/-/once-1.1.2.tgz - GET - 192.168.137.1","timestamp":"2025-10-16T21:32:18.764Z"}
{"level":"error","message":"Error: Failed to fetch once@1.1.2 after 3 attempts.\n    at fetchAndCachePackage (C:\\Users\\priya\\OneDrive\\Desktop\\CodeCache-Pro\\backend\\src\\fetchers\\npmFetcher.js:172:23)\n    at process.processTicksAndRejections (node:internal/process/task_queues:105:5)\n    at async handleNpmRequest (C:\\Users\\priya\\OneDrive\\Desktop\\CodeCache-Pro\\backend\\src\\fetchers\\npmFetcher.js:93:21)","timestamp":"2025-10-16T21:32:18.766Z"}
{"level":"error","message":"Attempt 3 failed for promisify@1.1.3: Could not find shasum for promisify@1.1.3 in metadata.","timestamp":"2025-10-16T21:32:18.879Z"}
{"level":"error","message":"[FAIL] Failed to fetch and cache promisify@1.1.3: Failed to fetch promisify@1.1.3 after 3 attempts.","stack":"Error: Failed to fetch promisify@1.1.3 after 3 attempts.\n    at fetchAndCachePackage (C:\\Users\\priya\\OneDrive\\Desktop\\CodeCache-Pro\\backend\\src\\fetchers\\npmFetcher.js:172:23)\n    at process.processTicksAndRejections (node:internal/process/task_queues:105:5)\n    at async handleNpmRequest (C:\\Users\\priya\\OneDrive\\Desktop\\CodeCache-Pro\\backend\\src\\fetchers\\npmFetcher.js:93:21)","timestamp":"2025-10-16T21:32:18.880Z"}
{"level":"error","message":"500 - Failed to fetch promisify@1.1.3 after 3 attempts. - /npm/@gar/promisify/-/promisify-1.1.3.tgz - GET - 192.168.137.1","timestamp":"2025-10-16T21:32:18.881Z"}
{"level":"error","message":"Error: Failed to fetch promisify@1.1.3 after 3 attempts.\n    at fetchAndCachePackage (C:\\Users\\priya\\OneDrive\\Desktop\\CodeCache-Pro\\backend\\src\\fetchers\\npmFetcher.js:172:23)\n    at process.processTicksAndRejections (node:internal/process/task_queues:105:5)\n    at async handleNpmRequest (C:\\Users\\priya\\OneDrive\\Desktop\\CodeCache-Pro\\backend\\src\\fetchers\\npmFetcher.js:93:21)","timestamp":"2025-10-16T21:32:18.881Z"}
{"level":"error","message":"Attempt 1 failed for fs@1.1.1: Could not find shasum for fs@1.1.1 in metadata.","timestamp":"2025-10-16T21:32:18.900Z"}
{"level":"error","message":"Attempt 1 failed for move-file@1.1.2: Could not find shasum for move-file@1.1.2 in metadata.","timestamp":"2025-10-16T21:32:18.906Z"}
{"level":"error","message":"Attempt 2 failed for fs@1.1.1: Could not find shasum for fs@1.1.1 in metadata.","timestamp":"2025-10-16T21:32:18.932Z"}
{"level":"error","message":"Attempt 2 failed for move-file@1.1.2: Could not find shasum for move-file@1.1.2 in metadata.","timestamp":"2025-10-16T21:32:18.939Z"}
{"level":"error","message":"Attempt 3 failed for fs@1.1.1: Could not find shasum for fs@1.1.1 in metadata.","timestamp":"2025-10-16T21:32:18.964Z"}
{"level":"error","message":"[FAIL] Failed to fetch and cache fs@1.1.1: Failed to fetch fs@1.1.1 after 3 attempts.","stack":"Error: Failed to fetch fs@1.1.1 after 3 attempts.\n    at fetchAndCachePackage (C:\\Users\\priya\\OneDrive\\Desktop\\CodeCache-Pro\\backend\\src\\fetchers\\npmFetcher.js:172:23)\n    at process.processTicksAndRejections (node:internal/process/task_queues:105:5)\n    at async handleNpmRequest (C:\\Users\\priya\\OneDrive\\Desktop\\CodeCache-Pro\\backend\\src\\fetchers\\npmFetcher.js:93:21)","timestamp":"2025-10-16T21:32:18.965Z"}
{"level":"error","message":"500 - Failed to fetch fs@1.1.1 after 3 attempts. - /npm/@npmcli/fs/-/fs-1.1.1.tgz - GET - 192.168.137.1","timestamp":"2025-10-16T21:32:18.966Z"}
{"level":"error","message":"Error: Failed to fetch fs@1.1.1 after 3 attempts.\n    at fetchAndCachePackage (C:\\Users\\priya\\OneDrive\\Desktop\\CodeCache-Pro\\backend\\src\\fetchers\\npmFetcher.js:172:23)\n    at process.processTicksAndRejections (node:internal/process/task_queues:105:5)\n    at async handleNpmRequest (C:\\Users\\priya\\OneDrive\\Desktop\\CodeCache-Pro\\backend\\src\\fetchers\\npmFetcher.js:93:21)","timestamp":"2025-10-16T21:32:18.966Z"}
{"level":"error","message":"Attempt 3 failed for move-file@1.1.2: Could not find shasum for move-file@1.1.2 in metadata.","timestamp":"2025-10-16T21:32:18.975Z"}
{"level":"error","message":"[FAIL] Failed to fetch and cache move-file@1.1.2: Failed to fetch move-file@1.1.2 after 3 attempts.","stack":"Error: Failed to fetch move-file@1.1.2 after 3 attempts.\n    at fetchAndCachePackage (C:\\Users\\priya\\OneDrive\\Desktop\\CodeCache-Pro\\backend\\src\\fetchers\\npmFetcher.js:172:23)\n    at process.processTicksAndRejections (node:internal/process/task_queues:105:5)\n    at async handleNpmRequest (C:\\Users\\priya\\OneDrive\\Desktop\\CodeCache-Pro\\backend\\src\\fetchers\\npmFetcher.js:93:21)","timestamp":"2025-10-16T21:32:18.976Z"}
{"level":"error","message":"500 - Failed to fetch move-file@1.1.2 after 3 attempts. - /npm/@npmcli/move-file/-/move-file-1.1.2.tgz - GET - 192.168.137.1","timestamp":"2025-10-16T21:32:18.977Z"}
{"level":"error","message":"Error: Failed to fetch move-file@1.1.2 after 3 attempts.\n    at fetchAndCachePackage (C:\\Users\\priya\\OneDrive\\Desktop\\CodeCache-Pro\\backend\\src\\fetchers\\npmFetcher.js:172:23)\n    at process.processTicksAndRejections (node:internal/process/task_queues:105:5)\n    at async handleNpmRequest (C:\\Users\\priya\\OneDrive\\Desktop\\CodeCache-Pro\\backend\\src\\fetchers\\npmFetcher.js:93:21)","timestamp":"2025-10-16T21:32:18.978Z"}
{"level":"info","message":"[HIT] gauge@4.0.4 from C:\\Users\\priya\\OneDrive\\Desktop\\CodeCache-Pro\\cache\\gauge\\gauge-4.0.4.tgz","timestamp":"2025-10-16T21:32:23.635Z"}
{"level":"info","message":"[MISS] retry@0.12.5. Fetching from upstream.","timestamp":"2025-10-16T21:32:39.033Z"}
{"level":"info","message":"[MISS] ee-first@1.1.3. Fetching from upstream.","timestamp":"2025-10-16T21:32:39.038Z"}
{"level":"error","message":"Attempt 1 failed for ee-first@1.1.3: Could not find shasum for ee-first@1.1.3 in metadata.","timestamp":"2025-10-16T21:32:39.435Z"}
{"level":"error","message":"Attempt 2 failed for ee-first@1.1.3: Could not find shasum for ee-first@1.1.3 in metadata.","timestamp":"2025-10-16T21:32:39.472Z"}
{"level":"error","message":"Attempt 1 failed for retry@0.12.5: Could not find shasum for retry@0.12.5 in metadata.","timestamp":"2025-10-16T21:32:39.492Z"}
{"level":"error","message":"Attempt 3 failed for ee-first@1.1.3: Could not find shasum for ee-first@1.1.3 in metadata.","timestamp":"2025-10-16T21:32:39.513Z"}
{"level":"error","message":"[FAIL] Failed to fetch and cache ee-first@1.1.3: Failed to fetch ee-first@1.1.3 after 3 attempts.","stack":"Error: Failed to fetch ee-first@1.1.3 after 3 attempts.\n    at fetchAndCachePackage (C:\\Users\\priya\\OneDrive\\Desktop\\CodeCache-Pro\\backend\\src\\fetchers\\npmFetcher.js:172:23)\n    at process.processTicksAndRejections (node:internal/process/task_queues:105:5)\n    at async handleNpmRequest (C:\\Users\\priya\\OneDrive\\Desktop\\CodeCache-Pro\\backend\\src\\fetchers\\npmFetcher.js:93:21)","timestamp":"2025-10-16T21:32:39.515Z"}
{"level":"error","message":"500 - Failed to fetch ee-first@1.1.3 after 3 attempts. - /npm/@types/ee-first/-/ee-first-1.1.3.tgz - GET - 192.168.137.1","timestamp":"2025-10-16T21:32:39.515Z"}
{"level":"error","message":"Error: Failed to fetch ee-first@1.1.3 after 3 attempts.\n    at fetchAndCachePackage (C:\\Users\\priya\\OneDrive\\Desktop\\CodeCache-Pro\\backend\\src\\fetchers\\npmFetcher.js:172:23)\n    at process.processTicksAndRejections (node:internal/process/task_queues:105:5)\n    at async handleNpmRequest (C:\\Users\\priya\\OneDrive\\Desktop\\CodeCache-Pro\\backend\\src\\fetchers\\npmFetcher.js:93:21)","timestamp":"2025-10-16T21:32:39.516Z"}
{"level":"error","message":"Attempt 2 failed for retry@0.12.5: Could not find shasum for retry@0.12.5 in metadata.","timestamp":"2025-10-16T21:32:39.534Z"}
{"level":"error","message":"Attempt 3 failed for retry@0.12.5: Could not find shasum for retry@0.12.5 in metadata.","timestamp":"2025-10-16T21:32:39.649Z"}
{"level":"error","message":"[FAIL] Failed to fetch and cache retry@0.12.5: Failed to fetch retry@0.12.5 after 3 attempts.","stack":"Error: Failed to fetch retry@0.12.5 after 3 attempts.\n    at fetchAndCachePackage (C:\\Users\\priya\\OneDrive\\Desktop\\CodeCache-Pro\\backend\\src\\fetchers\\npmFetcher.js:172:23)\n    at process.processTicksAndRejections (node:internal/process/task_queues:105:5)\n    at async handleNpmRequest (C:\\Users\\priya\\OneDrive\\Desktop\\CodeCache-Pro\\backend\\src\\fetchers\\npmFetcher.js:93:21)","timestamp":"2025-10-16T21:32:39.653Z"}
{"level":"error","message":"500 - Failed to fetch retry@0.12.5 after 3 attempts. - /npm/@types/retry/-/retry-0.12.5.tgz - GET - 192.168.137.1","timestamp":"2025-10-16T21:32:39.654Z"}
{"level":"error","message":"Error: Failed to fetch retry@0.12.5 after 3 attempts.\n    at fetchAndCachePackage (C:\\Users\\priya\\OneDrive\\Desktop\\CodeCache-Pro\\backend\\src\\fetchers\\npmFetcher.js:172:23)\n    at process.processTicksAndRejections (node:internal/process/task_queues:105:5)\n    at async handleNpmRequest (C:\\Users\\priya\\OneDrive\\Desktop\\CodeCache-Pro\\backend\\src\\fetchers\\npmFetcher.js:93:21)","timestamp":"2025-10-16T21:32:39.654Z"}
{"level":"info","message":"[MISS] on-finished@2.3.5. Fetching from upstream.","timestamp":"2025-10-16T21:32:40.132Z"}
{"level":"error","message":"Attempt 1 failed for on-finished@2.3.5: Could not find shasum for on-finished@2.3.5 in metadata.","timestamp":"2025-10-16T21:32:40.175Z"}
{"level":"error","message":"Attempt 2 failed for on-finished@2.3.5: Could not find shasum for on-finished@2.3.5 in metadata.","timestamp":"2025-10-16T21:32:40.208Z"}
{"level":"info","message":"[MISS] depd@1.1.37. Fetching from upstream.","timestamp":"2025-10-16T21:32:40.213Z"}
{"level":"error","message":"Attempt 3 failed for on-finished@2.3.5: Could not find shasum for on-finished@2.3.5 in metadata.","timestamp":"2025-10-16T21:32:40.242Z"}
{"level":"error","message":"[FAIL] Failed to fetch and cache on-finished@2.3.5: Failed to fetch on-finished@2.3.5 after 3 attempts.","stack":"Error: Failed to fetch on-finished@2.3.5 after 3 attempts.\n    at fetchAndCachePackage (C:\\Users\\priya\\OneDrive\\Desktop\\CodeCache-Pro\\backend\\src\\fetchers\\npmFetcher.js:172:23)\n    at process.processTicksAndRejections (node:internal/process/task_queues:105:5)\n    at async handleNpmRequest (C:\\Users\\priya\\OneDrive\\Desktop\\CodeCache-Pro\\backend\\src\\fetchers\\npmFetcher.js:93:21)","timestamp":"2025-10-16T21:32:40.243Z"}
{"level":"error","message":"500 - Failed to fetch on-finished@2.3.5 after 3 attempts. - /npm/@types/on-finished/-/on-finished-2.3.5.tgz - GET - 192.168.137.1","timestamp":"2025-10-16T21:32:40.244Z"}
{"level":"error","message":"Error: Failed to fetch on-finished@2.3.5 after 3 attempts.\n    at fetchAndCachePackage (C:\\Users\\priya\\OneDrive\\Desktop\\CodeCache-Pro\\backend\\src\\fetchers\\npmFetcher.js:172:23)\n    at process.processTicksAndRejections (node:internal/process/task_queues:105:5)\n    at async handleNpmRequest (C:\\Users\\priya\\OneDrive\\Desktop\\CodeCache-Pro\\backend\\src\\fetchers\\npmFetcher.js:93:21)","timestamp":"2025-10-16T21:32:40.244Z"}
{"level":"error","message":"Attempt 1 failed for depd@1.1.37: Could not find shasum for depd@1.1.37 in metadata.","timestamp":"2025-10-16T21:32:40.252Z"}
{"level":"info","message":"[MISS] triple-beam@1.3.5. Fetching from upstream.","timestamp":"2025-10-16T21:32:40.274Z"}
{"level":"error","message":"Attempt 2 failed for depd@1.1.37: Could not find shasum for depd@1.1.37 in metadata.","timestamp":"2025-10-16T21:32:40.296Z"}
{"level":"error","message":"Attempt 1 failed for triple-beam@1.3.5: Could not find shasum for triple-beam@1.3.5 in metadata.","timestamp":"2025-10-16T21:32:40.308Z"}
{"level":"error","message":"Attempt 3 failed for depd@1.1.37: Could not find shasum for depd@1.1.37 in metadata.","timestamp":"2025-10-16T21:32:40.335Z"}
{"level":"error","message":"[FAIL] Failed to fetch and cache depd@1.1.37: Failed to fetch depd@1.1.37 after 3 attempts.","stack":"Error: Failed to fetch depd@1.1.37 after 3 attempts.\n    at fetchAndCachePackage (C:\\Users\\priya\\OneDrive\\Desktop\\CodeCache-Pro\\backend\\src\\fetchers\\npmFetcher.js:172:23)\n    at process.processTicksAndRejections (node:internal/process/task_queues:105:5)\n    at async handleNpmRequest (C:\\Users\\priya\\OneDrive\\Desktop\\CodeCache-Pro\\backend\\src\\fetchers\\npmFetcher.js:93:21)","timestamp":"2025-10-16T21:32:40.336Z"}
{"level":"error","message":"500 - Failed to fetch depd@1.1.37 after 3 attempts. - /npm/@types/depd/-/depd-1.1.37.tgz - GET - 192.168.137.1","timestamp":"2025-10-16T21:32:40.337Z"}
{"level":"error","message":"Error: Failed to fetch depd@1.1.37 after 3 attempts.\n    at fetchAndCachePackage (C:\\Users\\priya\\OneDrive\\Desktop\\CodeCache-Pro\\backend\\src\\fetchers\\npmFetcher.js:172:23)\n    at process.processTicksAndRejections (node:internal/process/task_queues:105:5)\n    at async handleNpmRequest (C:\\Users\\priya\\OneDrive\\Desktop\\CodeCache-Pro\\backend\\src\\fetchers\\npmFetcher.js:93:21)","timestamp":"2025-10-16T21:32:40.337Z"}
{"level":"error","message":"Attempt 2 failed for triple-beam@1.3.5: Could not find shasum for triple-beam@1.3.5 in metadata.","timestamp":"2025-10-16T21:32:40.342Z"}
{"level":"error","message":"Attempt 3 failed for triple-beam@1.3.5: Could not find shasum for triple-beam@1.3.5 in metadata.","timestamp":"2025-10-16T21:32:40.375Z"}
{"level":"error","message":"[FAIL] Failed to fetch and cache triple-beam@1.3.5: Failed to fetch triple-beam@1.3.5 after 3 attempts.","stack":"Error: Failed to fetch triple-beam@1.3.5 after 3 attempts.\n    at fetchAndCachePackage (C:\\Users\\priya\\OneDrive\\Desktop\\CodeCache-Pro\\backend\\src\\fetchers\\npmFetcher.js:172:23)\n    at process.processTicksAndRejections (node:internal/process/task_queues:105:5)\n    at async handleNpmRequest (C:\\Users\\priya\\OneDrive\\Desktop\\CodeCache-Pro\\backend\\src\\fetchers\\npmFetcher.js:93:21)","timestamp":"2025-10-16T21:32:40.377Z"}
{"level":"error","message":"500 - Failed to fetch triple-beam@1.3.5 after 3 attempts. - /npm/@types/triple-beam/-/triple-beam-1.3.5.tgz - GET - 192.168.137.1","timestamp":"2025-10-16T21:32:40.379Z"}
{"level":"error","message":"Error: Failed to fetch triple-beam@1.3.5 after 3 attempts.\n    at fetchAndCachePackage (C:\\Users\\priya\\OneDrive\\Desktop\\CodeCache-Pro\\backend\\src\\fetchers\\npmFetcher.js:172:23)\n    at process.processTicksAndRejections (node:internal/process/task_queues:105:5)\n    at async handleNpmRequest (C:\\Users\\priya\\OneDrive\\Desktop\\CodeCache-Pro\\backend\\src\\fetchers\\npmFetcher.js:93:21)","timestamp":"2025-10-16T21:32:40.379Z"}
{"level":"info","message":"[MISS] basic-auth@1.1.8. Fetching from upstream.","timestamp":"2025-10-16T21:32:40.521Z"}
{"level":"error","message":"Attempt 1 failed for basic-auth@1.1.8: Could not find shasum for basic-auth@1.1.8 in metadata.","timestamp":"2025-10-16T21:32:40.555Z"}
{"level":"info","message":"[MISS] graceful-fs@4.1.9. Fetching from upstream.","timestamp":"2025-10-16T21:32:40.571Z"}
{"level":"error","message":"Attempt 2 failed for basic-auth@1.1.8: Could not find shasum for basic-auth@1.1.8 in metadata.","timestamp":"2025-10-16T21:32:40.585Z"}
{"level":"error","message":"Attempt 3 failed for basic-auth@1.1.8: Could not find shasum for basic-auth@1.1.8 in metadata.","timestamp":"2025-10-16T21:32:40.629Z"}
{"level":"error","message":"[FAIL] Failed to fetch and cache basic-auth@1.1.8: Failed to fetch basic-auth@1.1.8 after 3 attempts.","stack":"Error: Failed to fetch basic-auth@1.1.8 after 3 attempts.\n    at fetchAndCachePackage (C:\\Users\\priya\\OneDrive\\Desktop\\CodeCache-Pro\\backend\\src\\fetchers\\npmFetcher.js:172:23)\n    at process.processTicksAndRejections (node:internal/process/task_queues:105:5)\n    at async handleNpmRequest (C:\\Users\\priya\\OneDrive\\Desktop\\CodeCache-Pro\\backend\\src\\fetchers\\npmFetcher.js:93:21)","timestamp":"2025-10-16T21:32:40.631Z"}
{"level":"error","message":"500 - Failed to fetch basic-auth@1.1.8 after 3 attempts. - /npm/@types/basic-auth/-/basic-auth-1.1.8.tgz - GET - 192.168.137.1","timestamp":"2025-10-16T21:32:40.631Z"}
{"level":"error","message":"Error: Failed to fetch basic-auth@1.1.8 after 3 attempts.\n    at fetchAndCachePackage (C:\\Users\\priya\\OneDrive\\Desktop\\CodeCache-Pro\\backend\\src\\fetchers\\npmFetcher.js:172:23)\n    at process.processTicksAndRejections (node:internal/process/task_queues:105:5)\n    at async handleNpmRequest (C:\\Users\\priya\\OneDrive\\Desktop\\CodeCache-Pro\\backend\\src\\fetchers\\npmFetcher.js:93:21)","timestamp":"2025-10-16T21:32:40.632Z"}
{"level":"info","message":"[MISS] on-headers@1.0.4. Fetching from upstream.","timestamp":"2025-10-16T21:32:40.642Z"}
{"level":"error","message":"Attempt 1 failed for graceful-fs@4.1.9: Checksum mismatch for graceful-fs@4.1.9. Expected baacba37d19d11f9d146d3578bc99958c3787e29, got 2a06bc0f68a20ab37b3e36aa238be6abdf49e8b4.","timestamp":"2025-10-16T21:32:40.680Z"}
{"level":"error","message":"Attempt 1 failed for on-headers@1.0.4: Could not find shasum for on-headers@1.0.4 in metadata.","timestamp":"2025-10-16T21:32:40.688Z"}
{"level":"error","message":"Attempt 2 failed for on-headers@1.0.4: Could not find shasum for on-headers@1.0.4 in metadata.","timestamp":"2025-10-16T21:32:40.737Z"}
{"level":"error","message":"Attempt 3 failed for on-headers@1.0.4: Could not find shasum for on-headers@1.0.4 in metadata.","timestamp":"2025-10-16T21:32:40.777Z"}
{"level":"error","message":"[FAIL] Failed to fetch and cache on-headers@1.0.4: Failed to fetch on-headers@1.0.4 after 3 attempts.","stack":"Error: Failed to fetch on-headers@1.0.4 after 3 attempts.\n    at fetchAndCachePackage (C:\\Users\\priya\\OneDrive\\Desktop\\CodeCache-Pro\\backend\\src\\fetchers\\npmFetcher.js:172:23)\n    at process.processTicksAndRejections (node:internal/process/task_queues:105:5)\n    at async handleNpmRequest (C:\\Users\\priya\\OneDrive\\Desktop\\CodeCache-Pro\\backend\\src\\fetchers\\npmFetcher.js:93:21)","timestamp":"2025-10-16T21:32:40.778Z"}
{"level":"error","message":"500 - Failed to fetch on-headers@1.0.4 after 3 attempts. - /npm/@types/on-headers/-/on-headers-1.0.4.tgz - GET - 192.168.137.1","timestamp":"2025-10-16T21:32:40.779Z"}
{"level":"error","message":"Error: Failed to fetch on-headers@1.0.4 after 3 attempts.\n    at fetchAndCachePackage (C:\\Users\\priya\\OneDrive\\Desktop\\CodeCache-Pro\\backend\\src\\fetchers\\npmFetcher.js:172:23)\n    at process.processTicksAndRejections (node:internal/process/task_queues:105:5)\n    at async handleNpmRequest (C:\\Users\\priya\\OneDrive\\Desktop\\CodeCache-Pro\\backend\\src\\fetchers\\npmFetcher.js:93:21)","timestamp":"2025-10-16T21:32:40.780Z"}
{"level":"error","message":"Attempt 2 failed for graceful-fs@4.1.9: Checksum mismatch for graceful-fs@4.1.9. Expected baacba37d19d11f9d146d3578bc99958c3787e29, got 2a06bc0f68a20ab37b3e36aa238be6abdf49e8b4.","timestamp":"2025-10-16T21:32:40.788Z"}
{"level":"error","message":"Attempt 3 failed for graceful-fs@4.1.9: Checksum mismatch for graceful-fs@4.1.9. Expected baacba37d19d11f9d146d3578bc99958c3787e29, got 2a06bc0f68a20ab37b3e36aa238be6abdf49e8b4.","timestamp":"2025-10-16T21:32:40.928Z"}
{"level":"error","message":"[FAIL] Failed to fetch and cache graceful-fs@4.1.9: Failed to fetch graceful-fs@4.1.9 after 3 attempts.","stack":"Error: Failed to fetch graceful-fs@4.1.9 after 3 attempts.\n    at fetchAndCachePackage (C:\\Users\\priya\\OneDrive\\Desktop\\CodeCache-Pro\\backend\\src\\fetchers\\npmFetcher.js:172:23)\n    at async handleNpmRequest (C:\\Users\\priya\\OneDrive\\Desktop\\CodeCache-Pro\\backend\\src\\fetchers\\npmFetcher.js:93:21)","timestamp":"2025-10-16T21:32:40.929Z"}
{"level":"error","message":"500 - Failed to fetch graceful-fs@4.1.9 after 3 attempts. - /npm/@types/graceful-fs/-/graceful-fs-4.1.9.tgz - GET - 192.168.137.1","timestamp":"2025-10-16T21:32:40.930Z"}
{"level":"error","message":"Error: Failed to fetch graceful-fs@4.1.9 after 3 attempts.\n    at fetchAndCachePackage (C:\\Users\\priya\\OneDrive\\Desktop\\CodeCache-Pro\\backend\\src\\fetchers\\npmFetcher.js:172:23)\n    at async handleNpmRequest (C:\\Users\\priya\\OneDrive\\Desktop\\CodeCache-Pro\\backend\\src\\fetchers\\npmFetcher.js:93:21)","timestamp":"2025-10-16T21:32:40.930Z"}
{"level":"info","message":"Connected to SQLite database.","timestamp":"2025-10-16T21:36:56.769Z"}
{"level":"info","message":"Database initialized successfully.","timestamp":"2025-10-16T21:36:56.789Z"}
{"level":"warn","message":"Blocked unsupported method POST for /npm/-/npm/v1/security/advisories/bulk","timestamp":"2025-10-16T21:37:58.604Z"}
{"level":"warn","message":"Blocked unsupported method POST for /npm/-/npm/v1/security/audits/quick","timestamp":"2025-10-16T21:37:58.876Z"}
{"level":"info","message":"[MISS] chalk@5.6.2. Fetching from upstream.","timestamp":"2025-10-16T21:37:59.836Z"}
{"level":"info","message":"Connected to SQLite database.","timestamp":"2025-10-16T21:38:31.157Z"}
{"level":"info","message":"Database initialized successfully.","timestamp":"2025-10-16T21:38:31.176Z"}
{"level":"info","message":"[CACHE] Successfully cached chalk@5.6.2 to C:\\Users\\priya\\OneDrive\\Desktop\\CodeCache-Pro\\cache\\chalk\\chalk-5.6.2.tgz","timestamp":"2025-10-16T21:39:22.197Z"}
{"level":"info","message":"[HIT] chalk@5.6.2 from C:\\Users\\priya\\OneDrive\\Desktop\\CodeCache-Pro\\cache\\chalk\\chalk-5.6.2.tgz","timestamp":"2025-10-16T21:39:25.819Z"}
{"level":"info","message":"Connected to SQLite database.","timestamp":"2025-10-16T21:40:33.493Z"}
{"level":"info","message":"Database initialized successfully.","timestamp":"2025-10-16T21:40:33.517Z"}
{"level":"info","message":"Connected to SQLite database.","timestamp":"2025-10-16T21:40:58.314Z"}
{"level":"info","message":"Database initialized successfully.","timestamp":"2025-10-16T21:40:58.333Z"}
{"level":"info","message":"Cache pruning service started.","timestamp":"2025-10-16T21:40:58.335Z"}
{"level":"info","message":"🚀 CodeCache Pro server running on http://0.0.0.0:5050","timestamp":"2025-10-16T21:40:58.370Z"}
{"level":"info","message":"🌐 Access from other devices: http://192.168.137.47:5050","timestamp":"2025-10-16T21:40:58.371Z"}
{"level":"info","message":"📋 Configure npm clients with: npm config set registry http://192.168.137.47:5050/npm","timestamp":"2025-10-16T21:40:58.372Z"}
{"level":"warn","message":"Blocked unsupported method POST for /npm/-/npm/v1/security/advisories/bulk","timestamp":"2025-10-16T21:41:58.178Z"}
{"level":"warn","message":"Blocked unsupported method POST for /npm/-/npm/v1/security/audits/quick","timestamp":"2025-10-16T21:41:58.566Z"}
{"level":"warn","message":"Blocked unsupported method POST for /npm/-/npm/v1/security/advisories/bulk","timestamp":"2025-10-16T21:44:35.038Z"}
{"level":"warn","message":"Blocked unsupported method POST for /npm/-/npm/v1/security/audits/quick","timestamp":"2025-10-16T21:44:36.777Z"}
{"level":"info","message":"[MISS] noop-logger@0.1.1. Fetching from upstream.","timestamp":"2025-10-16T21:44:38.199Z"}
{"level":"info","message":"[CACHE] Successfully cached noop-logger@0.1.1 to C:\\Users\\priya\\OneDrive\\Desktop\\CodeCache-Pro\\cache\\noop-logger\\noop-logger-0.1.1.tgz","timestamp":"2025-10-16T21:44:38.770Z"}
{"level":"info","message":"[HIT] noop-logger@0.1.1 from C:\\Users\\priya\\OneDrive\\Desktop\\CodeCache-Pro\\cache\\noop-logger\\noop-logger-0.1.1.tgz","timestamp":"2025-10-16T21:44:41.938Z"}
{"level":"error","message":"500 - Error - /npm/content-disposition - GET - 192.168.137.112","timestamp":"2025-10-16T21:50:49.497Z"}
{"level":"error","message":"AggregateError: Error\n    at AxiosError.from (C:\\Users\\priya\\OneDrive\\Desktop\\CodeCache-Pro\\backend\\node_modules\\axios\\dist\\node\\axios.cjs:905:14)\n    at RedirectableRequest.handleRequestError (C:\\Users\\priya\\OneDrive\\Desktop\\CodeCache-Pro\\backend\\node_modules\\axios\\dist\\node\\axios.cjs:3326:25)\n    at RedirectableRequest.emit (node:events:519:28)\n    at eventHandlers.<computed> (C:\\Users\\priya\\OneDrive\\Desktop\\CodeCache-Pro\\backend\\node_modules\\follow-redirects\\index.js:49:24)\n    at ClientRequest.emit (node:events:519:28)\n    at emitErrorEvent (node:_http_client:105:11)\n    at TLSSocket.socketErrorListener (node:_http_client:518:5)\n    at TLSSocket.emit (node:events:519:28)\n    at emitErrorNT (node:internal/streams/destroy:170:8)\n    at emitErrorCloseNT (node:internal/streams/destroy:129:3)\n    at Axios.request (C:\\Users\\priya\\OneDrive\\Desktop\\CodeCache-Pro\\backend\\node_modules\\axios\\dist\\node\\axios.cjs:4483:41)\n    at process.processTicksAndRejections (node:internal/process/task_queues:105:5)\n    at async proxyMetadata (C:\\Users\\priya\\OneDrive\\Desktop\\CodeCache-Pro\\backend\\src\\fetchers\\npmFetcher.js:181:26)","timestamp":"2025-10-16T21:50:49.499Z"}
{"level":"error","message":"500 - socket hang up - /npm/content-type - GET - 192.168.137.112","timestamp":"2025-10-16T21:51:05.874Z"}
{"level":"error","message":"Error: socket hang up\n    at AxiosError.from (C:\\Users\\priya\\OneDrive\\Desktop\\CodeCache-Pro\\backend\\node_modules\\axios\\dist\\node\\axios.cjs:905:14)\n    at RedirectableRequest.handleRequestError (C:\\Users\\priya\\OneDrive\\Desktop\\CodeCache-Pro\\backend\\node_modules\\axios\\dist\\node\\axios.cjs:3326:25)\n    at RedirectableRequest.emit (node:events:519:28)\n    at eventHandlers.<computed> (C:\\Users\\priya\\OneDrive\\Desktop\\CodeCache-Pro\\backend\\node_modules\\follow-redirects\\index.js:49:24)\n    at ClientRequest.emit (node:events:519:28)\n    at emitErrorEvent (node:_http_client:105:11)\n    at TLSSocket.socketOnEnd (node:_http_client:542:5)\n    at TLSSocket.emit (node:events:531:35)\n    at endReadableNT (node:internal/streams/readable:1698:12)\n    at process.processTicksAndRejections (node:internal/process/task_queues:90:21)\n    at Axios.request (C:\\Users\\priya\\OneDrive\\Desktop\\CodeCache-Pro\\backend\\node_modules\\axios\\dist\\node\\axios.cjs:4483:41)\n    at process.processTicksAndRejections (node:internal/process/task_queues:105:5)\n    at async proxyMetadata (C:\\Users\\priya\\OneDrive\\Desktop\\CodeCache-Pro\\backend\\src\\fetchers\\npmFetcher.js:181:26)","timestamp":"2025-10-16T21:51:05.876Z"}
{"level":"error","message":"500 - socket hang up - /npm/on-finished - GET - 192.168.137.112","timestamp":"2025-10-16T21:51:09.827Z"}
{"level":"error","message":"Error: socket hang up\n    at AxiosError.from (C:\\Users\\priya\\OneDrive\\Desktop\\CodeCache-Pro\\backend\\node_modules\\axios\\dist\\node\\axios.cjs:905:14)\n    at RedirectableRequest.handleRequestError (C:\\Users\\priya\\OneDrive\\Desktop\\CodeCache-Pro\\backend\\node_modules\\axios\\dist\\node\\axios.cjs:3326:25)\n    at RedirectableRequest.emit (node:events:519:28)\n    at eventHandlers.<computed> (C:\\Users\\priya\\OneDrive\\Desktop\\CodeCache-Pro\\backend\\node_modules\\follow-redirects\\index.js:49:24)\n    at ClientRequest.emit (node:events:519:28)\n    at emitErrorEvent (node:_http_client:105:11)\n    at TLSSocket.socketOnEnd (node:_http_client:542:5)\n    at TLSSocket.emit (node:events:531:35)\n    at endReadableNT (node:internal/streams/readable:1698:12)\n    at process.processTicksAndRejections (node:internal/process/task_queues:90:21)\n    at Axios.request (C:\\Users\\priya\\OneDrive\\Desktop\\CodeCache-Pro\\backend\\node_modules\\axios\\dist\\node\\axios.cjs:4483:41)\n    at process.processTicksAndRejections (node:internal/process/task_queues:105:5)\n    at async proxyMetadata (C:\\Users\\priya\\OneDrive\\Desktop\\CodeCache-Pro\\backend\\src\\fetchers\\npmFetcher.js:181:26)","timestamp":"2025-10-16T21:51:09.828Z"}
{"level":"error","message":"500 - socket hang up - /npm/merge-descriptors - GET - 192.168.137.112","timestamp":"2025-10-16T21:51:19.159Z"}
{"level":"error","message":"Error: socket hang up\n    at AxiosError.from (C:\\Users\\priya\\OneDrive\\Desktop\\CodeCache-Pro\\backend\\node_modules\\axios\\dist\\node\\axios.cjs:905:14)\n    at RedirectableRequest.handleRequestError (C:\\Users\\priya\\OneDrive\\Desktop\\CodeCache-Pro\\backend\\node_modules\\axios\\dist\\node\\axios.cjs:3326:25)\n    at RedirectableRequest.emit (node:events:519:28)\n    at eventHandlers.<computed> (C:\\Users\\priya\\OneDrive\\Desktop\\CodeCache-Pro\\backend\\node_modules\\follow-redirects\\index.js:49:24)\n    at ClientRequest.emit (node:events:519:28)\n    at emitErrorEvent (node:_http_client:105:11)\n    at TLSSocket.socketOnEnd (node:_http_client:542:5)\n    at TLSSocket.emit (node:events:531:35)\n    at endReadableNT (node:internal/streams/readable:1698:12)\n    at process.processTicksAndRejections (node:internal/process/task_queues:90:21)\n    at Axios.request (C:\\Users\\priya\\OneDrive\\Desktop\\CodeCache-Pro\\backend\\node_modules\\axios\\dist\\node\\axios.cjs:4483:41)\n    at process.processTicksAndRejections (node:internal/process/task_queues:105:5)\n    at async proxyMetadata (C:\\Users\\priya\\OneDrive\\Desktop\\CodeCache-Pro\\backend\\src\\fetchers\\npmFetcher.js:181:26)","timestamp":"2025-10-16T21:51:19.161Z"}
{"level":"warn","message":"Blocked unsupported method POST for /npm/-/npm/v1/security/advisories/bulk","timestamp":"2025-10-16T21:52:33.393Z"}
{"level":"info","message":"[HIT] get-intrinsic@1.3.0 from C:\\Users\\priya\\OneDrive\\Desktop\\CodeCache-Pro\\cache\\get-intrinsic\\get-intrinsic-1.3.0.tgz","timestamp":"2025-10-16T21:52:33.402Z"}
{"level":"info","message":"[HIT] statuses@2.0.2 from C:\\Users\\priya\\OneDrive\\Desktop\\CodeCache-Pro\\cache\\statuses\\statuses-2.0.2.tgz","timestamp":"2025-10-16T21:52:33.463Z"}
{"level":"info","message":"[HIT] cookie@0.7.2 from C:\\Users\\priya\\OneDrive\\Desktop\\CodeCache-Pro\\cache\\cookie\\cookie-0.7.2.tgz","timestamp":"2025-10-16T21:52:33.465Z"}
{"level":"warn","message":"Blocked unsupported method POST for /npm/-/npm/v1/security/audits/quick","timestamp":"2025-10-16T21:52:33.696Z"}
{"level":"warn","message":"Blocked unsupported method POST for /npm/-/npm/v1/security/advisories/bulk","timestamp":"2025-10-16T21:53:16.311Z"}
{"level":"warn","message":"Blocked unsupported method POST for /npm/-/npm/v1/security/audits/quick","timestamp":"2025-10-16T21:53:16.407Z"}
{"level":"warn","message":"Blocked unsupported method POST for /npm/-/npm/v1/security/advisories/bulk","timestamp":"2025-10-16T21:53:54.984Z"}
{"level":"warn","message":"Blocked unsupported method POST for /npm/-/npm/v1/security/audits/quick","timestamp":"2025-10-16T21:53:55.021Z"}
{"level":"info","message":"[MISS] react@19.2.0. Fetching from upstream.","timestamp":"2025-10-16T21:53:55.023Z"}
{"level":"info","message":"[CACHE] Successfully cached react@19.2.0 to C:\\Users\\priya\\OneDrive\\Desktop\\CodeCache-Pro\\cache\\react\\react-19.2.0.tgz","timestamp":"2025-10-16T21:54:00.873Z"}
{"level":"info","message":"[HIT] react@19.2.0 from C:\\Users\\priya\\OneDrive\\Desktop\\CodeCache-Pro\\cache\\react\\react-19.2.0.tgz","timestamp":"2025-10-16T21:54:00.965Z"}
{"level":"error","message":"500 - Error - /npm/source-map-js - GET - 192.168.137.112","timestamp":"2025-10-16T21:58:58.121Z"}
{"level":"error","message":"AggregateError: Error\n    at AxiosError.from (C:\\Users\\priya\\OneDrive\\Desktop\\CodeCache-Pro\\backend\\node_modules\\axios\\dist\\node\\axios.cjs:905:14)\n    at RedirectableRequest.handleRequestError (C:\\Users\\priya\\OneDrive\\Desktop\\CodeCache-Pro\\backend\\node_modules\\axios\\dist\\node\\axios.cjs:3326:25)\n    at RedirectableRequest.emit (node:events:519:28)\n    at eventHandlers.<computed> (C:\\Users\\priya\\OneDrive\\Desktop\\CodeCache-Pro\\backend\\node_modules\\follow-redirects\\index.js:49:24)\n    at ClientRequest.emit (node:events:519:28)\n    at emitErrorEvent (node:_http_client:105:11)\n    at TLSSocket.socketErrorListener (node:_http_client:518:5)\n    at TLSSocket.emit (node:events:519:28)\n    at emitErrorNT (node:internal/streams/destroy:170:8)\n    at emitErrorCloseNT (node:internal/streams/destroy:129:3)\n    at Axios.request (C:\\Users\\priya\\OneDrive\\Desktop\\CodeCache-Pro\\backend\\node_modules\\axios\\dist\\node\\axios.cjs:4483:41)\n    at process.processTicksAndRejections (node:internal/process/task_queues:105:5)\n    at async proxyMetadata (C:\\Users\\priya\\OneDrive\\Desktop\\CodeCache-Pro\\backend\\src\\fetchers\\npmFetcher.js:181:26)","timestamp":"2025-10-16T21:58:58.123Z"}
{"level":"error","message":"500 - Error - /npm/@vue%2fruntime-core - GET - 192.168.137.112","timestamp":"2025-10-16T21:58:58.234Z"}
{"level":"error","message":"AggregateError: Error\n    at AxiosError.from (C:\\Users\\priya\\OneDrive\\Desktop\\CodeCache-Pro\\backend\\node_modules\\axios\\dist\\node\\axios.cjs:905:14)\n    at RedirectableRequest.handleRequestError (C:\\Users\\priya\\OneDrive\\Desktop\\CodeCache-Pro\\backend\\node_modules\\axios\\dist\\node\\axios.cjs:3326:25)\n    at RedirectableRequest.emit (node:events:519:28)\n    at eventHandlers.<computed> (C:\\Users\\priya\\OneDrive\\Desktop\\CodeCache-Pro\\backend\\node_modules\\follow-redirects\\index.js:49:24)\n    at ClientRequest.emit (node:events:519:28)\n    at emitErrorEvent (node:_http_client:105:11)\n    at TLSSocket.socketErrorListener (node:_http_client:518:5)\n    at TLSSocket.emit (node:events:519:28)\n    at emitErrorNT (node:internal/streams/destroy:170:8)\n    at emitErrorCloseNT (node:internal/streams/destroy:129:3)\n    at Axios.request (C:\\Users\\priya\\OneDrive\\Desktop\\CodeCache-Pro\\backend\\node_modules\\axios\\dist\\node\\axios.cjs:4483:41)\n    at process.processTicksAndRejections (node:internal/process/task_queues:105:5)\n    at async proxyMetadata (C:\\Users\\priya\\OneDrive\\Desktop\\CodeCache-Pro\\backend\\src\\fetchers\\npmFetcher.js:181:26)","timestamp":"2025-10-16T21:58:58.235Z"}
{"level":"warn","message":"Blocked unsupported method POST for /npm/-/npm/v1/security/advisories/bulk","timestamp":"2025-10-16T21:59:19.489Z"}
{"level":"info","message":"[MISS] runtime-core@3.5.22. Fetching from upstream.","timestamp":"2025-10-16T21:59:19.503Z"}
{"level":"info","message":"[MISS] nanoid@3.3.11. Fetching from upstream.","timestamp":"2025-10-16T21:59:19.511Z"}
{"level":"info","message":"[MISS] compiler-dom@3.5.22. Fetching from upstream.","timestamp":"2025-10-16T21:59:19.623Z"}
{"level":"info","message":"[MISS] vue@3.5.22. Fetching from upstream.","timestamp":"2025-10-16T21:59:19.626Z"}
{"level":"info","message":"[MISS] compiler-sfc@3.5.22. Fetching from upstream.","timestamp":"2025-10-16T21:59:19.630Z"}
{"level":"info","message":"[MISS] shared@3.5.22. Fetching from upstream.","timestamp":"2025-10-16T21:59:19.633Z"}
{"level":"info","message":"[MISS] postcss@8.5.6. Fetching from upstream.","timestamp":"2025-10-16T21:59:19.638Z"}
{"level":"info","message":"[MISS] source-map-js@1.2.1. Fetching from upstream.","timestamp":"2025-10-16T21:59:19.644Z"}
{"level":"info","message":"[MISS] estree-walker@2.0.2. Fetching from upstream.","timestamp":"2025-10-16T21:59:19.651Z"}
{"level":"info","message":"[MISS] entities@4.5.0. Fetching from upstream.","timestamp":"2025-10-16T21:59:19.657Z"}
{"level":"info","message":"[MISS] compiler-core@3.5.22. Fetching from upstream.","timestamp":"2025-10-16T21:59:19.663Z"}
{"level":"info","message":"[MISS] server-renderer@3.5.22. Fetching from upstream.","timestamp":"2025-10-16T21:59:19.669Z"}
{"level":"info","message":"[MISS] compiler-ssr@3.5.22. Fetching from upstream.","timestamp":"2025-10-16T21:59:19.674Z"}
{"level":"info","message":"[MISS] reactivity@3.5.22. Fetching from upstream.","timestamp":"2025-10-16T21:59:19.678Z"}
{"level":"info","message":"[MISS] magic-string@0.30.19. Fetching from upstream.","timestamp":"2025-10-16T21:59:19.684Z"}
{"level":"info","message":"[CACHE] Successfully cached nanoid@3.3.11 to C:\\Users\\priya\\OneDrive\\Desktop\\CodeCache-Pro\\cache\\nanoid\\nanoid-3.3.11.tgz","timestamp":"2025-10-16T21:59:19.821Z"}
{"level":"error","message":"Attempt 1 failed for runtime-core@3.5.22: Cannot read properties of undefined (reading '3.5.22')","timestamp":"2025-10-16T21:59:20.524Z"}
{"level":"error","message":"Attempt 1 failed for compiler-dom@3.5.22: Cannot read properties of undefined (reading '3.5.22')","timestamp":"2025-10-16T21:59:20.530Z"}
{"level":"info","message":"[MISS] runtime-dom@3.5.22. Fetching from upstream.","timestamp":"2025-10-16T21:59:20.533Z"}
{"level":"error","message":"Attempt 2 failed for runtime-core@3.5.22: Cannot read properties of undefined (reading '3.5.22')","timestamp":"2025-10-16T21:59:20.615Z"}
{"level":"error","message":"Attempt 2 failed for compiler-dom@3.5.22: Cannot read properties of undefined (reading '3.5.22')","timestamp":"2025-10-16T21:59:20.622Z"}
{"level":"error","message":"Attempt 1 failed for compiler-core@3.5.22: Cannot read properties of undefined (reading '3.5.22')","timestamp":"2025-10-16T21:59:20.625Z"}
{"level":"error","message":"Attempt 1 failed for reactivity@3.5.22: Could not find shasum for reactivity@3.5.22 in metadata.","timestamp":"2025-10-16T21:59:20.646Z"}
{"level":"error","message":"Attempt 3 failed for compiler-dom@3.5.22: Cannot read properties of undefined (reading '3.5.22')","timestamp":"2025-10-16T21:59:20.747Z"}
{"level":"error","message":"[FAIL] Failed to fetch and cache compiler-dom@3.5.22: Failed to fetch compiler-dom@3.5.22 after 3 attempts.","stack":"Error: Failed to fetch compiler-dom@3.5.22 after 3 attempts.\n    at fetchAndCachePackage (C:\\Users\\priya\\OneDrive\\Desktop\\CodeCache-Pro\\backend\\src\\fetchers\\npmFetcher.js:172:23)\n    at process.processTicksAndRejections (node:internal/process/task_queues:105:5)\n    at async handleNpmRequest (C:\\Users\\priya\\OneDrive\\Desktop\\CodeCache-Pro\\backend\\src\\fetchers\\npmFetcher.js:93:21)","timestamp":"2025-10-16T21:59:20.750Z"}
{"level":"error","message":"500 - Failed to fetch compiler-dom@3.5.22 after 3 attempts. - /npm/@vue/compiler-dom/-/compiler-dom-3.5.22.tgz - GET - 192.168.137.112","timestamp":"2025-10-16T21:59:20.752Z"}
{"level":"error","message":"Error: Failed to fetch compiler-dom@3.5.22 after 3 attempts.\n    at fetchAndCachePackage (C:\\Users\\priya\\OneDrive\\Desktop\\CodeCache-Pro\\backend\\src\\fetchers\\npmFetcher.js:172:23)\n    at process.processTicksAndRejections (node:internal/process/task_queues:105:5)\n    at async handleNpmRequest (C:\\Users\\priya\\OneDrive\\Desktop\\CodeCache-Pro\\backend\\src\\fetchers\\npmFetcher.js:93:21)","timestamp":"2025-10-16T21:59:20.752Z"}
{"level":"error","message":"Attempt 2 failed for compiler-core@3.5.22: Cannot read properties of undefined (reading '3.5.22')","timestamp":"2025-10-16T21:59:20.759Z"}
{"level":"error","message":"Attempt 3 failed for runtime-core@3.5.22: Cannot read properties of undefined (reading '3.5.22')","timestamp":"2025-10-16T21:59:20.762Z"}
{"level":"error","message":"[FAIL] Failed to fetch and cache runtime-core@3.5.22: Failed to fetch runtime-core@3.5.22 after 3 attempts.","stack":"Error: Failed to fetch runtime-core@3.5.22 after 3 attempts.\n    at fetchAndCachePackage (C:\\Users\\priya\\OneDrive\\Desktop\\CodeCache-Pro\\backend\\src\\fetchers\\npmFetcher.js:172:23)\n    at process.processTicksAndRejections (node:internal/process/task_queues:105:5)\n    at async handleNpmRequest (C:\\Users\\priya\\OneDrive\\Desktop\\CodeCache-Pro\\backend\\src\\fetchers\\npmFetcher.js:93:21)","timestamp":"2025-10-16T21:59:20.764Z"}
{"level":"error","message":"500 - Failed to fetch runtime-core@3.5.22 after 3 attempts. - /npm/@vue/runtime-core/-/runtime-core-3.5.22.tgz - GET - 192.168.137.112","timestamp":"2025-10-16T21:59:20.764Z"}
{"level":"error","message":"Error: Failed to fetch runtime-core@3.5.22 after 3 attempts.\n    at fetchAndCachePackage (C:\\Users\\priya\\OneDrive\\Desktop\\CodeCache-Pro\\backend\\src\\fetchers\\npmFetcher.js:172:23)\n    at process.processTicksAndRejections (node:internal/process/task_queues:105:5)\n    at async handleNpmRequest (C:\\Users\\priya\\OneDrive\\Desktop\\CodeCache-Pro\\backend\\src\\fetchers\\npmFetcher.js:93:21)","timestamp":"2025-10-16T21:59:20.765Z"}
{"level":"error","message":"Attempt 2 failed for reactivity@3.5.22: Could not find shasum for reactivity@3.5.22 in metadata.","timestamp":"2025-10-16T21:59:20.770Z"}
{"level":"info","message":"[CACHE] Successfully cached postcss@8.5.6 to C:\\Users\\priya\\OneDrive\\Desktop\\CodeCache-Pro\\cache\\postcss\\postcss-8.5.6.tgz","timestamp":"2025-10-16T21:59:20.772Z"}
{"level":"error","message":"Attempt 3 failed for compiler-core@3.5.22: Cannot read properties of undefined (reading '3.5.22')","timestamp":"2025-10-16T21:59:20.955Z"}
{"level":"error","message":"[FAIL] Failed to fetch and cache compiler-core@3.5.22: Failed to fetch compiler-core@3.5.22 after 3 attempts.","stack":"Error: Failed to fetch compiler-core@3.5.22 after 3 attempts.\n    at fetchAndCachePackage (C:\\Users\\priya\\OneDrive\\Desktop\\CodeCache-Pro\\backend\\src\\fetchers\\npmFetcher.js:172:23)\n    at process.processTicksAndRejections (node:internal/process/task_queues:105:5)\n    at async handleNpmRequest (C:\\Users\\priya\\OneDrive\\Desktop\\CodeCache-Pro\\backend\\src\\fetchers\\npmFetcher.js:93:21)","timestamp":"2025-10-16T21:59:20.956Z"}
{"level":"error","message":"500 - Failed to fetch compiler-core@3.5.22 after 3 attempts. - /npm/@vue/compiler-core/-/compiler-core-3.5.22.tgz - GET - 192.168.137.112","timestamp":"2025-10-16T21:59:20.956Z"}
{"level":"error","message":"Error: Failed to fetch compiler-core@3.5.22 after 3 attempts.\n    at fetchAndCachePackage (C:\\Users\\priya\\OneDrive\\Desktop\\CodeCache-Pro\\backend\\src\\fetchers\\npmFetcher.js:172:23)\n    at process.processTicksAndRejections (node:internal/process/task_queues:105:5)\n    at async handleNpmRequest (C:\\Users\\priya\\OneDrive\\Desktop\\CodeCache-Pro\\backend\\src\\fetchers\\npmFetcher.js:93:21)","timestamp":"2025-10-16T21:59:20.957Z"}
{"level":"error","message":"Attempt 3 failed for reactivity@3.5.22: Could not find shasum for reactivity@3.5.22 in metadata.","timestamp":"2025-10-16T21:59:20.962Z"}
{"level":"error","message":"[FAIL] Failed to fetch and cache reactivity@3.5.22: Failed to fetch reactivity@3.5.22 after 3 attempts.","stack":"Error: Failed to fetch reactivity@3.5.22 after 3 attempts.\n    at fetchAndCachePackage (C:\\Users\\priya\\OneDrive\\Desktop\\CodeCache-Pro\\backend\\src\\fetchers\\npmFetcher.js:172:23)\n    at process.processTicksAndRejections (node:internal/process/task_queues:105:5)\n    at async handleNpmRequest (C:\\Users\\priya\\OneDrive\\Desktop\\CodeCache-Pro\\backend\\src\\fetchers\\npmFetcher.js:93:21)","timestamp":"2025-10-16T21:59:20.963Z"}
{"level":"error","message":"500 - Failed to fetch reactivity@3.5.22 after 3 attempts. - /npm/@vue/reactivity/-/reactivity-3.5.22.tgz - GET - 192.168.137.112","timestamp":"2025-10-16T21:59:20.963Z"}
{"level":"error","message":"Error: Failed to fetch reactivity@3.5.22 after 3 attempts.\n    at fetchAndCachePackage (C:\\Users\\priya\\OneDrive\\Desktop\\CodeCache-Pro\\backend\\src\\fetchers\\npmFetcher.js:172:23)\n    at process.processTicksAndRejections (node:internal/process/task_queues:105:5)\n    at async handleNpmRequest (C:\\Users\\priya\\OneDrive\\Desktop\\CodeCache-Pro\\backend\\src\\fetchers\\npmFetcher.js:93:21)","timestamp":"2025-10-16T21:59:20.964Z"}
{"level":"warn","message":"Blocked unsupported method POST for /npm/-/npm/v1/security/audits/quick","timestamp":"2025-10-16T21:59:20.966Z"}
{"level":"info","message":"[HIT] nanoid@3.3.11 from C:\\Users\\priya\\OneDrive\\Desktop\\CodeCache-Pro\\cache\\nanoid\\nanoid-3.3.11.tgz","timestamp":"2025-10-16T21:59:20.967Z"}
{"level":"info","message":"[CACHE] Successfully cached estree-walker@2.0.2 to C:\\Users\\priya\\OneDrive\\Desktop\\CodeCache-Pro\\cache\\estree-walker\\estree-walker-2.0.2.tgz","timestamp":"2025-10-16T21:59:21.161Z"}
{"level":"info","message":"[HIT] postcss@8.5.6 from C:\\Users\\priya\\OneDrive\\Desktop\\CodeCache-Pro\\cache\\postcss\\postcss-8.5.6.tgz","timestamp":"2025-10-16T21:59:21.189Z"}
{"level":"info","message":"[CACHE] Successfully cached magic-string@0.30.19 to C:\\Users\\priya\\OneDrive\\Desktop\\CodeCache-Pro\\cache\\magic-string\\magic-string-0.30.19.tgz","timestamp":"2025-10-16T21:59:21.407Z"}
{"level":"info","message":"[HIT] estree-walker@2.0.2 from C:\\Users\\priya\\OneDrive\\Desktop\\CodeCache-Pro\\cache\\estree-walker\\estree-walker-2.0.2.tgz","timestamp":"2025-10-16T21:59:21.410Z"}
{"level":"info","message":"[CACHE] Successfully cached entities@4.5.0 to C:\\Users\\priya\\OneDrive\\Desktop\\CodeCache-Pro\\cache\\entities\\entities-4.5.0.tgz","timestamp":"2025-10-16T21:59:21.423Z"}
{"level":"info","message":"[CACHE] Successfully cached source-map-js@1.2.1 to C:\\Users\\priya\\OneDrive\\Desktop\\CodeCache-Pro\\cache\\source-map-js\\source-map-js-1.2.1.tgz","timestamp":"2025-10-16T21:59:21.438Z"}
{"level":"error","message":"Attempt 1 failed for runtime-dom@3.5.22: Cannot read properties of undefined (reading '3.5.22')","timestamp":"2025-10-16T21:59:22.178Z"}
{"level":"error","message":"Attempt 1 failed for shared@3.5.22: Could not find shasum for shared@3.5.22 in metadata.","timestamp":"2025-10-16T21:59:22.182Z"}
{"level":"error","message":"Attempt 1 failed for compiler-ssr@3.5.22: Cannot read properties of undefined (reading '3.5.22')","timestamp":"2025-10-16T21:59:22.184Z"}
{"level":"error","message":"Attempt 2 failed for runtime-dom@3.5.22: Cannot read properties of undefined (reading '3.5.22')","timestamp":"2025-10-16T21:59:22.991Z"}
{"level":"error","message":"Attempt 2 failed for compiler-ssr@3.5.22: Cannot read properties of undefined (reading '3.5.22')","timestamp":"2025-10-16T21:59:22.996Z"}
{"level":"error","message":"Attempt 2 failed for shared@3.5.22: Could not find shasum for shared@3.5.22 in metadata.","timestamp":"2025-10-16T21:59:22.999Z"}
{"level":"info","message":"[HIT] magic-string@0.30.19 from C:\\Users\\priya\\OneDrive\\Desktop\\CodeCache-Pro\\cache\\magic-string\\magic-string-0.30.19.tgz","timestamp":"2025-10-16T21:59:23.003Z"}
{"level":"error","message":"Attempt 1 failed for compiler-sfc@3.5.22: Cannot read properties of undefined (reading '3.5.22')","timestamp":"2025-10-16T21:59:23.017Z"}
{"level":"info","message":"[HIT] source-map-js@1.2.1 from C:\\Users\\priya\\OneDrive\\Desktop\\CodeCache-Pro\\cache\\source-map-js\\source-map-js-1.2.1.tgz","timestamp":"2025-10-16T21:59:23.046Z"}
{"level":"info","message":"[HIT] entities@4.5.0 from C:\\Users\\priya\\OneDrive\\Desktop\\CodeCache-Pro\\cache\\entities\\entities-4.5.0.tgz","timestamp":"2025-10-16T21:59:23.048Z"}
{"level":"error","message":"Attempt 3 failed for shared@3.5.22: Could not find shasum for shared@3.5.22 in metadata.","timestamp":"2025-10-16T21:59:23.344Z"}
{"level":"error","message":"[FAIL] Failed to fetch and cache shared@3.5.22: Failed to fetch shared@3.5.22 after 3 attempts.","stack":"Error: Failed to fetch shared@3.5.22 after 3 attempts.\n    at fetchAndCachePackage (C:\\Users\\priya\\OneDrive\\Desktop\\CodeCache-Pro\\backend\\src\\fetchers\\npmFetcher.js:172:23)\n    at process.processTicksAndRejections (node:internal/process/task_queues:105:5)\n    at async handleNpmRequest (C:\\Users\\priya\\OneDrive\\Desktop\\CodeCache-Pro\\backend\\src\\fetchers\\npmFetcher.js:93:21)","timestamp":"2025-10-16T21:59:23.345Z"}
{"level":"error","message":"500 - Failed to fetch shared@3.5.22 after 3 attempts. - /npm/@vue/shared/-/shared-3.5.22.tgz - GET - 192.168.137.112","timestamp":"2025-10-16T21:59:23.346Z"}
{"level":"error","message":"Error: Failed to fetch shared@3.5.22 after 3 attempts.\n    at fetchAndCachePackage (C:\\Users\\priya\\OneDrive\\Desktop\\CodeCache-Pro\\backend\\src\\fetchers\\npmFetcher.js:172:23)\n    at process.processTicksAndRejections (node:internal/process/task_queues:105:5)\n    at async handleNpmRequest (C:\\Users\\priya\\OneDrive\\Desktop\\CodeCache-Pro\\backend\\src\\fetchers\\npmFetcher.js:93:21)","timestamp":"2025-10-16T21:59:23.346Z"}
{"level":"error","message":"Attempt 3 failed for compiler-ssr@3.5.22: Cannot read properties of undefined (reading '3.5.22')","timestamp":"2025-10-16T21:59:23.357Z"}
{"level":"error","message":"[FAIL] Failed to fetch and cache compiler-ssr@3.5.22: Failed to fetch compiler-ssr@3.5.22 after 3 attempts.","stack":"Error: Failed to fetch compiler-ssr@3.5.22 after 3 attempts.\n    at fetchAndCachePackage (C:\\Users\\priya\\OneDrive\\Desktop\\CodeCache-Pro\\backend\\src\\fetchers\\npmFetcher.js:172:23)\n    at process.processTicksAndRejections (node:internal/process/task_queues:105:5)\n    at async handleNpmRequest (C:\\Users\\priya\\OneDrive\\Desktop\\CodeCache-Pro\\backend\\src\\fetchers\\npmFetcher.js:93:21)","timestamp":"2025-10-16T21:59:23.358Z"}
{"level":"error","message":"500 - Failed to fetch compiler-ssr@3.5.22 after 3 attempts. - /npm/@vue/compiler-ssr/-/compiler-ssr-3.5.22.tgz - GET - 192.168.137.112","timestamp":"2025-10-16T21:59:23.359Z"}
{"level":"error","message":"Error: Failed to fetch compiler-ssr@3.5.22 after 3 attempts.\n    at fetchAndCachePackage (C:\\Users\\priya\\OneDrive\\Desktop\\CodeCache-Pro\\backend\\src\\fetchers\\npmFetcher.js:172:23)\n    at process.processTicksAndRejections (node:internal/process/task_queues:105:5)\n    at async handleNpmRequest (C:\\Users\\priya\\OneDrive\\Desktop\\CodeCache-Pro\\backend\\src\\fetchers\\npmFetcher.js:93:21)","timestamp":"2025-10-16T21:59:23.359Z"}
{"level":"error","message":"Attempt 3 failed for runtime-dom@3.5.22: Cannot read properties of undefined (reading '3.5.22')","timestamp":"2025-10-16T21:59:23.379Z"}
{"level":"error","message":"[FAIL] Failed to fetch and cache runtime-dom@3.5.22: Failed to fetch runtime-dom@3.5.22 after 3 attempts.","stack":"Error: Failed to fetch runtime-dom@3.5.22 after 3 attempts.\n    at fetchAndCachePackage (C:\\Users\\priya\\OneDrive\\Desktop\\CodeCache-Pro\\backend\\src\\fetchers\\npmFetcher.js:172:23)\n    at process.processTicksAndRejections (node:internal/process/task_queues:105:5)\n    at async handleNpmRequest (C:\\Users\\priya\\OneDrive\\Desktop\\CodeCache-Pro\\backend\\src\\fetchers\\npmFetcher.js:93:21)","timestamp":"2025-10-16T21:59:23.380Z"}
{"level":"error","message":"500 - Failed to fetch runtime-dom@3.5.22 after 3 attempts. - /npm/@vue/runtime-dom/-/runtime-dom-3.5.22.tgz - GET - 192.168.137.112","timestamp":"2025-10-16T21:59:23.381Z"}
{"level":"error","message":"Error: Failed to fetch runtime-dom@3.5.22 after 3 attempts.\n    at fetchAndCachePackage (C:\\Users\\priya\\OneDrive\\Desktop\\CodeCache-Pro\\backend\\src\\fetchers\\npmFetcher.js:172:23)\n    at process.processTicksAndRejections (node:internal/process/task_queues:105:5)\n    at async handleNpmRequest (C:\\Users\\priya\\OneDrive\\Desktop\\CodeCache-Pro\\backend\\src\\fetchers\\npmFetcher.js:93:21)","timestamp":"2025-10-16T21:59:23.382Z"}
{"level":"info","message":"[CACHE] Successfully cached vue@3.5.22 to C:\\Users\\priya\\OneDrive\\Desktop\\CodeCache-Pro\\cache\\vue\\vue-3.5.22.tgz","timestamp":"2025-10-16T21:59:23.431Z"}
{"level":"error","message":"Attempt 2 failed for compiler-sfc@3.5.22: Cannot read properties of undefined (reading '3.5.22')","timestamp":"2025-10-16T21:59:23.910Z"}
{"level":"error","message":"Attempt 1 failed for server-renderer@3.5.22: Could not find shasum for server-renderer@3.5.22 in metadata.","timestamp":"2025-10-16T21:59:24.213Z"}
{"level":"error","message":"Attempt 3 failed for compiler-sfc@3.5.22: Cannot read properties of undefined (reading '3.5.22')","timestamp":"2025-10-16T21:59:24.457Z"}
{"level":"error","message":"[FAIL] Failed to fetch and cache compiler-sfc@3.5.22: Failed to fetch compiler-sfc@3.5.22 after 3 attempts.","stack":"Error: Failed to fetch compiler-sfc@3.5.22 after 3 attempts.\n    at fetchAndCachePackage (C:\\Users\\priya\\OneDrive\\Desktop\\CodeCache-Pro\\backend\\src\\fetchers\\npmFetcher.js:172:23)\n    at process.processTicksAndRejections (node:internal/process/task_queues:105:5)\n    at async handleNpmRequest (C:\\Users\\priya\\OneDrive\\Desktop\\CodeCache-Pro\\backend\\src\\fetchers\\npmFetcher.js:93:21)","timestamp":"2025-10-16T21:59:24.459Z"}
{"level":"error","message":"500 - Failed to fetch compiler-sfc@3.5.22 after 3 attempts. - /npm/@vue/compiler-sfc/-/compiler-sfc-3.5.22.tgz - GET - 192.168.137.112","timestamp":"2025-10-16T21:59:24.460Z"}
{"level":"error","message":"Error: Failed to fetch compiler-sfc@3.5.22 after 3 attempts.\n    at fetchAndCachePackage (C:\\Users\\priya\\OneDrive\\Desktop\\CodeCache-Pro\\backend\\src\\fetchers\\npmFetcher.js:172:23)\n    at process.processTicksAndRejections (node:internal/process/task_queues:105:5)\n    at async handleNpmRequest (C:\\Users\\priya\\OneDrive\\Desktop\\CodeCache-Pro\\backend\\src\\fetchers\\npmFetcher.js:93:21)","timestamp":"2025-10-16T21:59:24.460Z"}
{"level":"info","message":"[HIT] vue@3.5.22 from C:\\Users\\priya\\OneDrive\\Desktop\\CodeCache-Pro\\cache\\vue\\vue-3.5.22.tgz","timestamp":"2025-10-16T21:59:25.021Z"}
{"level":"info","message":"[MISS] compiler-dom@3.5.22. Fetching from upstream.","timestamp":"2025-10-16T21:59:30.970Z"}
{"level":"info","message":"[MISS] runtime-core@3.5.22. Fetching from upstream.","timestamp":"2025-10-16T21:59:31.033Z"}
{"level":"info","message":"[MISS] compiler-core@3.5.22. Fetching from upstream.","timestamp":"2025-10-16T21:59:31.052Z"}
{"level":"info","message":"[MISS] reactivity@3.5.22. Fetching from upstream.","timestamp":"2025-10-16T21:59:31.057Z"}
{"level":"error","message":"Attempt 1 failed for compiler-dom@3.5.22: Cannot read properties of undefined (reading '3.5.22')","timestamp":"2025-10-16T21:59:32.114Z"}
{"level":"error","message":"Attempt 2 failed for compiler-dom@3.5.22: Cannot read properties of undefined (reading '3.5.22')","timestamp":"2025-10-16T21:59:32.157Z"}
{"level":"error","message":"Attempt 1 failed for runtime-core@3.5.22: Cannot read properties of undefined (reading '3.5.22')","timestamp":"2025-10-16T21:59:32.177Z"}
{"level":"error","message":"Attempt 3 failed for compiler-dom@3.5.22: Cannot read properties of undefined (reading '3.5.22')","timestamp":"2025-10-16T21:59:32.200Z"}
{"level":"error","message":"[FAIL] Failed to fetch and cache compiler-dom@3.5.22: Failed to fetch compiler-dom@3.5.22 after 3 attempts.","stack":"Error: Failed to fetch compiler-dom@3.5.22 after 3 attempts.\n    at fetchAndCachePackage (C:\\Users\\priya\\OneDrive\\Desktop\\CodeCache-Pro\\backend\\src\\fetchers\\npmFetcher.js:172:23)\n    at process.processTicksAndRejections (node:internal/process/task_queues:105:5)\n    at async handleNpmRequest (C:\\Users\\priya\\OneDrive\\Desktop\\CodeCache-Pro\\backend\\src\\fetchers\\npmFetcher.js:93:21)","timestamp":"2025-10-16T21:59:32.203Z"}
{"level":"error","message":"500 - Failed to fetch compiler-dom@3.5.22 after 3 attempts. - /npm/@vue/compiler-dom/-/compiler-dom-3.5.22.tgz - GET - 192.168.137.112","timestamp":"2025-10-16T21:59:32.204Z"}
{"level":"error","message":"Error: Failed to fetch compiler-dom@3.5.22 after 3 attempts.\n    at fetchAndCachePackage (C:\\Users\\priya\\OneDrive\\Desktop\\CodeCache-Pro\\backend\\src\\fetchers\\npmFetcher.js:172:23)\n    at process.processTicksAndRejections (node:internal/process/task_queues:105:5)\n    at async handleNpmRequest (C:\\Users\\priya\\OneDrive\\Desktop\\CodeCache-Pro\\backend\\src\\fetchers\\npmFetcher.js:93:21)","timestamp":"2025-10-16T21:59:32.204Z"}
{"level":"error","message":"Attempt 2 failed for runtime-core@3.5.22: Cannot read properties of undefined (reading '3.5.22')","timestamp":"2025-10-16T21:59:32.211Z"}
{"level":"error","message":"Attempt 1 failed for reactivity@3.5.22: Could not find shasum for reactivity@3.5.22 in metadata.","timestamp":"2025-10-16T21:59:32.218Z"}
{"level":"error","message":"Attempt 3 failed for runtime-core@3.5.22: Cannot read properties of undefined (reading '3.5.22')","timestamp":"2025-10-16T21:59:32.246Z"}
{"level":"error","message":"[FAIL] Failed to fetch and cache runtime-core@3.5.22: Failed to fetch runtime-core@3.5.22 after 3 attempts.","stack":"Error: Failed to fetch runtime-core@3.5.22 after 3 attempts.\n    at fetchAndCachePackage (C:\\Users\\priya\\OneDrive\\Desktop\\CodeCache-Pro\\backend\\src\\fetchers\\npmFetcher.js:172:23)\n    at process.processTicksAndRejections (node:internal/process/task_queues:105:5)\n    at async handleNpmRequest (C:\\Users\\priya\\OneDrive\\Desktop\\CodeCache-Pro\\backend\\src\\fetchers\\npmFetcher.js:93:21)","timestamp":"2025-10-16T21:59:32.252Z"}
{"level":"error","message":"500 - Failed to fetch runtime-core@3.5.22 after 3 attempts. - /npm/@vue/runtime-core/-/runtime-core-3.5.22.tgz - GET - 192.168.137.112","timestamp":"2025-10-16T21:59:32.254Z"}
{"level":"error","message":"Error: Failed to fetch runtime-core@3.5.22 after 3 attempts.\n    at fetchAndCachePackage (C:\\Users\\priya\\OneDrive\\Desktop\\CodeCache-Pro\\backend\\src\\fetchers\\npmFetcher.js:172:23)\n    at process.processTicksAndRejections (node:internal/process/task_queues:105:5)\n    at async handleNpmRequest (C:\\Users\\priya\\OneDrive\\Desktop\\CodeCache-Pro\\backend\\src\\fetchers\\npmFetcher.js:93:21)","timestamp":"2025-10-16T21:59:32.254Z"}
{"level":"error","message":"Attempt 2 failed for reactivity@3.5.22: Could not find shasum for reactivity@3.5.22 in metadata.","timestamp":"2025-10-16T21:59:32.277Z"}
{"level":"error","message":"Attempt 3 failed for reactivity@3.5.22: Could not find shasum for reactivity@3.5.22 in metadata.","timestamp":"2025-10-16T21:59:32.321Z"}
{"level":"error","message":"[FAIL] Failed to fetch and cache reactivity@3.5.22: Failed to fetch reactivity@3.5.22 after 3 attempts.","stack":"Error: Failed to fetch reactivity@3.5.22 after 3 attempts.\n    at fetchAndCachePackage (C:\\Users\\priya\\OneDrive\\Desktop\\CodeCache-Pro\\backend\\src\\fetchers\\npmFetcher.js:172:23)\n    at process.processTicksAndRejections (node:internal/process/task_queues:105:5)\n    at async handleNpmRequest (C:\\Users\\priya\\OneDrive\\Desktop\\CodeCache-Pro\\backend\\src\\fetchers\\npmFetcher.js:93:21)","timestamp":"2025-10-16T21:59:32.322Z"}
{"level":"error","message":"500 - Failed to fetch reactivity@3.5.22 after 3 attempts. - /npm/@vue/reactivity/-/reactivity-3.5.22.tgz - GET - 192.168.137.112","timestamp":"2025-10-16T21:59:32.323Z"}
{"level":"error","message":"Error: Failed to fetch reactivity@3.5.22 after 3 attempts.\n    at fetchAndCachePackage (C:\\Users\\priya\\OneDrive\\Desktop\\CodeCache-Pro\\backend\\src\\fetchers\\npmFetcher.js:172:23)\n    at process.processTicksAndRejections (node:internal/process/task_queues:105:5)\n    at async handleNpmRequest (C:\\Users\\priya\\OneDrive\\Desktop\\CodeCache-Pro\\backend\\src\\fetchers\\npmFetcher.js:93:21)","timestamp":"2025-10-16T21:59:32.323Z"}
{"level":"error","message":"Attempt 1 failed for compiler-core@3.5.22: Cannot read properties of undefined (reading '3.5.22')","timestamp":"2025-10-16T21:59:32.447Z"}
{"level":"error","message":"Attempt 2 failed for compiler-core@3.5.22: Cannot read properties of undefined (reading '3.5.22')","timestamp":"2025-10-16T21:59:32.480Z"}
{"level":"error","message":"Attempt 3 failed for compiler-core@3.5.22: Cannot read properties of undefined (reading '3.5.22')","timestamp":"2025-10-16T21:59:32.509Z"}
{"level":"error","message":"[FAIL] Failed to fetch and cache compiler-core@3.5.22: Failed to fetch compiler-core@3.5.22 after 3 attempts.","stack":"Error: Failed to fetch compiler-core@3.5.22 after 3 attempts.\n    at fetchAndCachePackage (C:\\Users\\priya\\OneDrive\\Desktop\\CodeCache-Pro\\backend\\src\\fetchers\\npmFetcher.js:172:23)\n    at process.processTicksAndRejections (node:internal/process/task_queues:105:5)\n    at async handleNpmRequest (C:\\Users\\priya\\OneDrive\\Desktop\\CodeCache-Pro\\backend\\src\\fetchers\\npmFetcher.js:93:21)","timestamp":"2025-10-16T21:59:32.510Z"}
{"level":"error","message":"500 - Failed to fetch compiler-core@3.5.22 after 3 attempts. - /npm/@vue/compiler-core/-/compiler-core-3.5.22.tgz - GET - 192.168.137.112","timestamp":"2025-10-16T21:59:32.511Z"}
{"level":"error","message":"Error: Failed to fetch compiler-core@3.5.22 after 3 attempts.\n    at fetchAndCachePackage (C:\\Users\\priya\\OneDrive\\Desktop\\CodeCache-Pro\\backend\\src\\fetchers\\npmFetcher.js:172:23)\n    at process.processTicksAndRejections (node:internal/process/task_queues:105:5)\n    at async handleNpmRequest (C:\\Users\\priya\\OneDrive\\Desktop\\CodeCache-Pro\\backend\\src\\fetchers\\npmFetcher.js:93:21)","timestamp":"2025-10-16T21:59:32.511Z"}
{"level":"info","message":"[MISS] shared@3.5.22. Fetching from upstream.","timestamp":"2025-10-16T21:59:34.066Z"}
{"level":"info","message":"[MISS] compiler-ssr@3.5.22. Fetching from upstream.","timestamp":"2025-10-16T21:59:34.082Z"}
{"level":"info","message":"[MISS] runtime-dom@3.5.22. Fetching from upstream.","timestamp":"2025-10-16T21:59:34.084Z"}
{"level":"error","message":"Attempt 1 failed for compiler-ssr@3.5.22: Cannot read properties of undefined (reading '3.5.22')","timestamp":"2025-10-16T21:59:34.115Z"}
{"level":"error","message":"Attempt 1 failed for shared@3.5.22: Could not find shasum for shared@3.5.22 in metadata.","timestamp":"2025-10-16T21:59:34.121Z"}
{"level":"error","message":"Attempt 1 failed for runtime-dom@3.5.22: Cannot read properties of undefined (reading '3.5.22')","timestamp":"2025-10-16T21:59:34.126Z"}
{"level":"error","message":"Attempt 2 failed for compiler-ssr@3.5.22: Cannot read properties of undefined (reading '3.5.22')","timestamp":"2025-10-16T21:59:34.154Z"}
{"level":"error","message":"Attempt 2 failed for runtime-dom@3.5.22: Cannot read properties of undefined (reading '3.5.22')","timestamp":"2025-10-16T21:59:34.159Z"}
{"level":"error","message":"Attempt 2 failed for shared@3.5.22: Could not find shasum for shared@3.5.22 in metadata.","timestamp":"2025-10-16T21:59:34.167Z"}
{"level":"error","message":"Attempt 3 failed for compiler-ssr@3.5.22: Cannot read properties of undefined (reading '3.5.22')","timestamp":"2025-10-16T21:59:34.183Z"}
{"level":"error","message":"[FAIL] Failed to fetch and cache compiler-ssr@3.5.22: Failed to fetch compiler-ssr@3.5.22 after 3 attempts.","stack":"Error: Failed to fetch compiler-ssr@3.5.22 after 3 attempts.\n    at fetchAndCachePackage (C:\\Users\\priya\\OneDrive\\Desktop\\CodeCache-Pro\\backend\\src\\fetchers\\npmFetcher.js:172:23)\n    at process.processTicksAndRejections (node:internal/process/task_queues:105:5)\n    at async handleNpmRequest (C:\\Users\\priya\\OneDrive\\Desktop\\CodeCache-Pro\\backend\\src\\fetchers\\npmFetcher.js:93:21)","timestamp":"2025-10-16T21:59:34.184Z"}
{"level":"error","message":"500 - Failed to fetch compiler-ssr@3.5.22 after 3 attempts. - /npm/@vue/compiler-ssr/-/compiler-ssr-3.5.22.tgz - GET - 192.168.137.112","timestamp":"2025-10-16T21:59:34.185Z"}
{"level":"error","message":"Error: Failed to fetch compiler-ssr@3.5.22 after 3 attempts.\n    at fetchAndCachePackage (C:\\Users\\priya\\OneDrive\\Desktop\\CodeCache-Pro\\backend\\src\\fetchers\\npmFetcher.js:172:23)\n    at process.processTicksAndRejections (node:internal/process/task_queues:105:5)\n    at async handleNpmRequest (C:\\Users\\priya\\OneDrive\\Desktop\\CodeCache-Pro\\backend\\src\\fetchers\\npmFetcher.js:93:21)","timestamp":"2025-10-16T21:59:34.185Z"}
{"level":"error","message":"Attempt 3 failed for runtime-dom@3.5.22: Cannot read properties of undefined (reading '3.5.22')","timestamp":"2025-10-16T21:59:34.189Z"}
{"level":"error","message":"[FAIL] Failed to fetch and cache runtime-dom@3.5.22: Failed to fetch runtime-dom@3.5.22 after 3 attempts.","stack":"Error: Failed to fetch runtime-dom@3.5.22 after 3 attempts.\n    at fetchAndCachePackage (C:\\Users\\priya\\OneDrive\\Desktop\\CodeCache-Pro\\backend\\src\\fetchers\\npmFetcher.js:172:23)\n    at process.processTicksAndRejections (node:internal/process/task_queues:105:5)\n    at async handleNpmRequest (C:\\Users\\priya\\OneDrive\\Desktop\\CodeCache-Pro\\backend\\src\\fetchers\\npmFetcher.js:93:21)","timestamp":"2025-10-16T21:59:34.190Z"}
{"level":"error","message":"500 - Failed to fetch runtime-dom@3.5.22 after 3 attempts. - /npm/@vue/runtime-dom/-/runtime-dom-3.5.22.tgz - GET - 192.168.137.112","timestamp":"2025-10-16T21:59:34.190Z"}
{"level":"error","message":"Error: Failed to fetch runtime-dom@3.5.22 after 3 attempts.\n    at fetchAndCachePackage (C:\\Users\\priya\\OneDrive\\Desktop\\CodeCache-Pro\\backend\\src\\fetchers\\npmFetcher.js:172:23)\n    at process.processTicksAndRejections (node:internal/process/task_queues:105:5)\n    at async handleNpmRequest (C:\\Users\\priya\\OneDrive\\Desktop\\CodeCache-Pro\\backend\\src\\fetchers\\npmFetcher.js:93:21)","timestamp":"2025-10-16T21:59:34.191Z"}
{"level":"error","message":"Attempt 3 failed for shared@3.5.22: Could not find shasum for shared@3.5.22 in metadata.","timestamp":"2025-10-16T21:59:34.212Z"}
{"level":"error","message":"[FAIL] Failed to fetch and cache shared@3.5.22: Failed to fetch shared@3.5.22 after 3 attempts.","stack":"Error: Failed to fetch shared@3.5.22 after 3 attempts.\n    at fetchAndCachePackage (C:\\Users\\priya\\OneDrive\\Desktop\\CodeCache-Pro\\backend\\src\\fetchers\\npmFetcher.js:172:23)\n    at process.processTicksAndRejections (node:internal/process/task_queues:105:5)\n    at async handleNpmRequest (C:\\Users\\priya\\OneDrive\\Desktop\\CodeCache-Pro\\backend\\src\\fetchers\\npmFetcher.js:93:21)","timestamp":"2025-10-16T21:59:34.213Z"}
{"level":"error","message":"500 - Failed to fetch shared@3.5.22 after 3 attempts. - /npm/@vue/shared/-/shared-3.5.22.tgz - GET - 192.168.137.112","timestamp":"2025-10-16T21:59:34.215Z"}
{"level":"error","message":"Error: Failed to fetch shared@3.5.22 after 3 attempts.\n    at fetchAndCachePackage (C:\\Users\\priya\\OneDrive\\Desktop\\CodeCache-Pro\\backend\\src\\fetchers\\npmFetcher.js:172:23)\n    at process.processTicksAndRejections (node:internal/process/task_queues:105:5)\n    at async handleNpmRequest (C:\\Users\\priya\\OneDrive\\Desktop\\CodeCache-Pro\\backend\\src\\fetchers\\npmFetcher.js:93:21)","timestamp":"2025-10-16T21:59:34.215Z"}
{"level":"error","message":"Attempt 2 failed for server-renderer@3.5.22: Could not find shasum for server-renderer@3.5.22 in metadata.","timestamp":"2025-10-16T21:59:25.135Z"}
{"level":"error","message":"Attempt 3 failed for server-renderer@3.5.22: Could not find shasum for server-renderer@3.5.22 in metadata.","timestamp":"2025-10-16T21:59:25.215Z"}
{"level":"error","message":"[FAIL] Failed to fetch and cache server-renderer@3.5.22: Failed to fetch server-renderer@3.5.22 after 3 attempts.","stack":"Error: Failed to fetch server-renderer@3.5.22 after 3 attempts.\n    at fetchAndCachePackage (C:\\Users\\priya\\OneDrive\\Desktop\\CodeCache-Pro\\backend\\src\\fetchers\\npmFetcher.js:172:23)\n    at process.processTicksAndRejections (node:internal/process/task_queues:105:5)\n    at async handleNpmRequest (C:\\Users\\priya\\OneDrive\\Desktop\\CodeCache-Pro\\backend\\src\\fetchers\\npmFetcher.js:93:21)","timestamp":"2025-10-16T21:59:25.216Z"}
{"level":"error","message":"500 - Failed to fetch server-renderer@3.5.22 after 3 attempts. - /npm/@vue/server-renderer/-/server-renderer-3.5.22.tgz - GET - 192.168.137.112","timestamp":"2025-10-16T21:59:25.217Z"}
{"level":"error","message":"Error: Failed to fetch server-renderer@3.5.22 after 3 attempts.\n    at fetchAndCachePackage (C:\\Users\\priya\\OneDrive\\Desktop\\CodeCache-Pro\\backend\\src\\fetchers\\npmFetcher.js:172:23)\n    at process.processTicksAndRejections (node:internal/process/task_queues:105:5)\n    at async handleNpmRequest (C:\\Users\\priya\\OneDrive\\Desktop\\CodeCache-Pro\\backend\\src\\fetchers\\npmFetcher.js:93:21)","timestamp":"2025-10-16T21:59:25.217Z"}
{"level":"info","message":"[MISS] compiler-sfc@3.5.22. Fetching from upstream.","timestamp":"2025-10-16T21:59:26.310Z"}
{"level":"error","message":"Attempt 1 failed for compiler-sfc@3.5.22: Cannot read properties of undefined (reading '3.5.22')","timestamp":"2025-10-16T21:59:26.359Z"}
{"level":"error","message":"Attempt 2 failed for compiler-sfc@3.5.22: Cannot read properties of undefined (reading '3.5.22')","timestamp":"2025-10-16T21:59:26.391Z"}
{"level":"error","message":"Attempt 3 failed for compiler-sfc@3.5.22: Cannot read properties of undefined (reading '3.5.22')","timestamp":"2025-10-16T21:59:26.438Z"}
{"level":"error","message":"[FAIL] Failed to fetch and cache compiler-sfc@3.5.22: Failed to fetch compiler-sfc@3.5.22 after 3 attempts.","stack":"Error: Failed to fetch compiler-sfc@3.5.22 after 3 attempts.\n    at fetchAndCachePackage (C:\\Users\\priya\\OneDrive\\Desktop\\CodeCache-Pro\\backend\\src\\fetchers\\npmFetcher.js:172:23)\n    at process.processTicksAndRejections (node:internal/process/task_queues:105:5)\n    at async handleNpmRequest (C:\\Users\\priya\\OneDrive\\Desktop\\CodeCache-Pro\\backend\\src\\fetchers\\npmFetcher.js:93:21)","timestamp":"2025-10-16T21:59:26.439Z"}
{"level":"error","message":"500 - Failed to fetch compiler-sfc@3.5.22 after 3 attempts. - /npm/@vue/compiler-sfc/-/compiler-sfc-3.5.22.tgz - GET - 192.168.137.112","timestamp":"2025-10-16T21:59:26.440Z"}
{"level":"error","message":"Error: Failed to fetch compiler-sfc@3.5.22 after 3 attempts.\n    at fetchAndCachePackage (C:\\Users\\priya\\OneDrive\\Desktop\\CodeCache-Pro\\backend\\src\\fetchers\\npmFetcher.js:172:23)\n    at process.processTicksAndRejections (node:internal/process/task_queues:105:5)\n    at async handleNpmRequest (C:\\Users\\priya\\OneDrive\\Desktop\\CodeCache-Pro\\backend\\src\\fetchers\\npmFetcher.js:93:21)","timestamp":"2025-10-16T21:59:26.440Z"}
{"level":"info","message":"[MISS] server-renderer@3.5.22. Fetching from upstream.","timestamp":"2025-10-16T21:59:36.267Z"}
{"level":"error","message":"Attempt 1 failed for server-renderer@3.5.22: Could not find shasum for server-renderer@3.5.22 in metadata.","timestamp":"2025-10-16T21:59:36.432Z"}
{"level":"error","message":"Attempt 2 failed for server-renderer@3.5.22: Could not find shasum for server-renderer@3.5.22 in metadata.","timestamp":"2025-10-16T21:59:36.564Z"}
{"level":"error","message":"Attempt 3 failed for server-renderer@3.5.22: Could not find shasum for server-renderer@3.5.22 in metadata.","timestamp":"2025-10-16T21:59:36.694Z"}
{"level":"error","message":"[FAIL] Failed to fetch and cache server-renderer@3.5.22: Failed to fetch server-renderer@3.5.22 after 3 attempts.","stack":"Error: Failed to fetch server-renderer@3.5.22 after 3 attempts.\n    at fetchAndCachePackage (C:\\Users\\priya\\OneDrive\\Desktop\\CodeCache-Pro\\backend\\src\\fetchers\\npmFetcher.js:172:23)\n    at process.processTicksAndRejections (node:internal/process/task_queues:105:5)\n    at async handleNpmRequest (C:\\Users\\priya\\OneDrive\\Desktop\\CodeCache-Pro\\backend\\src\\fetchers\\npmFetcher.js:93:21)","timestamp":"2025-10-16T21:59:36.695Z"}
{"level":"error","message":"500 - Failed to fetch server-renderer@3.5.22 after 3 attempts. - /npm/@vue/server-renderer/-/server-renderer-3.5.22.tgz - GET - 192.168.137.112","timestamp":"2025-10-16T21:59:36.696Z"}
{"level":"error","message":"Error: Failed to fetch server-renderer@3.5.22 after 3 attempts.\n    at fetchAndCachePackage (C:\\Users\\priya\\OneDrive\\Desktop\\CodeCache-Pro\\backend\\src\\fetchers\\npmFetcher.js:172:23)\n    at process.processTicksAndRejections (node:internal/process/task_queues:105:5)\n    at async handleNpmRequest (C:\\Users\\priya\\OneDrive\\Desktop\\CodeCache-Pro\\backend\\src\\fetchers\\npmFetcher.js:93:21)","timestamp":"2025-10-16T21:59:36.696Z"}
{"level":"info","message":"[MISS] runtime-core@3.5.22. Fetching from upstream.","timestamp":"2025-10-16T22:00:22.243Z"}
{"level":"info","message":"[MISS] reactivity@3.5.22. Fetching from upstream.","timestamp":"2025-10-16T22:00:22.303Z"}
{"level":"error","message":"Attempt 1 failed for runtime-core@3.5.22: Cannot read properties of undefined (reading '3.5.22')","timestamp":"2025-10-16T22:00:22.438Z"}
{"level":"error","message":"Attempt 2 failed for runtime-core@3.5.22: Cannot read properties of undefined (reading '3.5.22')","timestamp":"2025-10-16T22:00:22.486Z"}
{"level":"info","message":"[MISS] compiler-core@3.5.22. Fetching from upstream.","timestamp":"2025-10-16T22:00:22.519Z"}
{"level":"error","message":"Attempt 1 failed for reactivity@3.5.22: Could not find shasum for reactivity@3.5.22 in metadata.","timestamp":"2025-10-16T22:00:22.524Z"}
{"level":"error","message":"Attempt 3 failed for runtime-core@3.5.22: Cannot read properties of undefined (reading '3.5.22')","timestamp":"2025-10-16T22:00:22.551Z"}
{"level":"error","message":"[FAIL] Failed to fetch and cache runtime-core@3.5.22: Failed to fetch runtime-core@3.5.22 after 3 attempts.","stack":"Error: Failed to fetch runtime-core@3.5.22 after 3 attempts.\n    at fetchAndCachePackage (C:\\Users\\priya\\OneDrive\\Desktop\\CodeCache-Pro\\backend\\src\\fetchers\\npmFetcher.js:172:23)\n    at process.processTicksAndRejections (node:internal/process/task_queues:105:5)\n    at async handleNpmRequest (C:\\Users\\priya\\OneDrive\\Desktop\\CodeCache-Pro\\backend\\src\\fetchers\\npmFetcher.js:93:21)","timestamp":"2025-10-16T22:00:22.552Z"}
{"level":"error","message":"500 - Failed to fetch runtime-core@3.5.22 after 3 attempts. - /npm/@vue/runtime-core/-/runtime-core-3.5.22.tgz - GET - 192.168.137.112","timestamp":"2025-10-16T22:00:22.555Z"}
{"level":"error","message":"Error: Failed to fetch runtime-core@3.5.22 after 3 attempts.\n    at fetchAndCachePackage (C:\\Users\\priya\\OneDrive\\Desktop\\CodeCache-Pro\\backend\\src\\fetchers\\npmFetcher.js:172:23)\n    at process.processTicksAndRejections (node:internal/process/task_queues:105:5)\n    at async handleNpmRequest (C:\\Users\\priya\\OneDrive\\Desktop\\CodeCache-Pro\\backend\\src\\fetchers\\npmFetcher.js:93:21)","timestamp":"2025-10-16T22:00:22.556Z"}
{"level":"error","message":"Attempt 1 failed for compiler-core@3.5.22: Cannot read properties of undefined (reading '3.5.22')","timestamp":"2025-10-16T22:00:22.562Z"}
{"level":"error","message":"Attempt 2 failed for compiler-core@3.5.22: Cannot read properties of undefined (reading '3.5.22')","timestamp":"2025-10-16T22:00:22.612Z"}
{"level":"error","message":"Attempt 2 failed for reactivity@3.5.22: Could not find shasum for reactivity@3.5.22 in metadata.","timestamp":"2025-10-16T22:00:22.671Z"}
{"level":"error","message":"Attempt 3 failed for compiler-core@3.5.22: Cannot read properties of undefined (reading '3.5.22')","timestamp":"2025-10-16T22:00:22.677Z"}
{"level":"error","message":"[FAIL] Failed to fetch and cache compiler-core@3.5.22: Failed to fetch compiler-core@3.5.22 after 3 attempts.","stack":"Error: Failed to fetch compiler-core@3.5.22 after 3 attempts.\n    at fetchAndCachePackage (C:\\Users\\priya\\OneDrive\\Desktop\\CodeCache-Pro\\backend\\src\\fetchers\\npmFetcher.js:172:23)\n    at process.processTicksAndRejections (node:internal/process/task_queues:105:5)\n    at async handleNpmRequest (C:\\Users\\priya\\OneDrive\\Desktop\\CodeCache-Pro\\backend\\src\\fetchers\\npmFetcher.js:93:21)","timestamp":"2025-10-16T22:00:22.678Z"}
{"level":"error","message":"500 - Failed to fetch compiler-core@3.5.22 after 3 attempts. - /npm/@vue/compiler-core/-/compiler-core-3.5.22.tgz - GET - 192.168.137.112","timestamp":"2025-10-16T22:00:22.679Z"}
{"level":"error","message":"Error: Failed to fetch compiler-core@3.5.22 after 3 attempts.\n    at fetchAndCachePackage (C:\\Users\\priya\\OneDrive\\Desktop\\CodeCache-Pro\\backend\\src\\fetchers\\npmFetcher.js:172:23)\n    at process.processTicksAndRejections (node:internal/process/task_queues:105:5)\n    at async handleNpmRequest (C:\\Users\\priya\\OneDrive\\Desktop\\CodeCache-Pro\\backend\\src\\fetchers\\npmFetcher.js:93:21)","timestamp":"2025-10-16T22:00:22.679Z"}
{"level":"error","message":"Attempt 3 failed for reactivity@3.5.22: Could not find shasum for reactivity@3.5.22 in metadata.","timestamp":"2025-10-16T22:00:22.738Z"}
{"level":"error","message":"[FAIL] Failed to fetch and cache reactivity@3.5.22: Failed to fetch reactivity@3.5.22 after 3 attempts.","stack":"Error: Failed to fetch reactivity@3.5.22 after 3 attempts.\n    at fetchAndCachePackage (C:\\Users\\priya\\OneDrive\\Desktop\\CodeCache-Pro\\backend\\src\\fetchers\\npmFetcher.js:172:23)\n    at process.processTicksAndRejections (node:internal/process/task_queues:105:5)\n    at async handleNpmRequest (C:\\Users\\priya\\OneDrive\\Desktop\\CodeCache-Pro\\backend\\src\\fetchers\\npmFetcher.js:93:21)","timestamp":"2025-10-16T22:00:22.739Z"}
{"level":"error","message":"500 - Failed to fetch reactivity@3.5.22 after 3 attempts. - /npm/@vue/reactivity/-/reactivity-3.5.22.tgz - GET - 192.168.137.112","timestamp":"2025-10-16T22:00:22.740Z"}
{"level":"error","message":"Error: Failed to fetch reactivity@3.5.22 after 3 attempts.\n    at fetchAndCachePackage (C:\\Users\\priya\\OneDrive\\Desktop\\CodeCache-Pro\\backend\\src\\fetchers\\npmFetcher.js:172:23)\n    at process.processTicksAndRejections (node:internal/process/task_queues:105:5)\n    at async handleNpmRequest (C:\\Users\\priya\\OneDrive\\Desktop\\CodeCache-Pro\\backend\\src\\fetchers\\npmFetcher.js:93:21)","timestamp":"2025-10-16T22:00:22.741Z"}
{"level":"info","message":"[MISS] compiler-dom@3.5.22. Fetching from upstream.","timestamp":"2025-10-16T22:00:23.283Z"}
{"level":"error","message":"Attempt 1 failed for compiler-dom@3.5.22: Cannot read properties of undefined (reading '3.5.22')","timestamp":"2025-10-16T22:00:23.337Z"}
{"level":"error","message":"Attempt 2 failed for compiler-dom@3.5.22: Cannot read properties of undefined (reading '3.5.22')","timestamp":"2025-10-16T22:00:23.417Z"}
{"level":"error","message":"Attempt 3 failed for compiler-dom@3.5.22: Cannot read properties of undefined (reading '3.5.22')","timestamp":"2025-10-16T22:00:23.452Z"}
{"level":"error","message":"[FAIL] Failed to fetch and cache compiler-dom@3.5.22: Failed to fetch compiler-dom@3.5.22 after 3 attempts.","stack":"Error: Failed to fetch compiler-dom@3.5.22 after 3 attempts.\n    at fetchAndCachePackage (C:\\Users\\priya\\OneDrive\\Desktop\\CodeCache-Pro\\backend\\src\\fetchers\\npmFetcher.js:172:23)\n    at process.processTicksAndRejections (node:internal/process/task_queues:105:5)\n    at async handleNpmRequest (C:\\Users\\priya\\OneDrive\\Desktop\\CodeCache-Pro\\backend\\src\\fetchers\\npmFetcher.js:93:21)","timestamp":"2025-10-16T22:00:23.453Z"}
{"level":"error","message":"500 - Failed to fetch compiler-dom@3.5.22 after 3 attempts. - /npm/@vue/compiler-dom/-/compiler-dom-3.5.22.tgz - GET - 192.168.137.112","timestamp":"2025-10-16T22:00:23.454Z"}
{"level":"error","message":"Error: Failed to fetch compiler-dom@3.5.22 after 3 attempts.\n    at fetchAndCachePackage (C:\\Users\\priya\\OneDrive\\Desktop\\CodeCache-Pro\\backend\\src\\fetchers\\npmFetcher.js:172:23)\n    at process.processTicksAndRejections (node:internal/process/task_queues:105:5)\n    at async handleNpmRequest (C:\\Users\\priya\\OneDrive\\Desktop\\CodeCache-Pro\\backend\\src\\fetchers\\npmFetcher.js:93:21)","timestamp":"2025-10-16T22:00:23.454Z"}
{"level":"info","message":"[MISS] compiler-ssr@3.5.22. Fetching from upstream.","timestamp":"2025-10-16T22:00:24.124Z"}
{"level":"error","message":"Attempt 1 failed for compiler-ssr@3.5.22: Cannot read properties of undefined (reading '3.5.22')","timestamp":"2025-10-16T22:00:24.183Z"}
{"level":"info","message":"[MISS] runtime-dom@3.5.22. Fetching from upstream.","timestamp":"2025-10-16T22:00:24.187Z"}
{"level":"info","message":"[MISS] shared@3.5.22. Fetching from upstream.","timestamp":"2025-10-16T22:00:24.202Z"}
{"level":"error","message":"Attempt 2 failed for compiler-ssr@3.5.22: Cannot read properties of undefined (reading '3.5.22')","timestamp":"2025-10-16T22:00:24.223Z"}
{"level":"error","message":"Attempt 1 failed for runtime-dom@3.5.22: Cannot read properties of undefined (reading '3.5.22')","timestamp":"2025-10-16T22:00:24.237Z"}
{"level":"error","message":"Attempt 1 failed for shared@3.5.22: Could not find shasum for shared@3.5.22 in metadata.","timestamp":"2025-10-16T22:00:24.243Z"}
{"level":"error","message":"Attempt 2 failed for runtime-dom@3.5.22: Cannot read properties of undefined (reading '3.5.22')","timestamp":"2025-10-16T22:00:24.273Z"}
{"level":"error","message":"Attempt 3 failed for compiler-ssr@3.5.22: Cannot read properties of undefined (reading '3.5.22')","timestamp":"2025-10-16T22:00:24.277Z"}
{"level":"error","message":"[FAIL] Failed to fetch and cache compiler-ssr@3.5.22: Failed to fetch compiler-ssr@3.5.22 after 3 attempts.","stack":"Error: Failed to fetch compiler-ssr@3.5.22 after 3 attempts.\n    at fetchAndCachePackage (C:\\Users\\priya\\OneDrive\\Desktop\\CodeCache-Pro\\backend\\src\\fetchers\\npmFetcher.js:172:23)\n    at process.processTicksAndRejections (node:internal/process/task_queues:105:5)\n    at async handleNpmRequest (C:\\Users\\priya\\OneDrive\\Desktop\\CodeCache-Pro\\backend\\src\\fetchers\\npmFetcher.js:93:21)","timestamp":"2025-10-16T22:00:24.277Z"}
{"level":"error","message":"500 - Failed to fetch compiler-ssr@3.5.22 after 3 attempts. - /npm/@vue/compiler-ssr/-/compiler-ssr-3.5.22.tgz - GET - 192.168.137.112","timestamp":"2025-10-16T22:00:24.278Z"}
{"level":"error","message":"Error: Failed to fetch compiler-ssr@3.5.22 after 3 attempts.\n    at fetchAndCachePackage (C:\\Users\\priya\\OneDrive\\Desktop\\CodeCache-Pro\\backend\\src\\fetchers\\npmFetcher.js:172:23)\n    at process.processTicksAndRejections (node:internal/process/task_queues:105:5)\n    at async handleNpmRequest (C:\\Users\\priya\\OneDrive\\Desktop\\CodeCache-Pro\\backend\\src\\fetchers\\npmFetcher.js:93:21)","timestamp":"2025-10-16T22:00:24.278Z"}
{"level":"error","message":"Attempt 2 failed for shared@3.5.22: Could not find shasum for shared@3.5.22 in metadata.","timestamp":"2025-10-16T22:00:24.286Z"}
{"level":"error","message":"Attempt 3 failed for runtime-dom@3.5.22: Cannot read properties of undefined (reading '3.5.22')","timestamp":"2025-10-16T22:00:24.310Z"}
{"level":"error","message":"[FAIL] Failed to fetch and cache runtime-dom@3.5.22: Failed to fetch runtime-dom@3.5.22 after 3 attempts.","stack":"Error: Failed to fetch runtime-dom@3.5.22 after 3 attempts.\n    at fetchAndCachePackage (C:\\Users\\priya\\OneDrive\\Desktop\\CodeCache-Pro\\backend\\src\\fetchers\\npmFetcher.js:172:23)\n    at process.processTicksAndRejections (node:internal/process/task_queues:105:5)\n    at async handleNpmRequest (C:\\Users\\priya\\OneDrive\\Desktop\\CodeCache-Pro\\backend\\src\\fetchers\\npmFetcher.js:93:21)","timestamp":"2025-10-16T22:00:24.312Z"}
{"level":"error","message":"500 - Failed to fetch runtime-dom@3.5.22 after 3 attempts. - /npm/@vue/runtime-dom/-/runtime-dom-3.5.22.tgz - GET - 192.168.137.112","timestamp":"2025-10-16T22:00:24.312Z"}
{"level":"error","message":"Error: Failed to fetch runtime-dom@3.5.22 after 3 attempts.\n    at fetchAndCachePackage (C:\\Users\\priya\\OneDrive\\Desktop\\CodeCache-Pro\\backend\\src\\fetchers\\npmFetcher.js:172:23)\n    at process.processTicksAndRejections (node:internal/process/task_queues:105:5)\n    at async handleNpmRequest (C:\\Users\\priya\\OneDrive\\Desktop\\CodeCache-Pro\\backend\\src\\fetchers\\npmFetcher.js:93:21)","timestamp":"2025-10-16T22:00:24.314Z"}
{"level":"error","message":"Attempt 3 failed for shared@3.5.22: Could not find shasum for shared@3.5.22 in metadata.","timestamp":"2025-10-16T22:00:24.342Z"}
{"level":"error","message":"[FAIL] Failed to fetch and cache shared@3.5.22: Failed to fetch shared@3.5.22 after 3 attempts.","stack":"Error: Failed to fetch shared@3.5.22 after 3 attempts.\n    at fetchAndCachePackage (C:\\Users\\priya\\OneDrive\\Desktop\\CodeCache-Pro\\backend\\src\\fetchers\\npmFetcher.js:172:23)\n    at process.processTicksAndRejections (node:internal/process/task_queues:105:5)\n    at async handleNpmRequest (C:\\Users\\priya\\OneDrive\\Desktop\\CodeCache-Pro\\backend\\src\\fetchers\\npmFetcher.js:93:21)","timestamp":"2025-10-16T22:00:24.343Z"}
{"level":"error","message":"500 - Failed to fetch shared@3.5.22 after 3 attempts. - /npm/@vue/shared/-/shared-3.5.22.tgz - GET - 192.168.137.112","timestamp":"2025-10-16T22:00:24.344Z"}
{"level":"error","message":"Error: Failed to fetch shared@3.5.22 after 3 attempts.\n    at fetchAndCachePackage (C:\\Users\\priya\\OneDrive\\Desktop\\CodeCache-Pro\\backend\\src\\fetchers\\npmFetcher.js:172:23)\n    at process.processTicksAndRejections (node:internal/process/task_queues:105:5)\n    at async handleNpmRequest (C:\\Users\\priya\\OneDrive\\Desktop\\CodeCache-Pro\\backend\\src\\fetchers\\npmFetcher.js:93:21)","timestamp":"2025-10-16T22:00:24.344Z"}
{"level":"info","message":"[MISS] compiler-sfc@3.5.22. Fetching from upstream.","timestamp":"2025-10-16T22:00:26.546Z"}
{"level":"error","message":"Attempt 1 failed for compiler-sfc@3.5.22: Cannot read properties of undefined (reading '3.5.22')","timestamp":"2025-10-16T22:00:26.608Z"}
{"level":"error","message":"Attempt 2 failed for compiler-sfc@3.5.22: Cannot read properties of undefined (reading '3.5.22')","timestamp":"2025-10-16T22:00:26.698Z"}
{"level":"error","message":"Attempt 3 failed for compiler-sfc@3.5.22: Cannot read properties of undefined (reading '3.5.22')","timestamp":"2025-10-16T22:00:26.760Z"}
{"level":"error","message":"[FAIL] Failed to fetch and cache compiler-sfc@3.5.22: Failed to fetch compiler-sfc@3.5.22 after 3 attempts.","stack":"Error: Failed to fetch compiler-sfc@3.5.22 after 3 attempts.\n    at fetchAndCachePackage (C:\\Users\\priya\\OneDrive\\Desktop\\CodeCache-Pro\\backend\\src\\fetchers\\npmFetcher.js:172:23)\n    at process.processTicksAndRejections (node:internal/process/task_queues:105:5)\n    at async handleNpmRequest (C:\\Users\\priya\\OneDrive\\Desktop\\CodeCache-Pro\\backend\\src\\fetchers\\npmFetcher.js:93:21)","timestamp":"2025-10-16T22:00:26.761Z"}
{"level":"error","message":"500 - Failed to fetch compiler-sfc@3.5.22 after 3 attempts. - /npm/@vue/compiler-sfc/-/compiler-sfc-3.5.22.tgz - GET - 192.168.137.112","timestamp":"2025-10-16T22:00:26.762Z"}
{"level":"error","message":"Error: Failed to fetch compiler-sfc@3.5.22 after 3 attempts.\n    at fetchAndCachePackage (C:\\Users\\priya\\OneDrive\\Desktop\\CodeCache-Pro\\backend\\src\\fetchers\\npmFetcher.js:172:23)\n    at process.processTicksAndRejections (node:internal/process/task_queues:105:5)\n    at async handleNpmRequest (C:\\Users\\priya\\OneDrive\\Desktop\\CodeCache-Pro\\backend\\src\\fetchers\\npmFetcher.js:93:21)","timestamp":"2025-10-16T22:00:26.762Z"}
{"level":"info","message":"[MISS] server-renderer@3.5.22. Fetching from upstream.","timestamp":"2025-10-16T22:00:36.898Z"}
{"level":"error","message":"Attempt 1 failed for server-renderer@3.5.22: Could not find shasum for server-renderer@3.5.22 in metadata.","timestamp":"2025-10-16T22:00:37.195Z"}
{"level":"error","message":"Attempt 2 failed for server-renderer@3.5.22: Could not find shasum for server-renderer@3.5.22 in metadata.","timestamp":"2025-10-16T22:00:44.572Z"}
{"level":"error","message":"Attempt 3 failed for server-renderer@3.5.22: Could not find shasum for server-renderer@3.5.22 in metadata.","timestamp":"2025-10-16T22:00:44.727Z"}
{"level":"error","message":"[FAIL] Failed to fetch and cache server-renderer@3.5.22: Failed to fetch server-renderer@3.5.22 after 3 attempts.","stack":"Error: Failed to fetch server-renderer@3.5.22 after 3 attempts.\n    at fetchAndCachePackage (C:\\Users\\priya\\OneDrive\\Desktop\\CodeCache-Pro\\backend\\src\\fetchers\\npmFetcher.js:172:23)\n    at process.processTicksAndRejections (node:internal/process/task_queues:105:5)\n    at async handleNpmRequest (C:\\Users\\priya\\OneDrive\\Desktop\\CodeCache-Pro\\backend\\src\\fetchers\\npmFetcher.js:93:21)","timestamp":"2025-10-16T22:00:44.728Z"}
{"level":"error","message":"500 - Failed to fetch server-renderer@3.5.22 after 3 attempts. - /npm/@vue/server-renderer/-/server-renderer-3.5.22.tgz - GET - 192.168.137.112","timestamp":"2025-10-16T22:00:44.729Z"}
{"level":"error","message":"Error: Failed to fetch server-renderer@3.5.22 after 3 attempts.\n    at fetchAndCachePackage (C:\\Users\\priya\\OneDrive\\Desktop\\CodeCache-Pro\\backend\\src\\fetchers\\npmFetcher.js:172:23)\n    at process.processTicksAndRejections (node:internal/process/task_queues:105:5)\n    at async handleNpmRequest (C:\\Users\\priya\\OneDrive\\Desktop\\CodeCache-Pro\\backend\\src\\fetchers\\npmFetcher.js:93:21)","timestamp":"2025-10-16T22:00:44.729Z"}
{"level":"warn","message":"Blocked unsupported method POST for /npm/-/npm/v1/security/advisories/bulk","timestamp":"2025-10-16T22:00:56.086Z"}
{"level":"info","message":"[MISS] runtime-core@3.5.22. Fetching from upstream.","timestamp":"2025-10-16T22:00:56.089Z"}
{"level":"info","message":"[MISS] server-renderer@3.5.22. Fetching from upstream.","timestamp":"2025-10-16T22:00:56.099Z"}
{"level":"info","message":"[MISS] compiler-core@3.5.22. Fetching from upstream.","timestamp":"2025-10-16T22:00:56.106Z"}
{"level":"info","message":"[MISS] runtime-dom@3.5.22. Fetching from upstream.","timestamp":"2025-10-16T22:00:56.111Z"}
{"level":"info","message":"[MISS] reactivity@3.5.22. Fetching from upstream.","timestamp":"2025-10-16T22:00:56.116Z"}
{"level":"info","message":"[MISS] compiler-ssr@3.5.22. Fetching from upstream.","timestamp":"2025-10-16T22:00:56.125Z"}
{"level":"info","message":"[MISS] shared@3.5.22. Fetching from upstream.","timestamp":"2025-10-16T22:00:56.129Z"}
{"level":"warn","message":"Blocked unsupported method POST for /npm/-/npm/v1/security/audits/quick","timestamp":"2025-10-16T22:00:56.155Z"}
{"level":"error","message":"Attempt 1 failed for runtime-core@3.5.22: Cannot read properties of undefined (reading '3.5.22')","timestamp":"2025-10-16T22:00:56.226Z"}
{"level":"info","message":"[MISS] compiler-sfc@3.5.22. Fetching from upstream.","timestamp":"2025-10-16T22:00:56.233Z"}
{"level":"info","message":"[MISS] compiler-dom@3.5.22. Fetching from upstream.","timestamp":"2025-10-16T22:00:56.238Z"}
{"level":"error","message":"Attempt 1 failed for reactivity@3.5.22: Could not find shasum for reactivity@3.5.22 in metadata.","timestamp":"2025-10-16T22:00:56.255Z"}
{"level":"error","message":"Attempt 1 failed for runtime-dom@3.5.22: Cannot read properties of undefined (reading '3.5.22')","timestamp":"2025-10-16T22:00:56.271Z"}
{"level":"error","message":"Attempt 2 failed for runtime-core@3.5.22: Cannot read properties of undefined (reading '3.5.22')","timestamp":"2025-10-16T22:00:56.275Z"}
{"level":"error","message":"Attempt 1 failed for shared@3.5.22: Could not find shasum for shared@3.5.22 in metadata.","timestamp":"2025-10-16T22:00:56.279Z"}
{"level":"error","message":"Attempt 2 failed for reactivity@3.5.22: Could not find shasum for reactivity@3.5.22 in metadata.","timestamp":"2025-10-16T22:00:56.319Z"}
{"level":"error","message":"Attempt 3 failed for runtime-core@3.5.22: Cannot read properties of undefined (reading '3.5.22')","timestamp":"2025-10-16T22:00:56.354Z"}
{"level":"error","message":"[FAIL] Failed to fetch and cache runtime-core@3.5.22: Failed to fetch runtime-core@3.5.22 after 3 attempts.","stack":"Error: Failed to fetch runtime-core@3.5.22 after 3 attempts.\n    at fetchAndCachePackage (C:\\Users\\priya\\OneDrive\\Desktop\\CodeCache-Pro\\backend\\src\\fetchers\\npmFetcher.js:172:23)\n    at process.processTicksAndRejections (node:internal/process/task_queues:105:5)\n    at async handleNpmRequest (C:\\Users\\priya\\OneDrive\\Desktop\\CodeCache-Pro\\backend\\src\\fetchers\\npmFetcher.js:93:21)","timestamp":"2025-10-16T22:00:56.355Z"}
{"level":"error","message":"500 - Failed to fetch runtime-core@3.5.22 after 3 attempts. - /npm/@vue/runtime-core/-/runtime-core-3.5.22.tgz - GET - 192.168.137.112","timestamp":"2025-10-16T22:00:56.356Z"}
{"level":"error","message":"Error: Failed to fetch runtime-core@3.5.22 after 3 attempts.\n    at fetchAndCachePackage (C:\\Users\\priya\\OneDrive\\Desktop\\CodeCache-Pro\\backend\\src\\fetchers\\npmFetcher.js:172:23)\n    at process.processTicksAndRejections (node:internal/process/task_queues:105:5)\n    at async handleNpmRequest (C:\\Users\\priya\\OneDrive\\Desktop\\CodeCache-Pro\\backend\\src\\fetchers\\npmFetcher.js:93:21)","timestamp":"2025-10-16T22:00:56.356Z"}
{"level":"error","message":"Attempt 2 failed for runtime-dom@3.5.22: Cannot read properties of undefined (reading '3.5.22')","timestamp":"2025-10-16T22:00:56.358Z"}
{"level":"error","message":"Attempt 2 failed for shared@3.5.22: Could not find shasum for shared@3.5.22 in metadata.","timestamp":"2025-10-16T22:00:56.408Z"}
{"level":"error","message":"Attempt 3 failed for reactivity@3.5.22: Could not find shasum for reactivity@3.5.22 in metadata.","timestamp":"2025-10-16T22:00:56.415Z"}
{"level":"error","message":"[FAIL] Failed to fetch and cache reactivity@3.5.22: Failed to fetch reactivity@3.5.22 after 3 attempts.","stack":"Error: Failed to fetch reactivity@3.5.22 after 3 attempts.\n    at fetchAndCachePackage (C:\\Users\\priya\\OneDrive\\Desktop\\CodeCache-Pro\\backend\\src\\fetchers\\npmFetcher.js:172:23)\n    at process.processTicksAndRejections (node:internal/process/task_queues:105:5)\n    at async handleNpmRequest (C:\\Users\\priya\\OneDrive\\Desktop\\CodeCache-Pro\\backend\\src\\fetchers\\npmFetcher.js:93:21)","timestamp":"2025-10-16T22:00:56.416Z"}
{"level":"error","message":"500 - Failed to fetch reactivity@3.5.22 after 3 attempts. - /npm/@vue/reactivity/-/reactivity-3.5.22.tgz - GET - 192.168.137.112","timestamp":"2025-10-16T22:00:56.418Z"}
{"level":"error","message":"Error: Failed to fetch reactivity@3.5.22 after 3 attempts.\n    at fetchAndCachePackage (C:\\Users\\priya\\OneDrive\\Desktop\\CodeCache-Pro\\backend\\src\\fetchers\\npmFetcher.js:172:23)\n    at process.processTicksAndRejections (node:internal/process/task_queues:105:5)\n    at async handleNpmRequest (C:\\Users\\priya\\OneDrive\\Desktop\\CodeCache-Pro\\backend\\src\\fetchers\\npmFetcher.js:93:21)","timestamp":"2025-10-16T22:00:56.418Z"}
{"level":"error","message":"Attempt 1 failed for compiler-sfc@3.5.22: Cannot read properties of undefined (reading '3.5.22')","timestamp":"2025-10-16T22:00:56.420Z"}
{"level":"error","message":"Attempt 3 failed for runtime-dom@3.5.22: Cannot read properties of undefined (reading '3.5.22')","timestamp":"2025-10-16T22:00:56.425Z"}
{"level":"error","message":"[FAIL] Failed to fetch and cache runtime-dom@3.5.22: Failed to fetch runtime-dom@3.5.22 after 3 attempts.","stack":"Error: Failed to fetch runtime-dom@3.5.22 after 3 attempts.\n    at fetchAndCachePackage (C:\\Users\\priya\\OneDrive\\Desktop\\CodeCache-Pro\\backend\\src\\fetchers\\npmFetcher.js:172:23)\n    at process.processTicksAndRejections (node:internal/process/task_queues:105:5)\n    at async handleNpmRequest (C:\\Users\\priya\\OneDrive\\Desktop\\CodeCache-Pro\\backend\\src\\fetchers\\npmFetcher.js:93:21)","timestamp":"2025-10-16T22:00:56.426Z"}
{"level":"error","message":"500 - Failed to fetch runtime-dom@3.5.22 after 3 attempts. - /npm/@vue/runtime-dom/-/runtime-dom-3.5.22.tgz - GET - 192.168.137.112","timestamp":"2025-10-16T22:00:56.427Z"}
{"level":"error","message":"Error: Failed to fetch runtime-dom@3.5.22 after 3 attempts.\n    at fetchAndCachePackage (C:\\Users\\priya\\OneDrive\\Desktop\\CodeCache-Pro\\backend\\src\\fetchers\\npmFetcher.js:172:23)\n    at process.processTicksAndRejections (node:internal/process/task_queues:105:5)\n    at async handleNpmRequest (C:\\Users\\priya\\OneDrive\\Desktop\\CodeCache-Pro\\backend\\src\\fetchers\\npmFetcher.js:93:21)","timestamp":"2025-10-16T22:00:56.428Z"}
{"level":"error","message":"Attempt 2 failed for compiler-sfc@3.5.22: Cannot read properties of undefined (reading '3.5.22')","timestamp":"2025-10-16T22:00:56.463Z"}
{"level":"error","message":"Attempt 3 failed for shared@3.5.22: Could not find shasum for shared@3.5.22 in metadata.","timestamp":"2025-10-16T22:00:56.472Z"}
{"level":"error","message":"[FAIL] Failed to fetch and cache shared@3.5.22: Failed to fetch shared@3.5.22 after 3 attempts.","stack":"Error: Failed to fetch shared@3.5.22 after 3 attempts.\n    at fetchAndCachePackage (C:\\Users\\priya\\OneDrive\\Desktop\\CodeCache-Pro\\backend\\src\\fetchers\\npmFetcher.js:172:23)\n    at process.processTicksAndRejections (node:internal/process/task_queues:105:5)\n    at async handleNpmRequest (C:\\Users\\priya\\OneDrive\\Desktop\\CodeCache-Pro\\backend\\src\\fetchers\\npmFetcher.js:93:21)","timestamp":"2025-10-16T22:00:56.473Z"}
{"level":"error","message":"500 - Failed to fetch shared@3.5.22 after 3 attempts. - /npm/@vue/shared/-/shared-3.5.22.tgz - GET - 192.168.137.112","timestamp":"2025-10-16T22:00:56.474Z"}
{"level":"error","message":"Error: Failed to fetch shared@3.5.22 after 3 attempts.\n    at fetchAndCachePackage (C:\\Users\\priya\\OneDrive\\Desktop\\CodeCache-Pro\\backend\\src\\fetchers\\npmFetcher.js:172:23)\n    at process.processTicksAndRejections (node:internal/process/task_queues:105:5)\n    at async handleNpmRequest (C:\\Users\\priya\\OneDrive\\Desktop\\CodeCache-Pro\\backend\\src\\fetchers\\npmFetcher.js:93:21)","timestamp":"2025-10-16T22:00:56.474Z"}
{"level":"error","message":"Attempt 3 failed for compiler-sfc@3.5.22: Cannot read properties of undefined (reading '3.5.22')","timestamp":"2025-10-16T22:00:56.517Z"}
{"level":"error","message":"[FAIL] Failed to fetch and cache compiler-sfc@3.5.22: Failed to fetch compiler-sfc@3.5.22 after 3 attempts.","stack":"Error: Failed to fetch compiler-sfc@3.5.22 after 3 attempts.\n    at fetchAndCachePackage (C:\\Users\\priya\\OneDrive\\Desktop\\CodeCache-Pro\\backend\\src\\fetchers\\npmFetcher.js:172:23)\n    at process.processTicksAndRejections (node:internal/process/task_queues:105:5)\n    at async handleNpmRequest (C:\\Users\\priya\\OneDrive\\Desktop\\CodeCache-Pro\\backend\\src\\fetchers\\npmFetcher.js:93:21)","timestamp":"2025-10-16T22:00:56.519Z"}
{"level":"error","message":"500 - Failed to fetch compiler-sfc@3.5.22 after 3 attempts. - /npm/@vue/compiler-sfc/-/compiler-sfc-3.5.22.tgz - GET - 192.168.137.112","timestamp":"2025-10-16T22:00:56.519Z"}
{"level":"error","message":"Error: Failed to fetch compiler-sfc@3.5.22 after 3 attempts.\n    at fetchAndCachePackage (C:\\Users\\priya\\OneDrive\\Desktop\\CodeCache-Pro\\backend\\src\\fetchers\\npmFetcher.js:172:23)\n    at process.processTicksAndRejections (node:internal/process/task_queues:105:5)\n    at async handleNpmRequest (C:\\Users\\priya\\OneDrive\\Desktop\\CodeCache-Pro\\backend\\src\\fetchers\\npmFetcher.js:93:21)","timestamp":"2025-10-16T22:00:56.519Z"}
{"level":"error","message":"Attempt 1 failed for compiler-core@3.5.22: Cannot read properties of undefined (reading '3.5.22')","timestamp":"2025-10-16T22:00:56.522Z"}
{"level":"error","message":"Attempt 1 failed for server-renderer@3.5.22: Could not find shasum for server-renderer@3.5.22 in metadata.","timestamp":"2025-10-16T22:00:56.745Z"}
{"level":"error","message":"Attempt 2 failed for compiler-core@3.5.22: Cannot read properties of undefined (reading '3.5.22')","timestamp":"2025-10-16T22:00:56.771Z"}
{"level":"error","message":"Attempt 1 failed for compiler-dom@3.5.22: Cannot read properties of undefined (reading '3.5.22')","timestamp":"2025-10-16T22:00:57.340Z"}
{"level":"error","message":"Attempt 3 failed for compiler-core@3.5.22: Cannot read properties of undefined (reading '3.5.22')","timestamp":"2025-10-16T22:00:57.343Z"}
{"level":"error","message":"[FAIL] Failed to fetch and cache compiler-core@3.5.22: Failed to fetch compiler-core@3.5.22 after 3 attempts.","stack":"Error: Failed to fetch compiler-core@3.5.22 after 3 attempts.\n    at fetchAndCachePackage (C:\\Users\\priya\\OneDrive\\Desktop\\CodeCache-Pro\\backend\\src\\fetchers\\npmFetcher.js:172:23)\n    at process.processTicksAndRejections (node:internal/process/task_queues:105:5)\n    at async handleNpmRequest (C:\\Users\\priya\\OneDrive\\Desktop\\CodeCache-Pro\\backend\\src\\fetchers\\npmFetcher.js:93:21)","timestamp":"2025-10-16T22:00:57.344Z"}
{"level":"error","message":"500 - Failed to fetch compiler-core@3.5.22 after 3 attempts. - /npm/@vue/compiler-core/-/compiler-core-3.5.22.tgz - GET - 192.168.137.112","timestamp":"2025-10-16T22:00:57.345Z"}
{"level":"error","message":"Error: Failed to fetch compiler-core@3.5.22 after 3 attempts.\n    at fetchAndCachePackage (C:\\Users\\priya\\OneDrive\\Desktop\\CodeCache-Pro\\backend\\src\\fetchers\\npmFetcher.js:172:23)\n    at process.processTicksAndRejections (node:internal/process/task_queues:105:5)\n    at async handleNpmRequest (C:\\Users\\priya\\OneDrive\\Desktop\\CodeCache-Pro\\backend\\src\\fetchers\\npmFetcher.js:93:21)","timestamp":"2025-10-16T22:00:57.345Z"}
{"level":"error","message":"Attempt 1 failed for compiler-ssr@3.5.22: Cannot read properties of undefined (reading '3.5.22')","timestamp":"2025-10-16T22:00:57.349Z"}
{"level":"error","message":"Attempt 2 failed for server-renderer@3.5.22: Could not find shasum for server-renderer@3.5.22 in metadata.","timestamp":"2025-10-16T22:00:57.403Z"}
{"level":"error","message":"Attempt 2 failed for compiler-dom@3.5.22: Cannot read properties of undefined (reading '3.5.22')","timestamp":"2025-10-16T22:00:57.409Z"}
{"level":"error","message":"Attempt 2 failed for compiler-ssr@3.5.22: Cannot read properties of undefined (reading '3.5.22')","timestamp":"2025-10-16T22:00:57.411Z"}
{"level":"error","message":"Attempt 3 failed for compiler-dom@3.5.22: Cannot read properties of undefined (reading '3.5.22')","timestamp":"2025-10-16T22:00:57.439Z"}
{"level":"error","message":"[FAIL] Failed to fetch and cache compiler-dom@3.5.22: Failed to fetch compiler-dom@3.5.22 after 3 attempts.","stack":"Error: Failed to fetch compiler-dom@3.5.22 after 3 attempts.\n    at fetchAndCachePackage (C:\\Users\\priya\\OneDrive\\Desktop\\CodeCache-Pro\\backend\\src\\fetchers\\npmFetcher.js:172:23)\n    at process.processTicksAndRejections (node:internal/process/task_queues:105:5)\n    at async handleNpmRequest (C:\\Users\\priya\\OneDrive\\Desktop\\CodeCache-Pro\\backend\\src\\fetchers\\npmFetcher.js:93:21)","timestamp":"2025-10-16T22:00:57.440Z"}
{"level":"error","message":"500 - Failed to fetch compiler-dom@3.5.22 after 3 attempts. - /npm/@vue/compiler-dom/-/compiler-dom-3.5.22.tgz - GET - 192.168.137.112","timestamp":"2025-10-16T22:00:57.440Z"}
{"level":"error","message":"Error: Failed to fetch compiler-dom@3.5.22 after 3 attempts.\n    at fetchAndCachePackage (C:\\Users\\priya\\OneDrive\\Desktop\\CodeCache-Pro\\backend\\src\\fetchers\\npmFetcher.js:172:23)\n    at process.processTicksAndRejections (node:internal/process/task_queues:105:5)\n    at async handleNpmRequest (C:\\Users\\priya\\OneDrive\\Desktop\\CodeCache-Pro\\backend\\src\\fetchers\\npmFetcher.js:93:21)","timestamp":"2025-10-16T22:00:57.441Z"}
{"level":"error","message":"Attempt 3 failed for compiler-ssr@3.5.22: Cannot read properties of undefined (reading '3.5.22')","timestamp":"2025-10-16T22:00:58.072Z"}
{"level":"error","message":"[FAIL] Failed to fetch and cache compiler-ssr@3.5.22: Failed to fetch compiler-ssr@3.5.22 after 3 attempts.","stack":"Error: Failed to fetch compiler-ssr@3.5.22 after 3 attempts.\n    at fetchAndCachePackage (C:\\Users\\priya\\OneDrive\\Desktop\\CodeCache-Pro\\backend\\src\\fetchers\\npmFetcher.js:172:23)\n    at process.processTicksAndRejections (node:internal/process/task_queues:105:5)\n    at async handleNpmRequest (C:\\Users\\priya\\OneDrive\\Desktop\\CodeCache-Pro\\backend\\src\\fetchers\\npmFetcher.js:93:21)","timestamp":"2025-10-16T22:00:58.074Z"}
{"level":"error","message":"500 - Failed to fetch compiler-ssr@3.5.22 after 3 attempts. - /npm/@vue/compiler-ssr/-/compiler-ssr-3.5.22.tgz - GET - 192.168.137.112","timestamp":"2025-10-16T22:00:58.074Z"}
{"level":"error","message":"Error: Failed to fetch compiler-ssr@3.5.22 after 3 attempts.\n    at fetchAndCachePackage (C:\\Users\\priya\\OneDrive\\Desktop\\CodeCache-Pro\\backend\\src\\fetchers\\npmFetcher.js:172:23)\n    at process.processTicksAndRejections (node:internal/process/task_queues:105:5)\n    at async handleNpmRequest (C:\\Users\\priya\\OneDrive\\Desktop\\CodeCache-Pro\\backend\\src\\fetchers\\npmFetcher.js:93:21)","timestamp":"2025-10-16T22:00:58.075Z"}
{"level":"error","message":"Attempt 3 failed for server-renderer@3.5.22: Could not find shasum for server-renderer@3.5.22 in metadata.","timestamp":"2025-10-16T22:00:58.133Z"}
{"level":"error","message":"[FAIL] Failed to fetch and cache server-renderer@3.5.22: Failed to fetch server-renderer@3.5.22 after 3 attempts.","stack":"Error: Failed to fetch server-renderer@3.5.22 after 3 attempts.\n    at fetchAndCachePackage (C:\\Users\\priya\\OneDrive\\Desktop\\CodeCache-Pro\\backend\\src\\fetchers\\npmFetcher.js:172:23)\n    at process.processTicksAndRejections (node:internal/process/task_queues:105:5)\n    at async handleNpmRequest (C:\\Users\\priya\\OneDrive\\Desktop\\CodeCache-Pro\\backend\\src\\fetchers\\npmFetcher.js:93:21)","timestamp":"2025-10-16T22:00:58.134Z"}
{"level":"error","message":"500 - Failed to fetch server-renderer@3.5.22 after 3 attempts. - /npm/@vue/server-renderer/-/server-renderer-3.5.22.tgz - GET - 192.168.137.112","timestamp":"2025-10-16T22:00:58.134Z"}
{"level":"error","message":"Error: Failed to fetch server-renderer@3.5.22 after 3 attempts.\n    at fetchAndCachePackage (C:\\Users\\priya\\OneDrive\\Desktop\\CodeCache-Pro\\backend\\src\\fetchers\\npmFetcher.js:172:23)\n    at process.processTicksAndRejections (node:internal/process/task_queues:105:5)\n    at async handleNpmRequest (C:\\Users\\priya\\OneDrive\\Desktop\\CodeCache-Pro\\backend\\src\\fetchers\\npmFetcher.js:93:21)","timestamp":"2025-10-16T22:00:58.135Z"}
{"level":"info","message":"[MISS] runtime-core@3.5.22. Fetching from upstream.","timestamp":"2025-10-16T22:01:06.521Z"}
{"level":"info","message":"[MISS] reactivity@3.5.22. Fetching from upstream.","timestamp":"2025-10-16T22:01:06.525Z"}
{"level":"info","message":"[MISS] runtime-dom@3.5.22. Fetching from upstream.","timestamp":"2025-10-16T22:01:06.528Z"}
{"level":"info","message":"[MISS] shared@3.5.22. Fetching from upstream.","timestamp":"2025-10-16T22:01:06.536Z"}
{"level":"info","message":"[MISS] compiler-sfc@3.5.22. Fetching from upstream.","timestamp":"2025-10-16T22:01:06.884Z"}
{"level":"error","message":"Attempt 1 failed for shared@3.5.22: Could not find shasum for shared@3.5.22 in metadata.","timestamp":"2025-10-16T22:01:06.887Z"}
{"level":"error","message":"Attempt 1 failed for compiler-sfc@3.5.22: Cannot read properties of undefined (reading '3.5.22')","timestamp":"2025-10-16T22:01:06.954Z"}
{"level":"error","message":"Attempt 1 failed for reactivity@3.5.22: Could not find shasum for reactivity@3.5.22 in metadata.","timestamp":"2025-10-16T22:01:06.964Z"}
{"level":"error","message":"Attempt 2 failed for compiler-sfc@3.5.22: Cannot read properties of undefined (reading '3.5.22')","timestamp":"2025-10-16T22:01:07.069Z"}
{"level":"error","message":"Attempt 2 failed for reactivity@3.5.22: Could not find shasum for reactivity@3.5.22 in metadata.","timestamp":"2025-10-16T22:01:07.072Z"}
{"level":"error","message":"Attempt 2 failed for shared@3.5.22: Could not find shasum for shared@3.5.22 in metadata.","timestamp":"2025-10-16T22:01:07.096Z"}
{"level":"error","message":"Attempt 3 failed for compiler-sfc@3.5.22: Cannot read properties of undefined (reading '3.5.22')","timestamp":"2025-10-16T22:01:07.111Z"}
{"level":"error","message":"[FAIL] Failed to fetch and cache compiler-sfc@3.5.22: Failed to fetch compiler-sfc@3.5.22 after 3 attempts.","stack":"Error: Failed to fetch compiler-sfc@3.5.22 after 3 attempts.\n    at fetchAndCachePackage (C:\\Users\\priya\\OneDrive\\Desktop\\CodeCache-Pro\\backend\\src\\fetchers\\npmFetcher.js:172:23)\n    at process.processTicksAndRejections (node:internal/process/task_queues:105:5)\n    at async handleNpmRequest (C:\\Users\\priya\\OneDrive\\Desktop\\CodeCache-Pro\\backend\\src\\fetchers\\npmFetcher.js:93:21)","timestamp":"2025-10-16T22:01:07.112Z"}
{"level":"error","message":"500 - Failed to fetch compiler-sfc@3.5.22 after 3 attempts. - /npm/@vue/compiler-sfc/-/compiler-sfc-3.5.22.tgz - GET - 192.168.137.112","timestamp":"2025-10-16T22:01:07.112Z"}
{"level":"error","message":"Error: Failed to fetch compiler-sfc@3.5.22 after 3 attempts.\n    at fetchAndCachePackage (C:\\Users\\priya\\OneDrive\\Desktop\\CodeCache-Pro\\backend\\src\\fetchers\\npmFetcher.js:172:23)\n    at process.processTicksAndRejections (node:internal/process/task_queues:105:5)\n    at async handleNpmRequest (C:\\Users\\priya\\OneDrive\\Desktop\\CodeCache-Pro\\backend\\src\\fetchers\\npmFetcher.js:93:21)","timestamp":"2025-10-16T22:01:07.113Z"}
{"level":"error","message":"Attempt 3 failed for reactivity@3.5.22: Could not find shasum for reactivity@3.5.22 in metadata.","timestamp":"2025-10-16T22:01:07.116Z"}
{"level":"error","message":"[FAIL] Failed to fetch and cache reactivity@3.5.22: Failed to fetch reactivity@3.5.22 after 3 attempts.","stack":"Error: Failed to fetch reactivity@3.5.22 after 3 attempts.\n    at fetchAndCachePackage (C:\\Users\\priya\\OneDrive\\Desktop\\CodeCache-Pro\\backend\\src\\fetchers\\npmFetcher.js:172:23)\n    at process.processTicksAndRejections (node:internal/process/task_queues:105:5)\n    at async handleNpmRequest (C:\\Users\\priya\\OneDrive\\Desktop\\CodeCache-Pro\\backend\\src\\fetchers\\npmFetcher.js:93:21)","timestamp":"2025-10-16T22:01:07.117Z"}
{"level":"error","message":"500 - Failed to fetch reactivity@3.5.22 after 3 attempts. - /npm/@vue/reactivity/-/reactivity-3.5.22.tgz - GET - 192.168.137.112","timestamp":"2025-10-16T22:01:07.124Z"}
{"level":"error","message":"Error: Failed to fetch reactivity@3.5.22 after 3 attempts.\n    at fetchAndCachePackage (C:\\Users\\priya\\OneDrive\\Desktop\\CodeCache-Pro\\backend\\src\\fetchers\\npmFetcher.js:172:23)\n    at process.processTicksAndRejections (node:internal/process/task_queues:105:5)\n    at async handleNpmRequest (C:\\Users\\priya\\OneDrive\\Desktop\\CodeCache-Pro\\backend\\src\\fetchers\\npmFetcher.js:93:21)","timestamp":"2025-10-16T22:01:07.132Z"}
{"level":"error","message":"Attempt 1 failed for runtime-dom@3.5.22: Cannot read properties of undefined (reading '3.5.22')","timestamp":"2025-10-16T22:01:07.143Z"}
{"level":"error","message":"Attempt 3 failed for shared@3.5.22: Could not find shasum for shared@3.5.22 in metadata.","timestamp":"2025-10-16T22:01:07.149Z"}
{"level":"error","message":"[FAIL] Failed to fetch and cache shared@3.5.22: Failed to fetch shared@3.5.22 after 3 attempts.","stack":"Error: Failed to fetch shared@3.5.22 after 3 attempts.\n    at fetchAndCachePackage (C:\\Users\\priya\\OneDrive\\Desktop\\CodeCache-Pro\\backend\\src\\fetchers\\npmFetcher.js:172:23)\n    at process.processTicksAndRejections (node:internal/process/task_queues:105:5)\n    at async handleNpmRequest (C:\\Users\\priya\\OneDrive\\Desktop\\CodeCache-Pro\\backend\\src\\fetchers\\npmFetcher.js:93:21)","timestamp":"2025-10-16T22:01:07.151Z"}
{"level":"error","message":"500 - Failed to fetch shared@3.5.22 after 3 attempts. - /npm/@vue/shared/-/shared-3.5.22.tgz - GET - 192.168.137.112","timestamp":"2025-10-16T22:01:07.152Z"}
{"level":"error","message":"Error: Failed to fetch shared@3.5.22 after 3 attempts.\n    at fetchAndCachePackage (C:\\Users\\priya\\OneDrive\\Desktop\\CodeCache-Pro\\backend\\src\\fetchers\\npmFetcher.js:172:23)\n    at process.processTicksAndRejections (node:internal/process/task_queues:105:5)\n    at async handleNpmRequest (C:\\Users\\priya\\OneDrive\\Desktop\\CodeCache-Pro\\backend\\src\\fetchers\\npmFetcher.js:93:21)","timestamp":"2025-10-16T22:01:07.153Z"}
{"level":"error","message":"Attempt 2 failed for runtime-dom@3.5.22: Cannot read properties of undefined (reading '3.5.22')","timestamp":"2025-10-16T22:01:07.289Z"}
{"level":"error","message":"Attempt 1 failed for runtime-core@3.5.22: Cannot read properties of undefined (reading '3.5.22')","timestamp":"2025-10-16T22:01:07.394Z"}
{"level":"error","message":"Attempt 3 failed for runtime-dom@3.5.22: Cannot read properties of undefined (reading '3.5.22')","timestamp":"2025-10-16T22:01:07.397Z"}
{"level":"error","message":"[FAIL] Failed to fetch and cache runtime-dom@3.5.22: Failed to fetch runtime-dom@3.5.22 after 3 attempts.","stack":"Error: Failed to fetch runtime-dom@3.5.22 after 3 attempts.\n    at fetchAndCachePackage (C:\\Users\\priya\\OneDrive\\Desktop\\CodeCache-Pro\\backend\\src\\fetchers\\npmFetcher.js:172:23)\n    at process.processTicksAndRejections (node:internal/process/task_queues:105:5)\n    at async handleNpmRequest (C:\\Users\\priya\\OneDrive\\Desktop\\CodeCache-Pro\\backend\\src\\fetchers\\npmFetcher.js:93:21)","timestamp":"2025-10-16T22:01:07.398Z"}
{"level":"error","message":"500 - Failed to fetch runtime-dom@3.5.22 after 3 attempts. - /npm/@vue/runtime-dom/-/runtime-dom-3.5.22.tgz - GET - 192.168.137.112","timestamp":"2025-10-16T22:01:07.399Z"}
{"level":"error","message":"Error: Failed to fetch runtime-dom@3.5.22 after 3 attempts.\n    at fetchAndCachePackage (C:\\Users\\priya\\OneDrive\\Desktop\\CodeCache-Pro\\backend\\src\\fetchers\\npmFetcher.js:172:23)\n    at process.processTicksAndRejections (node:internal/process/task_queues:105:5)\n    at async handleNpmRequest (C:\\Users\\priya\\OneDrive\\Desktop\\CodeCache-Pro\\backend\\src\\fetchers\\npmFetcher.js:93:21)","timestamp":"2025-10-16T22:01:07.399Z"}
{"level":"info","message":"[MISS] compiler-core@3.5.22. Fetching from upstream.","timestamp":"2025-10-16T22:01:07.418Z"}
{"level":"error","message":"Attempt 2 failed for runtime-core@3.5.22: Cannot read properties of undefined (reading '3.5.22')","timestamp":"2025-10-16T22:01:07.545Z"}
{"level":"error","message":"Attempt 1 failed for compiler-core@3.5.22: Cannot read properties of undefined (reading '3.5.22')","timestamp":"2025-10-16T22:01:07.548Z"}
{"level":"error","message":"Attempt 2 failed for compiler-core@3.5.22: Cannot read properties of undefined (reading '3.5.22')","timestamp":"2025-10-16T22:01:07.591Z"}
{"level":"error","message":"Attempt 3 failed for runtime-core@3.5.22: Cannot read properties of undefined (reading '3.5.22')","timestamp":"2025-10-16T22:01:07.593Z"}
{"level":"error","message":"[FAIL] Failed to fetch and cache runtime-core@3.5.22: Failed to fetch runtime-core@3.5.22 after 3 attempts.","stack":"Error: Failed to fetch runtime-core@3.5.22 after 3 attempts.\n    at fetchAndCachePackage (C:\\Users\\priya\\OneDrive\\Desktop\\CodeCache-Pro\\backend\\src\\fetchers\\npmFetcher.js:172:23)\n    at process.processTicksAndRejections (node:internal/process/task_queues:105:5)\n    at async handleNpmRequest (C:\\Users\\priya\\OneDrive\\Desktop\\CodeCache-Pro\\backend\\src\\fetchers\\npmFetcher.js:93:21)","timestamp":"2025-10-16T22:01:07.594Z"}
{"level":"error","message":"500 - Failed to fetch runtime-core@3.5.22 after 3 attempts. - /npm/@vue/runtime-core/-/runtime-core-3.5.22.tgz - GET - 192.168.137.112","timestamp":"2025-10-16T22:01:07.595Z"}
{"level":"error","message":"Error: Failed to fetch runtime-core@3.5.22 after 3 attempts.\n    at fetchAndCachePackage (C:\\Users\\priya\\OneDrive\\Desktop\\CodeCache-Pro\\backend\\src\\fetchers\\npmFetcher.js:172:23)\n    at process.processTicksAndRejections (node:internal/process/task_queues:105:5)\n    at async handleNpmRequest (C:\\Users\\priya\\OneDrive\\Desktop\\CodeCache-Pro\\backend\\src\\fetchers\\npmFetcher.js:93:21)","timestamp":"2025-10-16T22:01:07.595Z"}
{"level":"error","message":"Attempt 3 failed for compiler-core@3.5.22: Cannot read properties of undefined (reading '3.5.22')","timestamp":"2025-10-16T22:01:07.627Z"}
{"level":"error","message":"[FAIL] Failed to fetch and cache compiler-core@3.5.22: Failed to fetch compiler-core@3.5.22 after 3 attempts.","stack":"Error: Failed to fetch compiler-core@3.5.22 after 3 attempts.\n    at fetchAndCachePackage (C:\\Users\\priya\\OneDrive\\Desktop\\CodeCache-Pro\\backend\\src\\fetchers\\npmFetcher.js:172:23)\n    at process.processTicksAndRejections (node:internal/process/task_queues:105:5)\n    at async handleNpmRequest (C:\\Users\\priya\\OneDrive\\Desktop\\CodeCache-Pro\\backend\\src\\fetchers\\npmFetcher.js:93:21)","timestamp":"2025-10-16T22:01:07.628Z"}
{"level":"error","message":"500 - Failed to fetch compiler-core@3.5.22 after 3 attempts. - /npm/@vue/compiler-core/-/compiler-core-3.5.22.tgz - GET - 192.168.137.112","timestamp":"2025-10-16T22:01:07.628Z"}
{"level":"error","message":"Error: Failed to fetch compiler-core@3.5.22 after 3 attempts.\n    at fetchAndCachePackage (C:\\Users\\priya\\OneDrive\\Desktop\\CodeCache-Pro\\backend\\src\\fetchers\\npmFetcher.js:172:23)\n    at process.processTicksAndRejections (node:internal/process/task_queues:105:5)\n    at async handleNpmRequest (C:\\Users\\priya\\OneDrive\\Desktop\\CodeCache-Pro\\backend\\src\\fetchers\\npmFetcher.js:93:21)","timestamp":"2025-10-16T22:01:07.629Z"}
{"level":"info","message":"[MISS] compiler-dom@3.5.22. Fetching from upstream.","timestamp":"2025-10-16T22:01:08.119Z"}
{"level":"error","message":"Attempt 1 failed for compiler-dom@3.5.22: Cannot read properties of undefined (reading '3.5.22')","timestamp":"2025-10-16T22:01:08.428Z"}
{"level":"info","message":"[MISS] compiler-ssr@3.5.22. Fetching from upstream.","timestamp":"2025-10-16T22:01:08.431Z"}
{"level":"info","message":"[MISS] server-renderer@3.5.22. Fetching from upstream.","timestamp":"2025-10-16T22:01:08.433Z"}
{"level":"error","message":"Attempt 1 failed for compiler-ssr@3.5.22: Cannot read properties of undefined (reading '3.5.22')","timestamp":"2025-10-16T22:01:08.775Z"}
{"level":"error","message":"Attempt 2 failed for compiler-dom@3.5.22: Cannot read properties of undefined (reading '3.5.22')","timestamp":"2025-10-16T22:01:08.783Z"}
{"level":"error","message":"Attempt 2 failed for compiler-ssr@3.5.22: Cannot read properties of undefined (reading '3.5.22')","timestamp":"2025-10-16T22:01:09.458Z"}
{"level":"error","message":"Attempt 3 failed for compiler-dom@3.5.22: Cannot read properties of undefined (reading '3.5.22')","timestamp":"2025-10-16T22:01:09.461Z"}
{"level":"error","message":"[FAIL] Failed to fetch and cache compiler-dom@3.5.22: Failed to fetch compiler-dom@3.5.22 after 3 attempts.","stack":"Error: Failed to fetch compiler-dom@3.5.22 after 3 attempts.\n    at fetchAndCachePackage (C:\\Users\\priya\\OneDrive\\Desktop\\CodeCache-Pro\\backend\\src\\fetchers\\npmFetcher.js:172:23)\n    at process.processTicksAndRejections (node:internal/process/task_queues:105:5)\n    at async handleNpmRequest (C:\\Users\\priya\\OneDrive\\Desktop\\CodeCache-Pro\\backend\\src\\fetchers\\npmFetcher.js:93:21)","timestamp":"2025-10-16T22:01:09.462Z"}
{"level":"error","message":"500 - Failed to fetch compiler-dom@3.5.22 after 3 attempts. - /npm/@vue/compiler-dom/-/compiler-dom-3.5.22.tgz - GET - 192.168.137.112","timestamp":"2025-10-16T22:01:09.462Z"}
{"level":"error","message":"Error: Failed to fetch compiler-dom@3.5.22 after 3 attempts.\n    at fetchAndCachePackage (C:\\Users\\priya\\OneDrive\\Desktop\\CodeCache-Pro\\backend\\src\\fetchers\\npmFetcher.js:172:23)\n    at process.processTicksAndRejections (node:internal/process/task_queues:105:5)\n    at async handleNpmRequest (C:\\Users\\priya\\OneDrive\\Desktop\\CodeCache-Pro\\backend\\src\\fetchers\\npmFetcher.js:93:21)","timestamp":"2025-10-16T22:01:09.463Z"}
{"level":"error","message":"Attempt 1 failed for server-renderer@3.5.22: Could not find shasum for server-renderer@3.5.22 in metadata.","timestamp":"2025-10-16T22:01:09.473Z"}
{"level":"error","message":"Attempt 3 failed for compiler-ssr@3.5.22: Cannot read properties of undefined (reading '3.5.22')","timestamp":"2025-10-16T22:01:09.521Z"}
{"level":"error","message":"[FAIL] Failed to fetch and cache compiler-ssr@3.5.22: Failed to fetch compiler-ssr@3.5.22 after 3 attempts.","stack":"Error: Failed to fetch compiler-ssr@3.5.22 after 3 attempts.\n    at fetchAndCachePackage (C:\\Users\\priya\\OneDrive\\Desktop\\CodeCache-Pro\\backend\\src\\fetchers\\npmFetcher.js:172:23)\n    at process.processTicksAndRejections (node:internal/process/task_queues:105:5)\n    at async handleNpmRequest (C:\\Users\\priya\\OneDrive\\Desktop\\CodeCache-Pro\\backend\\src\\fetchers\\npmFetcher.js:93:21)","timestamp":"2025-10-16T22:01:09.522Z"}
{"level":"error","message":"500 - Failed to fetch compiler-ssr@3.5.22 after 3 attempts. - /npm/@vue/compiler-ssr/-/compiler-ssr-3.5.22.tgz - GET - 192.168.137.112","timestamp":"2025-10-16T22:01:09.523Z"}
{"level":"error","message":"Error: Failed to fetch compiler-ssr@3.5.22 after 3 attempts.\n    at fetchAndCachePackage (C:\\Users\\priya\\OneDrive\\Desktop\\CodeCache-Pro\\backend\\src\\fetchers\\npmFetcher.js:172:23)\n    at process.processTicksAndRejections (node:internal/process/task_queues:105:5)\n    at async handleNpmRequest (C:\\Users\\priya\\OneDrive\\Desktop\\CodeCache-Pro\\backend\\src\\fetchers\\npmFetcher.js:93:21)","timestamp":"2025-10-16T22:01:09.523Z"}
{"level":"error","message":"Attempt 2 failed for server-renderer@3.5.22: Could not find shasum for server-renderer@3.5.22 in metadata.","timestamp":"2025-10-16T22:01:09.592Z"}
{"level":"error","message":"Attempt 3 failed for server-renderer@3.5.22: Could not find shasum for server-renderer@3.5.22 in metadata.","timestamp":"2025-10-16T22:01:11.487Z"}
{"level":"error","message":"[FAIL] Failed to fetch and cache server-renderer@3.5.22: Failed to fetch server-renderer@3.5.22 after 3 attempts.","stack":"Error: Failed to fetch server-renderer@3.5.22 after 3 attempts.\n    at fetchAndCachePackage (C:\\Users\\priya\\OneDrive\\Desktop\\CodeCache-Pro\\backend\\src\\fetchers\\npmFetcher.js:172:23)\n    at process.processTicksAndRejections (node:internal/process/task_queues:105:5)\n    at async handleNpmRequest (C:\\Users\\priya\\OneDrive\\Desktop\\CodeCache-Pro\\backend\\src\\fetchers\\npmFetcher.js:93:21)","timestamp":"2025-10-16T22:01:11.488Z"}
{"level":"error","message":"500 - Failed to fetch server-renderer@3.5.22 after 3 attempts. - /npm/@vue/server-renderer/-/server-renderer-3.5.22.tgz - GET - 192.168.137.112","timestamp":"2025-10-16T22:01:11.489Z"}
{"level":"error","message":"Error: Failed to fetch server-renderer@3.5.22 after 3 attempts.\n    at fetchAndCachePackage (C:\\Users\\priya\\OneDrive\\Desktop\\CodeCache-Pro\\backend\\src\\fetchers\\npmFetcher.js:172:23)\n    at process.processTicksAndRejections (node:internal/process/task_queues:105:5)\n    at async handleNpmRequest (C:\\Users\\priya\\OneDrive\\Desktop\\CodeCache-Pro\\backend\\src\\fetchers\\npmFetcher.js:93:21)","timestamp":"2025-10-16T22:01:11.490Z"}
{"level":"info","message":"[MISS] compiler-sfc@3.5.22. Fetching from upstream.","timestamp":"2025-10-16T22:02:07.314Z"}
{"level":"info","message":"[MISS] shared@3.5.22. Fetching from upstream.","timestamp":"2025-10-16T22:02:07.319Z"}
{"level":"error","message":"Attempt 1 failed for shared@3.5.22: Could not find shasum for shared@3.5.22 in metadata.","timestamp":"2025-10-16T22:02:07.559Z"}
{"level":"info","message":"[MISS] runtime-dom@3.5.22. Fetching from upstream.","timestamp":"2025-10-16T22:02:07.562Z"}
{"level":"error","message":"Attempt 2 failed for shared@3.5.22: Could not find shasum for shared@3.5.22 in metadata.","timestamp":"2025-10-16T22:02:07.614Z"}
{"level":"info","message":"[MISS] runtime-core@3.5.22. Fetching from upstream.","timestamp":"2025-10-16T22:02:07.640Z"}
{"level":"error","message":"Attempt 1 failed for runtime-dom@3.5.22: Cannot read properties of undefined (reading '3.5.22')","timestamp":"2025-10-16T22:02:07.668Z"}
{"level":"error","message":"Attempt 3 failed for shared@3.5.22: Could not find shasum for shared@3.5.22 in metadata.","timestamp":"2025-10-16T22:02:07.673Z"}
{"level":"error","message":"[FAIL] Failed to fetch and cache shared@3.5.22: Failed to fetch shared@3.5.22 after 3 attempts.","stack":"Error: Failed to fetch shared@3.5.22 after 3 attempts.\n    at fetchAndCachePackage (C:\\Users\\priya\\OneDrive\\Desktop\\CodeCache-Pro\\backend\\src\\fetchers\\npmFetcher.js:172:23)\n    at process.processTicksAndRejections (node:internal/process/task_queues:105:5)\n    at async handleNpmRequest (C:\\Users\\priya\\OneDrive\\Desktop\\CodeCache-Pro\\backend\\src\\fetchers\\npmFetcher.js:93:21)","timestamp":"2025-10-16T22:02:07.673Z"}
{"level":"error","message":"500 - Failed to fetch shared@3.5.22 after 3 attempts. - /npm/@vue/shared/-/shared-3.5.22.tgz - GET - 192.168.137.112","timestamp":"2025-10-16T22:02:07.674Z"}
{"level":"error","message":"Error: Failed to fetch shared@3.5.22 after 3 attempts.\n    at fetchAndCachePackage (C:\\Users\\priya\\OneDrive\\Desktop\\CodeCache-Pro\\backend\\src\\fetchers\\npmFetcher.js:172:23)\n    at process.processTicksAndRejections (node:internal/process/task_queues:105:5)\n    at async handleNpmRequest (C:\\Users\\priya\\OneDrive\\Desktop\\CodeCache-Pro\\backend\\src\\fetchers\\npmFetcher.js:93:21)","timestamp":"2025-10-16T22:02:07.674Z"}
{"level":"error","message":"Attempt 1 failed for compiler-sfc@3.5.22: Cannot read properties of undefined (reading '3.5.22')","timestamp":"2025-10-16T22:02:07.676Z"}
{"level":"info","message":"[MISS] compiler-core@3.5.22. Fetching from upstream.","timestamp":"2025-10-16T22:02:07.691Z"}
{"level":"error","message":"Attempt 2 failed for runtime-dom@3.5.22: Cannot read properties of undefined (reading '3.5.22')","timestamp":"2025-10-16T22:02:07.706Z"}
{"level":"error","message":"Attempt 2 failed for compiler-sfc@3.5.22: Cannot read properties of undefined (reading '3.5.22')","timestamp":"2025-10-16T22:02:07.744Z"}
{"level":"error","message":"Attempt 1 failed for compiler-core@3.5.22: Cannot read properties of undefined (reading '3.5.22')","timestamp":"2025-10-16T22:02:07.746Z"}
{"level":"error","message":"Attempt 3 failed for runtime-dom@3.5.22: Cannot read properties of undefined (reading '3.5.22')","timestamp":"2025-10-16T22:02:07.754Z"}
{"level":"error","message":"[FAIL] Failed to fetch and cache runtime-dom@3.5.22: Failed to fetch runtime-dom@3.5.22 after 3 attempts.","stack":"Error: Failed to fetch runtime-dom@3.5.22 after 3 attempts.\n    at fetchAndCachePackage (C:\\Users\\priya\\OneDrive\\Desktop\\CodeCache-Pro\\backend\\src\\fetchers\\npmFetcher.js:172:23)\n    at process.processTicksAndRejections (node:internal/process/task_queues:105:5)\n    at async handleNpmRequest (C:\\Users\\priya\\OneDrive\\Desktop\\CodeCache-Pro\\backend\\src\\fetchers\\npmFetcher.js:93:21)","timestamp":"2025-10-16T22:02:07.755Z"}
{"level":"error","message":"500 - Failed to fetch runtime-dom@3.5.22 after 3 attempts. - /npm/@vue/runtime-dom/-/runtime-dom-3.5.22.tgz - GET - 192.168.137.112","timestamp":"2025-10-16T22:02:07.755Z"}
{"level":"error","message":"Error: Failed to fetch runtime-dom@3.5.22 after 3 attempts.\n    at fetchAndCachePackage (C:\\Users\\priya\\OneDrive\\Desktop\\CodeCache-Pro\\backend\\src\\fetchers\\npmFetcher.js:172:23)\n    at process.processTicksAndRejections (node:internal/process/task_queues:105:5)\n    at async handleNpmRequest (C:\\Users\\priya\\OneDrive\\Desktop\\CodeCache-Pro\\backend\\src\\fetchers\\npmFetcher.js:93:21)","timestamp":"2025-10-16T22:02:07.756Z"}
{"level":"error","message":"Attempt 1 failed for runtime-core@3.5.22: Cannot read properties of undefined (reading '3.5.22')","timestamp":"2025-10-16T22:02:07.790Z"}
{"level":"error","message":"Attempt 3 failed for compiler-sfc@3.5.22: Cannot read properties of undefined (reading '3.5.22')","timestamp":"2025-10-16T22:02:07.792Z"}
{"level":"error","message":"[FAIL] Failed to fetch and cache compiler-sfc@3.5.22: Failed to fetch compiler-sfc@3.5.22 after 3 attempts.","stack":"Error: Failed to fetch compiler-sfc@3.5.22 after 3 attempts.\n    at fetchAndCachePackage (C:\\Users\\priya\\OneDrive\\Desktop\\CodeCache-Pro\\backend\\src\\fetchers\\npmFetcher.js:172:23)\n    at process.processTicksAndRejections (node:internal/process/task_queues:105:5)\n    at async handleNpmRequest (C:\\Users\\priya\\OneDrive\\Desktop\\CodeCache-Pro\\backend\\src\\fetchers\\npmFetcher.js:93:21)","timestamp":"2025-10-16T22:02:07.792Z"}
{"level":"error","message":"500 - Failed to fetch compiler-sfc@3.5.22 after 3 attempts. - /npm/@vue/compiler-sfc/-/compiler-sfc-3.5.22.tgz - GET - 192.168.137.112","timestamp":"2025-10-16T22:02:07.793Z"}
{"level":"error","message":"Error: Failed to fetch compiler-sfc@3.5.22 after 3 attempts.\n    at fetchAndCachePackage (C:\\Users\\priya\\OneDrive\\Desktop\\CodeCache-Pro\\backend\\src\\fetchers\\npmFetcher.js:172:23)\n    at process.processTicksAndRejections (node:internal/process/task_queues:105:5)\n    at async handleNpmRequest (C:\\Users\\priya\\OneDrive\\Desktop\\CodeCache-Pro\\backend\\src\\fetchers\\npmFetcher.js:93:21)","timestamp":"2025-10-16T22:02:07.793Z"}
{"level":"error","message":"Attempt 2 failed for compiler-core@3.5.22: Cannot read properties of undefined (reading '3.5.22')","timestamp":"2025-10-16T22:02:07.795Z"}
{"level":"error","message":"Attempt 2 failed for runtime-core@3.5.22: Cannot read properties of undefined (reading '3.5.22')","timestamp":"2025-10-16T22:02:07.829Z"}
{"level":"error","message":"Attempt 3 failed for compiler-core@3.5.22: Cannot read properties of undefined (reading '3.5.22')","timestamp":"2025-10-16T22:02:07.840Z"}
{"level":"error","message":"[FAIL] Failed to fetch and cache compiler-core@3.5.22: Failed to fetch compiler-core@3.5.22 after 3 attempts.","stack":"Error: Failed to fetch compiler-core@3.5.22 after 3 attempts.\n    at fetchAndCachePackage (C:\\Users\\priya\\OneDrive\\Desktop\\CodeCache-Pro\\backend\\src\\fetchers\\npmFetcher.js:172:23)\n    at process.processTicksAndRejections (node:internal/process/task_queues:105:5)\n    at async handleNpmRequest (C:\\Users\\priya\\OneDrive\\Desktop\\CodeCache-Pro\\backend\\src\\fetchers\\npmFetcher.js:93:21)","timestamp":"2025-10-16T22:02:07.841Z"}
{"level":"error","message":"500 - Failed to fetch compiler-core@3.5.22 after 3 attempts. - /npm/@vue/compiler-core/-/compiler-core-3.5.22.tgz - GET - 192.168.137.112","timestamp":"2025-10-16T22:02:07.841Z"}
{"level":"error","message":"Error: Failed to fetch compiler-core@3.5.22 after 3 attempts.\n    at fetchAndCachePackage (C:\\Users\\priya\\OneDrive\\Desktop\\CodeCache-Pro\\backend\\src\\fetchers\\npmFetcher.js:172:23)\n    at process.processTicksAndRejections (node:internal/process/task_queues:105:5)\n    at async handleNpmRequest (C:\\Users\\priya\\OneDrive\\Desktop\\CodeCache-Pro\\backend\\src\\fetchers\\npmFetcher.js:93:21)","timestamp":"2025-10-16T22:02:07.842Z"}
{"level":"error","message":"Attempt 3 failed for runtime-core@3.5.22: Cannot read properties of undefined (reading '3.5.22')","timestamp":"2025-10-16T22:02:07.872Z"}
{"level":"error","message":"[FAIL] Failed to fetch and cache runtime-core@3.5.22: Failed to fetch runtime-core@3.5.22 after 3 attempts.","stack":"Error: Failed to fetch runtime-core@3.5.22 after 3 attempts.\n    at fetchAndCachePackage (C:\\Users\\priya\\OneDrive\\Desktop\\CodeCache-Pro\\backend\\src\\fetchers\\npmFetcher.js:172:23)\n    at process.processTicksAndRejections (node:internal/process/task_queues:105:5)\n    at async handleNpmRequest (C:\\Users\\priya\\OneDrive\\Desktop\\CodeCache-Pro\\backend\\src\\fetchers\\npmFetcher.js:93:21)","timestamp":"2025-10-16T22:02:07.872Z"}
{"level":"error","message":"500 - Failed to fetch runtime-core@3.5.22 after 3 attempts. - /npm/@vue/runtime-core/-/runtime-core-3.5.22.tgz - GET - 192.168.137.112","timestamp":"2025-10-16T22:02:07.873Z"}
{"level":"error","message":"Error: Failed to fetch runtime-core@3.5.22 after 3 attempts.\n    at fetchAndCachePackage (C:\\Users\\priya\\OneDrive\\Desktop\\CodeCache-Pro\\backend\\src\\fetchers\\npmFetcher.js:172:23)\n    at process.processTicksAndRejections (node:internal/process/task_queues:105:5)\n    at async handleNpmRequest (C:\\Users\\priya\\OneDrive\\Desktop\\CodeCache-Pro\\backend\\src\\fetchers\\npmFetcher.js:93:21)","timestamp":"2025-10-16T22:02:07.873Z"}
{"level":"info","message":"[MISS] reactivity@3.5.22. Fetching from upstream.","timestamp":"2025-10-16T22:02:08.254Z"}
{"level":"error","message":"Attempt 1 failed for reactivity@3.5.22: Could not find shasum for reactivity@3.5.22 in metadata.","timestamp":"2025-10-16T22:02:08.328Z"}
{"level":"error","message":"Attempt 2 failed for reactivity@3.5.22: Could not find shasum for reactivity@3.5.22 in metadata.","timestamp":"2025-10-16T22:02:08.378Z"}
{"level":"error","message":"Attempt 3 failed for reactivity@3.5.22: Could not find shasum for reactivity@3.5.22 in metadata.","timestamp":"2025-10-16T22:02:08.423Z"}
{"level":"error","message":"[FAIL] Failed to fetch and cache reactivity@3.5.22: Failed to fetch reactivity@3.5.22 after 3 attempts.","stack":"Error: Failed to fetch reactivity@3.5.22 after 3 attempts.\n    at fetchAndCachePackage (C:\\Users\\priya\\OneDrive\\Desktop\\CodeCache-Pro\\backend\\src\\fetchers\\npmFetcher.js:172:23)\n    at process.processTicksAndRejections (node:internal/process/task_queues:105:5)\n    at async handleNpmRequest (C:\\Users\\priya\\OneDrive\\Desktop\\CodeCache-Pro\\backend\\src\\fetchers\\npmFetcher.js:93:21)","timestamp":"2025-10-16T22:02:08.424Z"}
{"level":"error","message":"500 - Failed to fetch reactivity@3.5.22 after 3 attempts. - /npm/@vue/reactivity/-/reactivity-3.5.22.tgz - GET - 192.168.137.112","timestamp":"2025-10-16T22:02:08.425Z"}
{"level":"error","message":"Error: Failed to fetch reactivity@3.5.22 after 3 attempts.\n    at fetchAndCachePackage (C:\\Users\\priya\\OneDrive\\Desktop\\CodeCache-Pro\\backend\\src\\fetchers\\npmFetcher.js:172:23)\n    at process.processTicksAndRejections (node:internal/process/task_queues:105:5)\n    at async handleNpmRequest (C:\\Users\\priya\\OneDrive\\Desktop\\CodeCache-Pro\\backend\\src\\fetchers\\npmFetcher.js:93:21)","timestamp":"2025-10-16T22:02:08.425Z"}
{"level":"info","message":"[MISS] compiler-dom@3.5.22. Fetching from upstream.","timestamp":"2025-10-16T22:02:09.497Z"}
{"level":"error","message":"Attempt 1 failed for compiler-dom@3.5.22: Cannot read properties of undefined (reading '3.5.22')","timestamp":"2025-10-16T22:02:09.557Z"}
{"level":"info","message":"[MISS] compiler-ssr@3.5.22. Fetching from upstream.","timestamp":"2025-10-16T22:02:09.580Z"}
{"level":"error","message":"Attempt 2 failed for compiler-dom@3.5.22: Cannot read properties of undefined (reading '3.5.22')","timestamp":"2025-10-16T22:02:09.606Z"}
{"level":"error","message":"Attempt 1 failed for compiler-ssr@3.5.22: Cannot read properties of undefined (reading '3.5.22')","timestamp":"2025-10-16T22:02:09.654Z"}
{"level":"error","message":"Attempt 3 failed for compiler-dom@3.5.22: Cannot read properties of undefined (reading '3.5.22')","timestamp":"2025-10-16T22:02:09.693Z"}
{"level":"error","message":"[FAIL] Failed to fetch and cache compiler-dom@3.5.22: Failed to fetch compiler-dom@3.5.22 after 3 attempts.","stack":"Error: Failed to fetch compiler-dom@3.5.22 after 3 attempts.\n    at fetchAndCachePackage (C:\\Users\\priya\\OneDrive\\Desktop\\CodeCache-Pro\\backend\\src\\fetchers\\npmFetcher.js:172:23)\n    at process.processTicksAndRejections (node:internal/process/task_queues:105:5)\n    at async handleNpmRequest (C:\\Users\\priya\\OneDrive\\Desktop\\CodeCache-Pro\\backend\\src\\fetchers\\npmFetcher.js:93:21)","timestamp":"2025-10-16T22:02:09.694Z"}
{"level":"error","message":"500 - Failed to fetch compiler-dom@3.5.22 after 3 attempts. - /npm/@vue/compiler-dom/-/compiler-dom-3.5.22.tgz - GET - 192.168.137.112","timestamp":"2025-10-16T22:02:09.696Z"}
{"level":"error","message":"Error: Failed to fetch compiler-dom@3.5.22 after 3 attempts.\n    at fetchAndCachePackage (C:\\Users\\priya\\OneDrive\\Desktop\\CodeCache-Pro\\backend\\src\\fetchers\\npmFetcher.js:172:23)\n    at process.processTicksAndRejections (node:internal/process/task_queues:105:5)\n    at async handleNpmRequest (C:\\Users\\priya\\OneDrive\\Desktop\\CodeCache-Pro\\backend\\src\\fetchers\\npmFetcher.js:93:21)","timestamp":"2025-10-16T22:02:09.697Z"}
{"level":"error","message":"Attempt 2 failed for compiler-ssr@3.5.22: Cannot read properties of undefined (reading '3.5.22')","timestamp":"2025-10-16T22:02:09.704Z"}
{"level":"error","message":"Attempt 3 failed for compiler-ssr@3.5.22: Cannot read properties of undefined (reading '3.5.22')","timestamp":"2025-10-16T22:02:09.746Z"}
{"level":"error","message":"[FAIL] Failed to fetch and cache compiler-ssr@3.5.22: Failed to fetch compiler-ssr@3.5.22 after 3 attempts.","stack":"Error: Failed to fetch compiler-ssr@3.5.22 after 3 attempts.\n    at fetchAndCachePackage (C:\\Users\\priya\\OneDrive\\Desktop\\CodeCache-Pro\\backend\\src\\fetchers\\npmFetcher.js:172:23)\n    at process.processTicksAndRejections (node:internal/process/task_queues:105:5)\n    at async handleNpmRequest (C:\\Users\\priya\\OneDrive\\Desktop\\CodeCache-Pro\\backend\\src\\fetchers\\npmFetcher.js:93:21)","timestamp":"2025-10-16T22:02:09.748Z"}
{"level":"error","message":"500 - Failed to fetch compiler-ssr@3.5.22 after 3 attempts. - /npm/@vue/compiler-ssr/-/compiler-ssr-3.5.22.tgz - GET - 192.168.137.112","timestamp":"2025-10-16T22:02:09.751Z"}
{"level":"error","message":"Error: Failed to fetch compiler-ssr@3.5.22 after 3 attempts.\n    at fetchAndCachePackage (C:\\Users\\priya\\OneDrive\\Desktop\\CodeCache-Pro\\backend\\src\\fetchers\\npmFetcher.js:172:23)\n    at process.processTicksAndRejections (node:internal/process/task_queues:105:5)\n    at async handleNpmRequest (C:\\Users\\priya\\OneDrive\\Desktop\\CodeCache-Pro\\backend\\src\\fetchers\\npmFetcher.js:93:21)","timestamp":"2025-10-16T22:02:09.751Z"}
{"level":"info","message":"[MISS] server-renderer@3.5.22. Fetching from upstream.","timestamp":"2025-10-16T22:02:11.713Z"}
{"level":"error","message":"Attempt 1 failed for server-renderer@3.5.22: Could not find shasum for server-renderer@3.5.22 in metadata.","timestamp":"2025-10-16T22:02:11.909Z"}
{"level":"error","message":"Attempt 2 failed for server-renderer@3.5.22: Could not find shasum for server-renderer@3.5.22 in metadata.","timestamp":"2025-10-16T22:02:12.071Z"}
{"level":"error","message":"Attempt 3 failed for server-renderer@3.5.22: Could not find shasum for server-renderer@3.5.22 in metadata.","timestamp":"2025-10-16T22:02:13.572Z"}
{"level":"error","message":"[FAIL] Failed to fetch and cache server-renderer@3.5.22: Failed to fetch server-renderer@3.5.22 after 3 attempts.","stack":"Error: Failed to fetch server-renderer@3.5.22 after 3 attempts.\n    at fetchAndCachePackage (C:\\Users\\priya\\OneDrive\\Desktop\\CodeCache-Pro\\backend\\src\\fetchers\\npmFetcher.js:172:23)\n    at process.processTicksAndRejections (node:internal/process/task_queues:105:5)\n    at async handleNpmRequest (C:\\Users\\priya\\OneDrive\\Desktop\\CodeCache-Pro\\backend\\src\\fetchers\\npmFetcher.js:93:21)","timestamp":"2025-10-16T22:02:13.573Z"}
{"level":"error","message":"500 - Failed to fetch server-renderer@3.5.22 after 3 attempts. - /npm/@vue/server-renderer/-/server-renderer-3.5.22.tgz - GET - 192.168.137.112","timestamp":"2025-10-16T22:02:13.573Z"}
{"level":"error","message":"Error: Failed to fetch server-renderer@3.5.22 after 3 attempts.\n    at fetchAndCachePackage (C:\\Users\\priya\\OneDrive\\Desktop\\CodeCache-Pro\\backend\\src\\fetchers\\npmFetcher.js:172:23)\n    at process.processTicksAndRejections (node:internal/process/task_queues:105:5)\n    at async handleNpmRequest (C:\\Users\\priya\\OneDrive\\Desktop\\CodeCache-Pro\\backend\\src\\fetchers\\npmFetcher.js:93:21)","timestamp":"2025-10-16T22:02:13.573Z"}
{"level":"info","message":"Connected to SQLite database.","timestamp":"2025-10-16T22:11:24.320Z"}
{"level":"info","message":"Database initialized successfully.","timestamp":"2025-10-16T22:11:24.327Z"}
{"level":"info","message":"Cache pruning service started.","timestamp":"2025-10-16T22:11:24.328Z"}
{"level":"info","message":"🚀 CodeCache Pro server running on http://0.0.0.0:5050","timestamp":"2025-10-16T22:11:24.346Z"}
{"level":"info","message":"🌐 Access from other devices: http://192.168.137.47:5050","timestamp":"2025-10-16T22:11:24.346Z"}
{"level":"info","message":"📋 Configure npm clients with: npm config set registry http://192.168.137.47:5050/npm","timestamp":"2025-10-16T22:11:24.347Z"}
{"level":"warn","message":"Blocked unsupported method POST for /npm/-/npm/v1/security/advisories/bulk","timestamp":"2025-10-16T22:12:34.798Z"}
{"level":"info","message":"[MISS] reactivity@3.5.22. Fetching from upstream.","timestamp":"2025-10-16T22:12:34.819Z"}
{"level":"info","message":"[MISS] compiler-ssr@3.5.22. Fetching from upstream.","timestamp":"2025-10-16T22:12:34.822Z"}
{"level":"info","message":"[MISS] compiler-core@3.5.22. Fetching from upstream.","timestamp":"2025-10-16T22:12:34.822Z"}
{"level":"info","message":"[MISS] runtime-core@3.5.22. Fetching from upstream.","timestamp":"2025-10-16T22:12:34.823Z"}
{"level":"info","message":"[MISS] shared@3.5.22. Fetching from upstream.","timestamp":"2025-10-16T22:12:34.826Z"}
{"level":"info","message":"[MISS] server-renderer@3.5.22. Fetching from upstream.","timestamp":"2025-10-16T22:12:34.828Z"}
{"level":"info","message":"[MISS] compiler-dom@3.5.22. Fetching from upstream.","timestamp":"2025-10-16T22:12:34.830Z"}
{"level":"warn","message":"Blocked unsupported method POST for /npm/-/npm/v1/security/audits/quick","timestamp":"2025-10-16T22:12:34.914Z"}
{"level":"info","message":"[MISS] runtime-dom@3.5.22. Fetching from upstream.","timestamp":"2025-10-16T22:12:34.929Z"}
{"level":"info","message":"[MISS] compiler-sfc@3.5.22. Fetching from upstream.","timestamp":"2025-10-16T22:12:34.931Z"}
{"level":"error","message":"Attempt 1 failed for compiler-ssr@3.5.22: Cannot read properties of undefined (reading '3.5.22')","timestamp":"2025-10-16T22:12:35.633Z"}
{"level":"error","message":"Attempt 1 failed for compiler-core@3.5.22: Cannot read properties of undefined (reading '3.5.22')","timestamp":"2025-10-16T22:12:35.643Z"}
{"level":"error","message":"Attempt 2 failed for compiler-ssr@3.5.22: Cannot read properties of undefined (reading '3.5.22')","timestamp":"2025-10-16T22:12:35.662Z"}
{"level":"error","message":"Attempt 2 failed for compiler-core@3.5.22: Cannot read properties of undefined (reading '3.5.22')","timestamp":"2025-10-16T22:12:35.672Z"}
{"level":"error","message":"Attempt 3 failed for compiler-ssr@3.5.22: Cannot read properties of undefined (reading '3.5.22')","timestamp":"2025-10-16T22:12:35.690Z"}
{"level":"error","message":"[FAIL] Failed to fetch and cache compiler-ssr@3.5.22: Failed to fetch compiler-ssr@3.5.22 after 3 attempts.","stack":"Error: Failed to fetch compiler-ssr@3.5.22 after 3 attempts.\n    at fetchAndCachePackage (C:\\Users\\priya\\OneDrive\\Desktop\\CodeCache-Pro\\backend\\src\\fetchers\\npmFetcher.js:172:23)\n    at process.processTicksAndRejections (node:internal/process/task_queues:105:5)\n    at async handleNpmRequest (C:\\Users\\priya\\OneDrive\\Desktop\\CodeCache-Pro\\backend\\src\\fetchers\\npmFetcher.js:93:21)","timestamp":"2025-10-16T22:12:35.691Z"}
{"level":"error","message":"500 - Failed to fetch compiler-ssr@3.5.22 after 3 attempts. - /npm/@vue/compiler-ssr/-/compiler-ssr-3.5.22.tgz - GET - 192.168.137.112","timestamp":"2025-10-16T22:12:35.692Z"}
{"level":"error","message":"Error: Failed to fetch compiler-ssr@3.5.22 after 3 attempts.\n    at fetchAndCachePackage (C:\\Users\\priya\\OneDrive\\Desktop\\CodeCache-Pro\\backend\\src\\fetchers\\npmFetcher.js:172:23)\n    at process.processTicksAndRejections (node:internal/process/task_queues:105:5)\n    at async handleNpmRequest (C:\\Users\\priya\\OneDrive\\Desktop\\CodeCache-Pro\\backend\\src\\fetchers\\npmFetcher.js:93:21)","timestamp":"2025-10-16T22:12:35.692Z"}
{"level":"error","message":"Attempt 3 failed for compiler-core@3.5.22: Cannot read properties of undefined (reading '3.5.22')","timestamp":"2025-10-16T22:12:35.710Z"}
{"level":"error","message":"[FAIL] Failed to fetch and cache compiler-core@3.5.22: Failed to fetch compiler-core@3.5.22 after 3 attempts.","stack":"Error: Failed to fetch compiler-core@3.5.22 after 3 attempts.\n    at fetchAndCachePackage (C:\\Users\\priya\\OneDrive\\Desktop\\CodeCache-Pro\\backend\\src\\fetchers\\npmFetcher.js:172:23)\n    at process.processTicksAndRejections (node:internal/process/task_queues:105:5)\n    at async handleNpmRequest (C:\\Users\\priya\\OneDrive\\Desktop\\CodeCache-Pro\\backend\\src\\fetchers\\npmFetcher.js:93:21)","timestamp":"2025-10-16T22:12:35.711Z"}
{"level":"error","message":"500 - Failed to fetch compiler-core@3.5.22 after 3 attempts. - /npm/@vue/compiler-core/-/compiler-core-3.5.22.tgz - GET - 192.168.137.112","timestamp":"2025-10-16T22:12:35.711Z"}
{"level":"error","message":"Error: Failed to fetch compiler-core@3.5.22 after 3 attempts.\n    at fetchAndCachePackage (C:\\Users\\priya\\OneDrive\\Desktop\\CodeCache-Pro\\backend\\src\\fetchers\\npmFetcher.js:172:23)\n    at process.processTicksAndRejections (node:internal/process/task_queues:105:5)\n    at async handleNpmRequest (C:\\Users\\priya\\OneDrive\\Desktop\\CodeCache-Pro\\backend\\src\\fetchers\\npmFetcher.js:93:21)","timestamp":"2025-10-16T22:12:35.711Z"}
{"level":"error","message":"Attempt 1 failed for compiler-dom@3.5.22: Cannot read properties of undefined (reading '3.5.22')","timestamp":"2025-10-16T22:12:35.733Z"}
{"level":"error","message":"Attempt 1 failed for reactivity@3.5.22: Could not find shasum for reactivity@3.5.22 in metadata.","timestamp":"2025-10-16T22:12:35.739Z"}
{"level":"error","message":"Attempt 2 failed for compiler-dom@3.5.22: Cannot read properties of undefined (reading '3.5.22')","timestamp":"2025-10-16T22:12:35.762Z"}
{"level":"error","message":"Attempt 3 failed for compiler-dom@3.5.22: Cannot read properties of undefined (reading '3.5.22')","timestamp":"2025-10-16T22:12:35.831Z"}
{"level":"error","message":"[FAIL] Failed to fetch and cache compiler-dom@3.5.22: Failed to fetch compiler-dom@3.5.22 after 3 attempts.","stack":"Error: Failed to fetch compiler-dom@3.5.22 after 3 attempts.\n    at fetchAndCachePackage (C:\\Users\\priya\\OneDrive\\Desktop\\CodeCache-Pro\\backend\\src\\fetchers\\npmFetcher.js:172:23)\n    at process.processTicksAndRejections (node:internal/process/task_queues:105:5)\n    at async handleNpmRequest (C:\\Users\\priya\\OneDrive\\Desktop\\CodeCache-Pro\\backend\\src\\fetchers\\npmFetcher.js:93:21)","timestamp":"2025-10-16T22:12:35.832Z"}
{"level":"error","message":"500 - Failed to fetch compiler-dom@3.5.22 after 3 attempts. - /npm/@vue/compiler-dom/-/compiler-dom-3.5.22.tgz - GET - 192.168.137.112","timestamp":"2025-10-16T22:12:35.832Z"}
{"level":"error","message":"Error: Failed to fetch compiler-dom@3.5.22 after 3 attempts.\n    at fetchAndCachePackage (C:\\Users\\priya\\OneDrive\\Desktop\\CodeCache-Pro\\backend\\src\\fetchers\\npmFetcher.js:172:23)\n    at process.processTicksAndRejections (node:internal/process/task_queues:105:5)\n    at async handleNpmRequest (C:\\Users\\priya\\OneDrive\\Desktop\\CodeCache-Pro\\backend\\src\\fetchers\\npmFetcher.js:93:21)","timestamp":"2025-10-16T22:12:35.832Z"}
{"level":"error","message":"Attempt 2 failed for reactivity@3.5.22: Could not find shasum for reactivity@3.5.22 in metadata.","timestamp":"2025-10-16T22:12:35.838Z"}
{"level":"error","message":"Attempt 1 failed for server-renderer@3.5.22: Could not find shasum for server-renderer@3.5.22 in metadata.","timestamp":"2025-10-16T22:12:35.844Z"}
{"level":"error","message":"Attempt 1 failed for runtime-dom@3.5.22: Cannot read properties of undefined (reading '3.5.22')","timestamp":"2025-10-16T22:12:35.848Z"}
{"level":"error","message":"Attempt 3 failed for reactivity@3.5.22: Could not find shasum for reactivity@3.5.22 in metadata.","timestamp":"2025-10-16T22:12:35.885Z"}
{"level":"error","message":"[FAIL] Failed to fetch and cache reactivity@3.5.22: Failed to fetch reactivity@3.5.22 after 3 attempts.","stack":"Error: Failed to fetch reactivity@3.5.22 after 3 attempts.\n    at fetchAndCachePackage (C:\\Users\\priya\\OneDrive\\Desktop\\CodeCache-Pro\\backend\\src\\fetchers\\npmFetcher.js:172:23)\n    at process.processTicksAndRejections (node:internal/process/task_queues:105:5)\n    at async handleNpmRequest (C:\\Users\\priya\\OneDrive\\Desktop\\CodeCache-Pro\\backend\\src\\fetchers\\npmFetcher.js:93:21)","timestamp":"2025-10-16T22:12:35.886Z"}
{"level":"error","message":"500 - Failed to fetch reactivity@3.5.22 after 3 attempts. - /npm/@vue/reactivity/-/reactivity-3.5.22.tgz - GET - 192.168.137.112","timestamp":"2025-10-16T22:12:35.886Z"}
{"level":"error","message":"Error: Failed to fetch reactivity@3.5.22 after 3 attempts.\n    at fetchAndCachePackage (C:\\Users\\priya\\OneDrive\\Desktop\\CodeCache-Pro\\backend\\src\\fetchers\\npmFetcher.js:172:23)\n    at process.processTicksAndRejections (node:internal/process/task_queues:105:5)\n    at async handleNpmRequest (C:\\Users\\priya\\OneDrive\\Desktop\\CodeCache-Pro\\backend\\src\\fetchers\\npmFetcher.js:93:21)","timestamp":"2025-10-16T22:12:35.886Z"}
{"level":"error","message":"Attempt 2 failed for runtime-dom@3.5.22: Cannot read properties of undefined (reading '3.5.22')","timestamp":"2025-10-16T22:12:35.887Z"}
{"level":"error","message":"Attempt 2 failed for server-renderer@3.5.22: Could not find shasum for server-renderer@3.5.22 in metadata.","timestamp":"2025-10-16T22:12:36.456Z"}
{"level":"error","message":"Attempt 3 failed for runtime-dom@3.5.22: Cannot read properties of undefined (reading '3.5.22')","timestamp":"2025-10-16T22:12:36.458Z"}
{"level":"error","message":"[FAIL] Failed to fetch and cache runtime-dom@3.5.22: Failed to fetch runtime-dom@3.5.22 after 3 attempts.","stack":"Error: Failed to fetch runtime-dom@3.5.22 after 3 attempts.\n    at fetchAndCachePackage (C:\\Users\\priya\\OneDrive\\Desktop\\CodeCache-Pro\\backend\\src\\fetchers\\npmFetcher.js:172:23)\n    at process.processTicksAndRejections (node:internal/process/task_queues:105:5)\n    at async handleNpmRequest (C:\\Users\\priya\\OneDrive\\Desktop\\CodeCache-Pro\\backend\\src\\fetchers\\npmFetcher.js:93:21)","timestamp":"2025-10-16T22:12:36.459Z"}
{"level":"error","message":"500 - Failed to fetch runtime-dom@3.5.22 after 3 attempts. - /npm/@vue/runtime-dom/-/runtime-dom-3.5.22.tgz - GET - 192.168.137.112","timestamp":"2025-10-16T22:12:36.459Z"}
{"level":"error","message":"Error: Failed to fetch runtime-dom@3.5.22 after 3 attempts.\n    at fetchAndCachePackage (C:\\Users\\priya\\OneDrive\\Desktop\\CodeCache-Pro\\backend\\src\\fetchers\\npmFetcher.js:172:23)\n    at process.processTicksAndRejections (node:internal/process/task_queues:105:5)\n    at async handleNpmRequest (C:\\Users\\priya\\OneDrive\\Desktop\\CodeCache-Pro\\backend\\src\\fetchers\\npmFetcher.js:93:21)","timestamp":"2025-10-16T22:12:36.459Z"}
{"level":"error","message":"Attempt 1 failed for compiler-sfc@3.5.22: Cannot read properties of undefined (reading '3.5.22')","timestamp":"2025-10-16T22:12:36.460Z"}
{"level":"error","message":"Attempt 1 failed for runtime-core@3.5.22: Cannot read properties of undefined (reading '3.5.22')","timestamp":"2025-10-16T22:12:36.461Z"}
{"level":"error","message":"Attempt 2 failed for compiler-sfc@3.5.22: Cannot read properties of undefined (reading '3.5.22')","timestamp":"2025-10-16T22:12:37.576Z"}
{"level":"error","message":"Attempt 2 failed for runtime-core@3.5.22: Cannot read properties of undefined (reading '3.5.22')","timestamp":"2025-10-16T22:12:37.578Z"}
{"level":"error","message":"Attempt 3 failed for server-renderer@3.5.22: Could not find shasum for server-renderer@3.5.22 in metadata.","timestamp":"2025-10-16T22:12:37.600Z"}
{"level":"error","message":"[FAIL] Failed to fetch and cache server-renderer@3.5.22: Failed to fetch server-renderer@3.5.22 after 3 attempts.","stack":"Error: Failed to fetch server-renderer@3.5.22 after 3 attempts.\n    at fetchAndCachePackage (C:\\Users\\priya\\OneDrive\\Desktop\\CodeCache-Pro\\backend\\src\\fetchers\\npmFetcher.js:172:23)\n    at process.processTicksAndRejections (node:internal/process/task_queues:105:5)\n    at async handleNpmRequest (C:\\Users\\priya\\OneDrive\\Desktop\\CodeCache-Pro\\backend\\src\\fetchers\\npmFetcher.js:93:21)","timestamp":"2025-10-16T22:12:37.601Z"}
{"level":"error","message":"500 - Failed to fetch server-renderer@3.5.22 after 3 attempts. - /npm/@vue/server-renderer/-/server-renderer-3.5.22.tgz - GET - 192.168.137.112","timestamp":"2025-10-16T22:12:37.602Z"}
{"level":"error","message":"Error: Failed to fetch server-renderer@3.5.22 after 3 attempts.\n    at fetchAndCachePackage (C:\\Users\\priya\\OneDrive\\Desktop\\CodeCache-Pro\\backend\\src\\fetchers\\npmFetcher.js:172:23)\n    at process.processTicksAndRejections (node:internal/process/task_queues:105:5)\n    at async handleNpmRequest (C:\\Users\\priya\\OneDrive\\Desktop\\CodeCache-Pro\\backend\\src\\fetchers\\npmFetcher.js:93:21)","timestamp":"2025-10-16T22:12:37.602Z"}
{"level":"error","message":"Attempt 1 failed for shared@3.5.22: Could not find shasum for shared@3.5.22 in metadata.","timestamp":"2025-10-16T22:12:37.610Z"}
{"level":"error","message":"Attempt 3 failed for runtime-core@3.5.22: Cannot read properties of undefined (reading '3.5.22')","timestamp":"2025-10-16T22:12:37.617Z"}
{"level":"error","message":"[FAIL] Failed to fetch and cache runtime-core@3.5.22: Failed to fetch runtime-core@3.5.22 after 3 attempts.","stack":"Error: Failed to fetch runtime-core@3.5.22 after 3 attempts.\n    at fetchAndCachePackage (C:\\Users\\priya\\OneDrive\\Desktop\\CodeCache-Pro\\backend\\src\\fetchers\\npmFetcher.js:172:23)\n    at process.processTicksAndRejections (node:internal/process/task_queues:105:5)\n    at async handleNpmRequest (C:\\Users\\priya\\OneDrive\\Desktop\\CodeCache-Pro\\backend\\src\\fetchers\\npmFetcher.js:93:21)","timestamp":"2025-10-16T22:12:37.618Z"}
{"level":"error","message":"500 - Failed to fetch runtime-core@3.5.22 after 3 attempts. - /npm/@vue/runtime-core/-/runtime-core-3.5.22.tgz - GET - 192.168.137.112","timestamp":"2025-10-16T22:12:37.618Z"}
{"level":"error","message":"Error: Failed to fetch runtime-core@3.5.22 after 3 attempts.\n    at fetchAndCachePackage (C:\\Users\\priya\\OneDrive\\Desktop\\CodeCache-Pro\\backend\\src\\fetchers\\npmFetcher.js:172:23)\n    at process.processTicksAndRejections (node:internal/process/task_queues:105:5)\n    at async handleNpmRequest (C:\\Users\\priya\\OneDrive\\Desktop\\CodeCache-Pro\\backend\\src\\fetchers\\npmFetcher.js:93:21)","timestamp":"2025-10-16T22:12:37.619Z"}
{"level":"error","message":"Attempt 3 failed for compiler-sfc@3.5.22: Cannot read properties of undefined (reading '3.5.22')","timestamp":"2025-10-16T22:12:37.622Z"}
{"level":"error","message":"[FAIL] Failed to fetch and cache compiler-sfc@3.5.22: Failed to fetch compiler-sfc@3.5.22 after 3 attempts.","stack":"Error: Failed to fetch compiler-sfc@3.5.22 after 3 attempts.\n    at fetchAndCachePackage (C:\\Users\\priya\\OneDrive\\Desktop\\CodeCache-Pro\\backend\\src\\fetchers\\npmFetcher.js:172:23)\n    at process.processTicksAndRejections (node:internal/process/task_queues:105:5)\n    at async handleNpmRequest (C:\\Users\\priya\\OneDrive\\Desktop\\CodeCache-Pro\\backend\\src\\fetchers\\npmFetcher.js:93:21)","timestamp":"2025-10-16T22:12:37.622Z"}
{"level":"error","message":"500 - Failed to fetch compiler-sfc@3.5.22 after 3 attempts. - /npm/@vue/compiler-sfc/-/compiler-sfc-3.5.22.tgz - GET - 192.168.137.112","timestamp":"2025-10-16T22:12:37.622Z"}
{"level":"error","message":"Error: Failed to fetch compiler-sfc@3.5.22 after 3 attempts.\n    at fetchAndCachePackage (C:\\Users\\priya\\OneDrive\\Desktop\\CodeCache-Pro\\backend\\src\\fetchers\\npmFetcher.js:172:23)\n    at process.processTicksAndRejections (node:internal/process/task_queues:105:5)\n    at async handleNpmRequest (C:\\Users\\priya\\OneDrive\\Desktop\\CodeCache-Pro\\backend\\src\\fetchers\\npmFetcher.js:93:21)","timestamp":"2025-10-16T22:12:37.622Z"}
{"level":"error","message":"Attempt 2 failed for shared@3.5.22: Could not find shasum for shared@3.5.22 in metadata.","timestamp":"2025-10-16T22:12:37.675Z"}
{"level":"error","message":"Attempt 3 failed for shared@3.5.22: Could not find shasum for shared@3.5.22 in metadata.","timestamp":"2025-10-16T22:12:37.706Z"}
{"level":"error","message":"[FAIL] Failed to fetch and cache shared@3.5.22: Failed to fetch shared@3.5.22 after 3 attempts.","stack":"Error: Failed to fetch shared@3.5.22 after 3 attempts.\n    at fetchAndCachePackage (C:\\Users\\priya\\OneDrive\\Desktop\\CodeCache-Pro\\backend\\src\\fetchers\\npmFetcher.js:172:23)\n    at process.processTicksAndRejections (node:internal/process/task_queues:105:5)\n    at async handleNpmRequest (C:\\Users\\priya\\OneDrive\\Desktop\\CodeCache-Pro\\backend\\src\\fetchers\\npmFetcher.js:93:21)","timestamp":"2025-10-16T22:12:37.707Z"}
{"level":"error","message":"500 - Failed to fetch shared@3.5.22 after 3 attempts. - /npm/@vue/shared/-/shared-3.5.22.tgz - GET - 192.168.137.112","timestamp":"2025-10-16T22:12:37.707Z"}
{"level":"error","message":"Error: Failed to fetch shared@3.5.22 after 3 attempts.\n    at fetchAndCachePackage (C:\\Users\\priya\\OneDrive\\Desktop\\CodeCache-Pro\\backend\\src\\fetchers\\npmFetcher.js:172:23)\n    at process.processTicksAndRejections (node:internal/process/task_queues:105:5)\n    at async handleNpmRequest (C:\\Users\\priya\\OneDrive\\Desktop\\CodeCache-Pro\\backend\\src\\fetchers\\npmFetcher.js:93:21)","timestamp":"2025-10-16T22:12:37.708Z"}
{"level":"info","message":"[MISS] compiler-ssr@3.5.22. Fetching from upstream.","timestamp":"2025-10-16T22:12:45.798Z"}
{"level":"info","message":"[MISS] compiler-core@3.5.22. Fetching from upstream.","timestamp":"2025-10-16T22:12:45.811Z"}
{"level":"info","message":"[MISS] compiler-dom@3.5.22. Fetching from upstream.","timestamp":"2025-10-16T22:12:45.864Z"}
{"level":"error","message":"Attempt 1 failed for compiler-ssr@3.5.22: Cannot read properties of undefined (reading '3.5.22')","timestamp":"2025-10-16T22:12:45.886Z"}
{"level":"error","message":"Attempt 1 failed for compiler-core@3.5.22: Cannot read properties of undefined (reading '3.5.22')","timestamp":"2025-10-16T22:12:45.892Z"}
{"level":"error","message":"Attempt 2 failed for compiler-ssr@3.5.22: Cannot read properties of undefined (reading '3.5.22')","timestamp":"2025-10-16T22:12:45.918Z"}
{"level":"error","message":"Attempt 2 failed for compiler-core@3.5.22: Cannot read properties of undefined (reading '3.5.22')","timestamp":"2025-10-16T22:12:45.923Z"}
{"level":"error","message":"Attempt 1 failed for compiler-dom@3.5.22: Cannot read properties of undefined (reading '3.5.22')","timestamp":"2025-10-16T22:12:45.931Z"}
{"level":"error","message":"Attempt 3 failed for compiler-core@3.5.22: Cannot read properties of undefined (reading '3.5.22')","timestamp":"2025-10-16T22:12:45.955Z"}
{"level":"error","message":"[FAIL] Failed to fetch and cache compiler-core@3.5.22: Failed to fetch compiler-core@3.5.22 after 3 attempts.","stack":"Error: Failed to fetch compiler-core@3.5.22 after 3 attempts.\n    at fetchAndCachePackage (C:\\Users\\priya\\OneDrive\\Desktop\\CodeCache-Pro\\backend\\src\\fetchers\\npmFetcher.js:172:23)\n    at process.processTicksAndRejections (node:internal/process/task_queues:105:5)\n    at async handleNpmRequest (C:\\Users\\priya\\OneDrive\\Desktop\\CodeCache-Pro\\backend\\src\\fetchers\\npmFetcher.js:93:21)","timestamp":"2025-10-16T22:12:45.955Z"}
{"level":"error","message":"500 - Failed to fetch compiler-core@3.5.22 after 3 attempts. - /npm/@vue/compiler-core/-/compiler-core-3.5.22.tgz - GET - 192.168.137.112","timestamp":"2025-10-16T22:12:45.956Z"}
{"level":"error","message":"Error: Failed to fetch compiler-core@3.5.22 after 3 attempts.\n    at fetchAndCachePackage (C:\\Users\\priya\\OneDrive\\Desktop\\CodeCache-Pro\\backend\\src\\fetchers\\npmFetcher.js:172:23)\n    at process.processTicksAndRejections (node:internal/process/task_queues:105:5)\n    at async handleNpmRequest (C:\\Users\\priya\\OneDrive\\Desktop\\CodeCache-Pro\\backend\\src\\fetchers\\npmFetcher.js:93:21)","timestamp":"2025-10-16T22:12:45.957Z"}
{"level":"error","message":"Attempt 3 failed for compiler-ssr@3.5.22: Cannot read properties of undefined (reading '3.5.22')","timestamp":"2025-10-16T22:12:45.958Z"}
{"level":"error","message":"[FAIL] Failed to fetch and cache compiler-ssr@3.5.22: Failed to fetch compiler-ssr@3.5.22 after 3 attempts.","stack":"Error: Failed to fetch compiler-ssr@3.5.22 after 3 attempts.\n    at fetchAndCachePackage (C:\\Users\\priya\\OneDrive\\Desktop\\CodeCache-Pro\\backend\\src\\fetchers\\npmFetcher.js:172:23)\n    at process.processTicksAndRejections (node:internal/process/task_queues:105:5)\n    at async handleNpmRequest (C:\\Users\\priya\\OneDrive\\Desktop\\CodeCache-Pro\\backend\\src\\fetchers\\npmFetcher.js:93:21)","timestamp":"2025-10-16T22:12:45.958Z"}
{"level":"error","message":"500 - Failed to fetch compiler-ssr@3.5.22 after 3 attempts. - /npm/@vue/compiler-ssr/-/compiler-ssr-3.5.22.tgz - GET - 192.168.137.112","timestamp":"2025-10-16T22:12:45.959Z"}
{"level":"error","message":"Error: Failed to fetch compiler-ssr@3.5.22 after 3 attempts.\n    at fetchAndCachePackage (C:\\Users\\priya\\OneDrive\\Desktop\\CodeCache-Pro\\backend\\src\\fetchers\\npmFetcher.js:172:23)\n    at process.processTicksAndRejections (node:internal/process/task_queues:105:5)\n    at async handleNpmRequest (C:\\Users\\priya\\OneDrive\\Desktop\\CodeCache-Pro\\backend\\src\\fetchers\\npmFetcher.js:93:21)","timestamp":"2025-10-16T22:12:45.959Z"}
{"level":"error","message":"Attempt 2 failed for compiler-dom@3.5.22: Cannot read properties of undefined (reading '3.5.22')","timestamp":"2025-10-16T22:12:45.961Z"}
{"level":"error","message":"Attempt 3 failed for compiler-dom@3.5.22: Cannot read properties of undefined (reading '3.5.22')","timestamp":"2025-10-16T22:12:45.991Z"}
{"level":"error","message":"[FAIL] Failed to fetch and cache compiler-dom@3.5.22: Failed to fetch compiler-dom@3.5.22 after 3 attempts.","stack":"Error: Failed to fetch compiler-dom@3.5.22 after 3 attempts.\n    at fetchAndCachePackage (C:\\Users\\priya\\OneDrive\\Desktop\\CodeCache-Pro\\backend\\src\\fetchers\\npmFetcher.js:172:23)\n    at process.processTicksAndRejections (node:internal/process/task_queues:105:5)\n    at async handleNpmRequest (C:\\Users\\priya\\OneDrive\\Desktop\\CodeCache-Pro\\backend\\src\\fetchers\\npmFetcher.js:93:21)","timestamp":"2025-10-16T22:12:45.991Z"}
{"level":"error","message":"500 - Failed to fetch compiler-dom@3.5.22 after 3 attempts. - /npm/@vue/compiler-dom/-/compiler-dom-3.5.22.tgz - GET - 192.168.137.112","timestamp":"2025-10-16T22:12:45.992Z"}
{"level":"error","message":"Error: Failed to fetch compiler-dom@3.5.22 after 3 attempts.\n    at fetchAndCachePackage (C:\\Users\\priya\\OneDrive\\Desktop\\CodeCache-Pro\\backend\\src\\fetchers\\npmFetcher.js:172:23)\n    at process.processTicksAndRejections (node:internal/process/task_queues:105:5)\n    at async handleNpmRequest (C:\\Users\\priya\\OneDrive\\Desktop\\CodeCache-Pro\\backend\\src\\fetchers\\npmFetcher.js:93:21)","timestamp":"2025-10-16T22:12:45.992Z"}
{"level":"info","message":"[MISS] reactivity@3.5.22. Fetching from upstream.","timestamp":"2025-10-16T22:12:46.622Z"}
{"level":"info","message":"[MISS] runtime-dom@3.5.22. Fetching from upstream.","timestamp":"2025-10-16T22:12:46.635Z"}
{"level":"error","message":"Attempt 1 failed for reactivity@3.5.22: Could not find shasum for reactivity@3.5.22 in metadata.","timestamp":"2025-10-16T22:12:46.658Z"}
{"level":"error","message":"Attempt 1 failed for runtime-dom@3.5.22: Cannot read properties of undefined (reading '3.5.22')","timestamp":"2025-10-16T22:12:46.666Z"}
{"level":"error","message":"Attempt 2 failed for reactivity@3.5.22: Could not find shasum for reactivity@3.5.22 in metadata.","timestamp":"2025-10-16T22:12:46.690Z"}
{"level":"error","message":"Attempt 2 failed for runtime-dom@3.5.22: Cannot read properties of undefined (reading '3.5.22')","timestamp":"2025-10-16T22:12:46.698Z"}
{"level":"error","message":"Attempt 3 failed for reactivity@3.5.22: Could not find shasum for reactivity@3.5.22 in metadata.","timestamp":"2025-10-16T22:12:46.724Z"}
{"level":"error","message":"[FAIL] Failed to fetch and cache reactivity@3.5.22: Failed to fetch reactivity@3.5.22 after 3 attempts.","stack":"Error: Failed to fetch reactivity@3.5.22 after 3 attempts.\n    at fetchAndCachePackage (C:\\Users\\priya\\OneDrive\\Desktop\\CodeCache-Pro\\backend\\src\\fetchers\\npmFetcher.js:172:23)\n    at process.processTicksAndRejections (node:internal/process/task_queues:105:5)\n    at async handleNpmRequest (C:\\Users\\priya\\OneDrive\\Desktop\\CodeCache-Pro\\backend\\src\\fetchers\\npmFetcher.js:93:21)","timestamp":"2025-10-16T22:12:46.724Z"}
{"level":"error","message":"500 - Failed to fetch reactivity@3.5.22 after 3 attempts. - /npm/@vue/reactivity/-/reactivity-3.5.22.tgz - GET - 192.168.137.112","timestamp":"2025-10-16T22:12:46.725Z"}
{"level":"error","message":"Error: Failed to fetch reactivity@3.5.22 after 3 attempts.\n    at fetchAndCachePackage (C:\\Users\\priya\\OneDrive\\Desktop\\CodeCache-Pro\\backend\\src\\fetchers\\npmFetcher.js:172:23)\n    at process.processTicksAndRejections (node:internal/process/task_queues:105:5)\n    at async handleNpmRequest (C:\\Users\\priya\\OneDrive\\Desktop\\CodeCache-Pro\\backend\\src\\fetchers\\npmFetcher.js:93:21)","timestamp":"2025-10-16T22:12:46.725Z"}
{"level":"error","message":"Attempt 3 failed for runtime-dom@3.5.22: Cannot read properties of undefined (reading '3.5.22')","timestamp":"2025-10-16T22:12:46.733Z"}
{"level":"error","message":"[FAIL] Failed to fetch and cache runtime-dom@3.5.22: Failed to fetch runtime-dom@3.5.22 after 3 attempts.","stack":"Error: Failed to fetch runtime-dom@3.5.22 after 3 attempts.\n    at fetchAndCachePackage (C:\\Users\\priya\\OneDrive\\Desktop\\CodeCache-Pro\\backend\\src\\fetchers\\npmFetcher.js:172:23)\n    at process.processTicksAndRejections (node:internal/process/task_queues:105:5)\n    at async handleNpmRequest (C:\\Users\\priya\\OneDrive\\Desktop\\CodeCache-Pro\\backend\\src\\fetchers\\npmFetcher.js:93:21)","timestamp":"2025-10-16T22:12:46.734Z"}
{"level":"error","message":"500 - Failed to fetch runtime-dom@3.5.22 after 3 attempts. - /npm/@vue/runtime-dom/-/runtime-dom-3.5.22.tgz - GET - 192.168.137.112","timestamp":"2025-10-16T22:12:46.735Z"}
{"level":"error","message":"Error: Failed to fetch runtime-dom@3.5.22 after 3 attempts.\n    at fetchAndCachePackage (C:\\Users\\priya\\OneDrive\\Desktop\\CodeCache-Pro\\backend\\src\\fetchers\\npmFetcher.js:172:23)\n    at process.processTicksAndRejections (node:internal/process/task_queues:105:5)\n    at async handleNpmRequest (C:\\Users\\priya\\OneDrive\\Desktop\\CodeCache-Pro\\backend\\src\\fetchers\\npmFetcher.js:93:21)","timestamp":"2025-10-16T22:12:46.735Z"}
{"level":"info","message":"[MISS] server-renderer@3.5.22. Fetching from upstream.","timestamp":"2025-10-16T22:12:47.655Z"}
{"level":"info","message":"[MISS] runtime-core@3.5.22. Fetching from upstream.","timestamp":"2025-10-16T22:12:47.657Z"}
{"level":"error","message":"Attempt 1 failed for runtime-core@3.5.22: Cannot read properties of undefined (reading '3.5.22')","timestamp":"2025-10-16T22:12:47.690Z"}
{"level":"info","message":"[MISS] compiler-sfc@3.5.22. Fetching from upstream.","timestamp":"2025-10-16T22:12:47.698Z"}
{"level":"error","message":"Attempt 2 failed for runtime-core@3.5.22: Cannot read properties of undefined (reading '3.5.22')","timestamp":"2025-10-16T22:12:47.758Z"}
{"level":"error","message":"Attempt 1 failed for compiler-sfc@3.5.22: Cannot read properties of undefined (reading '3.5.22')","timestamp":"2025-10-16T22:12:47.766Z"}
{"level":"error","message":"Attempt 1 failed for server-renderer@3.5.22: Could not find shasum for server-renderer@3.5.22 in metadata.","timestamp":"2025-10-16T22:12:47.771Z"}
{"level":"info","message":"[MISS] shared@3.5.22. Fetching from upstream.","timestamp":"2025-10-16T22:12:47.778Z"}
{"level":"error","message":"Attempt 3 failed for runtime-core@3.5.22: Cannot read properties of undefined (reading '3.5.22')","timestamp":"2025-10-16T22:12:47.785Z"}
{"level":"error","message":"[FAIL] Failed to fetch and cache runtime-core@3.5.22: Failed to fetch runtime-core@3.5.22 after 3 attempts.","stack":"Error: Failed to fetch runtime-core@3.5.22 after 3 attempts.\n    at fetchAndCachePackage (C:\\Users\\priya\\OneDrive\\Desktop\\CodeCache-Pro\\backend\\src\\fetchers\\npmFetcher.js:172:23)\n    at process.processTicksAndRejections (node:internal/process/task_queues:105:5)\n    at async handleNpmRequest (C:\\Users\\priya\\OneDrive\\Desktop\\CodeCache-Pro\\backend\\src\\fetchers\\npmFetcher.js:93:21)","timestamp":"2025-10-16T22:12:47.785Z"}
{"level":"error","message":"500 - Failed to fetch runtime-core@3.5.22 after 3 attempts. - /npm/@vue/runtime-core/-/runtime-core-3.5.22.tgz - GET - 192.168.137.112","timestamp":"2025-10-16T22:12:47.786Z"}
{"level":"error","message":"Error: Failed to fetch runtime-core@3.5.22 after 3 attempts.\n    at fetchAndCachePackage (C:\\Users\\priya\\OneDrive\\Desktop\\CodeCache-Pro\\backend\\src\\fetchers\\npmFetcher.js:172:23)\n    at process.processTicksAndRejections (node:internal/process/task_queues:105:5)\n    at async handleNpmRequest (C:\\Users\\priya\\OneDrive\\Desktop\\CodeCache-Pro\\backend\\src\\fetchers\\npmFetcher.js:93:21)","timestamp":"2025-10-16T22:12:47.786Z"}
{"level":"error","message":"Attempt 2 failed for compiler-sfc@3.5.22: Cannot read properties of undefined (reading '3.5.22')","timestamp":"2025-10-16T22:12:47.801Z"}
{"level":"error","message":"Attempt 3 failed for compiler-sfc@3.5.22: Cannot read properties of undefined (reading '3.5.22')","timestamp":"2025-10-16T22:12:47.886Z"}
{"level":"error","message":"[FAIL] Failed to fetch and cache compiler-sfc@3.5.22: Failed to fetch compiler-sfc@3.5.22 after 3 attempts.","stack":"Error: Failed to fetch compiler-sfc@3.5.22 after 3 attempts.\n    at fetchAndCachePackage (C:\\Users\\priya\\OneDrive\\Desktop\\CodeCache-Pro\\backend\\src\\fetchers\\npmFetcher.js:172:23)\n    at process.processTicksAndRejections (node:internal/process/task_queues:105:5)\n    at async handleNpmRequest (C:\\Users\\priya\\OneDrive\\Desktop\\CodeCache-Pro\\backend\\src\\fetchers\\npmFetcher.js:93:21)","timestamp":"2025-10-16T22:12:47.887Z"}
{"level":"error","message":"500 - Failed to fetch compiler-sfc@3.5.22 after 3 attempts. - /npm/@vue/compiler-sfc/-/compiler-sfc-3.5.22.tgz - GET - 192.168.137.112","timestamp":"2025-10-16T22:12:47.887Z"}
{"level":"error","message":"Error: Failed to fetch compiler-sfc@3.5.22 after 3 attempts.\n    at fetchAndCachePackage (C:\\Users\\priya\\OneDrive\\Desktop\\CodeCache-Pro\\backend\\src\\fetchers\\npmFetcher.js:172:23)\n    at process.processTicksAndRejections (node:internal/process/task_queues:105:5)\n    at async handleNpmRequest (C:\\Users\\priya\\OneDrive\\Desktop\\CodeCache-Pro\\backend\\src\\fetchers\\npmFetcher.js:93:21)","timestamp":"2025-10-16T22:12:47.887Z"}
{"level":"error","message":"Attempt 2 failed for server-renderer@3.5.22: Could not find shasum for server-renderer@3.5.22 in metadata.","timestamp":"2025-10-16T22:12:47.890Z"}
{"level":"error","message":"Attempt 1 failed for shared@3.5.22: Could not find shasum for shared@3.5.22 in metadata.","timestamp":"2025-10-16T22:12:47.925Z"}
{"level":"error","message":"Attempt 2 failed for shared@3.5.22: Could not find shasum for shared@3.5.22 in metadata.","timestamp":"2025-10-16T22:12:48.023Z"}
{"level":"error","message":"Attempt 3 failed for server-renderer@3.5.22: Could not find shasum for server-renderer@3.5.22 in metadata.","timestamp":"2025-10-16T22:12:48.026Z"}
{"level":"error","message":"[FAIL] Failed to fetch and cache server-renderer@3.5.22: Failed to fetch server-renderer@3.5.22 after 3 attempts.","stack":"Error: Failed to fetch server-renderer@3.5.22 after 3 attempts.\n    at fetchAndCachePackage (C:\\Users\\priya\\OneDrive\\Desktop\\CodeCache-Pro\\backend\\src\\fetchers\\npmFetcher.js:172:23)\n    at process.processTicksAndRejections (node:internal/process/task_queues:105:5)\n    at async handleNpmRequest (C:\\Users\\priya\\OneDrive\\Desktop\\CodeCache-Pro\\backend\\src\\fetchers\\npmFetcher.js:93:21)","timestamp":"2025-10-16T22:12:48.026Z"}
{"level":"error","message":"500 - Failed to fetch server-renderer@3.5.22 after 3 attempts. - /npm/@vue/server-renderer/-/server-renderer-3.5.22.tgz - GET - 192.168.137.112","timestamp":"2025-10-16T22:12:48.027Z"}
{"level":"error","message":"Error: Failed to fetch server-renderer@3.5.22 after 3 attempts.\n    at fetchAndCachePackage (C:\\Users\\priya\\OneDrive\\Desktop\\CodeCache-Pro\\backend\\src\\fetchers\\npmFetcher.js:172:23)\n    at process.processTicksAndRejections (node:internal/process/task_queues:105:5)\n    at async handleNpmRequest (C:\\Users\\priya\\OneDrive\\Desktop\\CodeCache-Pro\\backend\\src\\fetchers\\npmFetcher.js:93:21)","timestamp":"2025-10-16T22:12:48.027Z"}
{"level":"error","message":"Attempt 3 failed for shared@3.5.22: Could not find shasum for shared@3.5.22 in metadata.","timestamp":"2025-10-16T22:12:48.052Z"}
{"level":"error","message":"[FAIL] Failed to fetch and cache shared@3.5.22: Failed to fetch shared@3.5.22 after 3 attempts.","stack":"Error: Failed to fetch shared@3.5.22 after 3 attempts.\n    at fetchAndCachePackage (C:\\Users\\priya\\OneDrive\\Desktop\\CodeCache-Pro\\backend\\src\\fetchers\\npmFetcher.js:172:23)\n    at process.processTicksAndRejections (node:internal/process/task_queues:105:5)\n    at async handleNpmRequest (C:\\Users\\priya\\OneDrive\\Desktop\\CodeCache-Pro\\backend\\src\\fetchers\\npmFetcher.js:93:21)","timestamp":"2025-10-16T22:12:48.053Z"}
{"level":"error","message":"500 - Failed to fetch shared@3.5.22 after 3 attempts. - /npm/@vue/shared/-/shared-3.5.22.tgz - GET - 192.168.137.112","timestamp":"2025-10-16T22:12:48.053Z"}
{"level":"error","message":"Error: Failed to fetch shared@3.5.22 after 3 attempts.\n    at fetchAndCachePackage (C:\\Users\\priya\\OneDrive\\Desktop\\CodeCache-Pro\\backend\\src\\fetchers\\npmFetcher.js:172:23)\n    at process.processTicksAndRejections (node:internal/process/task_queues:105:5)\n    at async handleNpmRequest (C:\\Users\\priya\\OneDrive\\Desktop\\CodeCache-Pro\\backend\\src\\fetchers\\npmFetcher.js:93:21)","timestamp":"2025-10-16T22:12:48.053Z"}
{"level":"info","message":"[MISS] compiler-core@3.5.22. Fetching from upstream.","timestamp":"2025-10-16T22:13:46.022Z"}
{"level":"info","message":"[MISS] compiler-dom@3.5.22. Fetching from upstream.","timestamp":"2025-10-16T22:13:46.031Z"}
{"level":"info","message":"[MISS] compiler-ssr@3.5.22. Fetching from upstream.","timestamp":"2025-10-16T22:13:46.043Z"}
{"level":"error","message":"Attempt 1 failed for compiler-ssr@3.5.22: Cannot read properties of undefined (reading '3.5.22')","timestamp":"2025-10-16T22:13:46.238Z"}
{"level":"error","message":"Attempt 1 failed for compiler-core@3.5.22: Cannot read properties of undefined (reading '3.5.22')","timestamp":"2025-10-16T22:13:46.245Z"}
{"level":"error","message":"Attempt 2 failed for compiler-ssr@3.5.22: Cannot read properties of undefined (reading '3.5.22')","timestamp":"2025-10-16T22:13:46.278Z"}
{"level":"error","message":"Attempt 2 failed for compiler-core@3.5.22: Cannot read properties of undefined (reading '3.5.22')","timestamp":"2025-10-16T22:13:46.283Z"}
{"level":"error","message":"Attempt 3 failed for compiler-ssr@3.5.22: Cannot read properties of undefined (reading '3.5.22')","timestamp":"2025-10-16T22:13:46.325Z"}
{"level":"error","message":"[FAIL] Failed to fetch and cache compiler-ssr@3.5.22: Failed to fetch compiler-ssr@3.5.22 after 3 attempts.","stack":"Error: Failed to fetch compiler-ssr@3.5.22 after 3 attempts.\n    at fetchAndCachePackage (C:\\Users\\priya\\OneDrive\\Desktop\\CodeCache-Pro\\backend\\src\\fetchers\\npmFetcher.js:172:23)\n    at process.processTicksAndRejections (node:internal/process/task_queues:105:5)\n    at async handleNpmRequest (C:\\Users\\priya\\OneDrive\\Desktop\\CodeCache-Pro\\backend\\src\\fetchers\\npmFetcher.js:93:21)","timestamp":"2025-10-16T22:13:46.327Z"}
{"level":"error","message":"500 - Failed to fetch compiler-ssr@3.5.22 after 3 attempts. - /npm/@vue/compiler-ssr/-/compiler-ssr-3.5.22.tgz - GET - 192.168.137.112","timestamp":"2025-10-16T22:13:46.328Z"}
{"level":"error","message":"Error: Failed to fetch compiler-ssr@3.5.22 after 3 attempts.\n    at fetchAndCachePackage (C:\\Users\\priya\\OneDrive\\Desktop\\CodeCache-Pro\\backend\\src\\fetchers\\npmFetcher.js:172:23)\n    at process.processTicksAndRejections (node:internal/process/task_queues:105:5)\n    at async handleNpmRequest (C:\\Users\\priya\\OneDrive\\Desktop\\CodeCache-Pro\\backend\\src\\fetchers\\npmFetcher.js:93:21)","timestamp":"2025-10-16T22:13:46.329Z"}
{"level":"error","message":"Attempt 3 failed for compiler-core@3.5.22: Cannot read properties of undefined (reading '3.5.22')","timestamp":"2025-10-16T22:13:46.334Z"}
{"level":"error","message":"[FAIL] Failed to fetch and cache compiler-core@3.5.22: Failed to fetch compiler-core@3.5.22 after 3 attempts.","stack":"Error: Failed to fetch compiler-core@3.5.22 after 3 attempts.\n    at fetchAndCachePackage (C:\\Users\\priya\\OneDrive\\Desktop\\CodeCache-Pro\\backend\\src\\fetchers\\npmFetcher.js:172:23)\n    at process.processTicksAndRejections (node:internal/process/task_queues:105:5)\n    at async handleNpmRequest (C:\\Users\\priya\\OneDrive\\Desktop\\CodeCache-Pro\\backend\\src\\fetchers\\npmFetcher.js:93:21)","timestamp":"2025-10-16T22:13:46.335Z"}
{"level":"error","message":"500 - Failed to fetch compiler-core@3.5.22 after 3 attempts. - /npm/@vue/compiler-core/-/compiler-core-3.5.22.tgz - GET - 192.168.137.112","timestamp":"2025-10-16T22:13:46.336Z"}
{"level":"error","message":"Error: Failed to fetch compiler-core@3.5.22 after 3 attempts.\n    at fetchAndCachePackage (C:\\Users\\priya\\OneDrive\\Desktop\\CodeCache-Pro\\backend\\src\\fetchers\\npmFetcher.js:172:23)\n    at process.processTicksAndRejections (node:internal/process/task_queues:105:5)\n    at async handleNpmRequest (C:\\Users\\priya\\OneDrive\\Desktop\\CodeCache-Pro\\backend\\src\\fetchers\\npmFetcher.js:93:21)","timestamp":"2025-10-16T22:13:46.337Z"}
{"level":"error","message":"Attempt 1 failed for compiler-dom@3.5.22: Cannot read properties of undefined (reading '3.5.22')","timestamp":"2025-10-16T22:13:46.452Z"}
{"level":"error","message":"Attempt 2 failed for compiler-dom@3.5.22: Cannot read properties of undefined (reading '3.5.22')","timestamp":"2025-10-16T22:13:46.487Z"}
{"level":"error","message":"Attempt 3 failed for compiler-dom@3.5.22: Cannot read properties of undefined (reading '3.5.22')","timestamp":"2025-10-16T22:13:46.519Z"}
{"level":"error","message":"[FAIL] Failed to fetch and cache compiler-dom@3.5.22: Failed to fetch compiler-dom@3.5.22 after 3 attempts.","stack":"Error: Failed to fetch compiler-dom@3.5.22 after 3 attempts.\n    at fetchAndCachePackage (C:\\Users\\priya\\OneDrive\\Desktop\\CodeCache-Pro\\backend\\src\\fetchers\\npmFetcher.js:172:23)\n    at process.processTicksAndRejections (node:internal/process/task_queues:105:5)\n    at async handleNpmRequest (C:\\Users\\priya\\OneDrive\\Desktop\\CodeCache-Pro\\backend\\src\\fetchers\\npmFetcher.js:93:21)","timestamp":"2025-10-16T22:13:46.520Z"}
{"level":"error","message":"500 - Failed to fetch compiler-dom@3.5.22 after 3 attempts. - /npm/@vue/compiler-dom/-/compiler-dom-3.5.22.tgz - GET - 192.168.137.112","timestamp":"2025-10-16T22:13:46.521Z"}
{"level":"error","message":"Error: Failed to fetch compiler-dom@3.5.22 after 3 attempts.\n    at fetchAndCachePackage (C:\\Users\\priya\\OneDrive\\Desktop\\CodeCache-Pro\\backend\\src\\fetchers\\npmFetcher.js:172:23)\n    at process.processTicksAndRejections (node:internal/process/task_queues:105:5)\n    at async handleNpmRequest (C:\\Users\\priya\\OneDrive\\Desktop\\CodeCache-Pro\\backend\\src\\fetchers\\npmFetcher.js:93:21)","timestamp":"2025-10-16T22:13:46.521Z"}
{"level":"info","message":"[MISS] reactivity@3.5.22. Fetching from upstream.","timestamp":"2025-10-16T22:13:46.752Z"}
{"level":"info","message":"[MISS] runtime-dom@3.5.22. Fetching from upstream.","timestamp":"2025-10-16T22:13:46.755Z"}
{"level":"error","message":"Attempt 1 failed for runtime-dom@3.5.22: Cannot read properties of undefined (reading '3.5.22')","timestamp":"2025-10-16T22:13:46.789Z"}
{"level":"error","message":"Attempt 1 failed for reactivity@3.5.22: Could not find shasum for reactivity@3.5.22 in metadata.","timestamp":"2025-10-16T22:13:46.793Z"}
{"level":"error","message":"Attempt 2 failed for runtime-dom@3.5.22: Cannot read properties of undefined (reading '3.5.22')","timestamp":"2025-10-16T22:13:46.827Z"}
{"level":"error","message":"Attempt 2 failed for reactivity@3.5.22: Could not find shasum for reactivity@3.5.22 in metadata.","timestamp":"2025-10-16T22:13:46.831Z"}
{"level":"error","message":"Attempt 3 failed for runtime-dom@3.5.22: Cannot read properties of undefined (reading '3.5.22')","timestamp":"2025-10-16T22:13:46.862Z"}
{"level":"error","message":"[FAIL] Failed to fetch and cache runtime-dom@3.5.22: Failed to fetch runtime-dom@3.5.22 after 3 attempts.","stack":"Error: Failed to fetch runtime-dom@3.5.22 after 3 attempts.\n    at fetchAndCachePackage (C:\\Users\\priya\\OneDrive\\Desktop\\CodeCache-Pro\\backend\\src\\fetchers\\npmFetcher.js:172:23)\n    at process.processTicksAndRejections (node:internal/process/task_queues:105:5)\n    at async handleNpmRequest (C:\\Users\\priya\\OneDrive\\Desktop\\CodeCache-Pro\\backend\\src\\fetchers\\npmFetcher.js:93:21)","timestamp":"2025-10-16T22:13:46.864Z"}
{"level":"error","message":"500 - Failed to fetch runtime-dom@3.5.22 after 3 attempts. - /npm/@vue/runtime-dom/-/runtime-dom-3.5.22.tgz - GET - 192.168.137.112","timestamp":"2025-10-16T22:13:46.865Z"}
{"level":"error","message":"Error: Failed to fetch runtime-dom@3.5.22 after 3 attempts.\n    at fetchAndCachePackage (C:\\Users\\priya\\OneDrive\\Desktop\\CodeCache-Pro\\backend\\src\\fetchers\\npmFetcher.js:172:23)\n    at process.processTicksAndRejections (node:internal/process/task_queues:105:5)\n    at async handleNpmRequest (C:\\Users\\priya\\OneDrive\\Desktop\\CodeCache-Pro\\backend\\src\\fetchers\\npmFetcher.js:93:21)","timestamp":"2025-10-16T22:13:46.867Z"}
{"level":"error","message":"Attempt 3 failed for reactivity@3.5.22: Could not find shasum for reactivity@3.5.22 in metadata.","timestamp":"2025-10-16T22:13:46.872Z"}
{"level":"error","message":"[FAIL] Failed to fetch and cache reactivity@3.5.22: Failed to fetch reactivity@3.5.22 after 3 attempts.","stack":"Error: Failed to fetch reactivity@3.5.22 after 3 attempts.\n    at fetchAndCachePackage (C:\\Users\\priya\\OneDrive\\Desktop\\CodeCache-Pro\\backend\\src\\fetchers\\npmFetcher.js:172:23)\n    at process.processTicksAndRejections (node:internal/process/task_queues:105:5)\n    at async handleNpmRequest (C:\\Users\\priya\\OneDrive\\Desktop\\CodeCache-Pro\\backend\\src\\fetchers\\npmFetcher.js:93:21)","timestamp":"2025-10-16T22:13:46.872Z"}
{"level":"error","message":"500 - Failed to fetch reactivity@3.5.22 after 3 attempts. - /npm/@vue/reactivity/-/reactivity-3.5.22.tgz - GET - 192.168.137.112","timestamp":"2025-10-16T22:13:46.872Z"}
{"level":"error","message":"Error: Failed to fetch reactivity@3.5.22 after 3 attempts.\n    at fetchAndCachePackage (C:\\Users\\priya\\OneDrive\\Desktop\\CodeCache-Pro\\backend\\src\\fetchers\\npmFetcher.js:172:23)\n    at process.processTicksAndRejections (node:internal/process/task_queues:105:5)\n    at async handleNpmRequest (C:\\Users\\priya\\OneDrive\\Desktop\\CodeCache-Pro\\backend\\src\\fetchers\\npmFetcher.js:93:21)","timestamp":"2025-10-16T22:13:46.873Z"}
{"level":"info","message":"[MISS] runtime-core@3.5.22. Fetching from upstream.","timestamp":"2025-10-16T22:13:47.808Z"}
{"level":"error","message":"Attempt 1 failed for runtime-core@3.5.22: Cannot read properties of undefined (reading '3.5.22')","timestamp":"2025-10-16T22:13:47.850Z"}
{"level":"info","message":"[MISS] compiler-sfc@3.5.22. Fetching from upstream.","timestamp":"2025-10-16T22:13:47.913Z"}
{"level":"error","message":"Attempt 1 failed for compiler-sfc@3.5.22: Cannot read properties of undefined (reading '3.5.22')","timestamp":"2025-10-16T22:13:47.951Z"}
{"level":"error","message":"Attempt 2 failed for compiler-sfc@3.5.22: Cannot read properties of undefined (reading '3.5.22')","timestamp":"2025-10-16T22:13:47.996Z"}
{"level":"error","message":"Attempt 3 failed for compiler-sfc@3.5.22: Cannot read properties of undefined (reading '3.5.22')","timestamp":"2025-10-16T22:13:48.038Z"}
{"level":"error","message":"[FAIL] Failed to fetch and cache compiler-sfc@3.5.22: Failed to fetch compiler-sfc@3.5.22 after 3 attempts.","stack":"Error: Failed to fetch compiler-sfc@3.5.22 after 3 attempts.\n    at fetchAndCachePackage (C:\\Users\\priya\\OneDrive\\Desktop\\CodeCache-Pro\\backend\\src\\fetchers\\npmFetcher.js:172:23)\n    at process.processTicksAndRejections (node:internal/process/task_queues:105:5)\n    at async handleNpmRequest (C:\\Users\\priya\\OneDrive\\Desktop\\CodeCache-Pro\\backend\\src\\fetchers\\npmFetcher.js:93:21)","timestamp":"2025-10-16T22:13:48.039Z"}
{"level":"error","message":"500 - Failed to fetch compiler-sfc@3.5.22 after 3 attempts. - /npm/@vue/compiler-sfc/-/compiler-sfc-3.5.22.tgz - GET - 192.168.137.112","timestamp":"2025-10-16T22:13:48.039Z"}
{"level":"error","message":"Error: Failed to fetch compiler-sfc@3.5.22 after 3 attempts.\n    at fetchAndCachePackage (C:\\Users\\priya\\OneDrive\\Desktop\\CodeCache-Pro\\backend\\src\\fetchers\\npmFetcher.js:172:23)\n    at process.processTicksAndRejections (node:internal/process/task_queues:105:5)\n    at async handleNpmRequest (C:\\Users\\priya\\OneDrive\\Desktop\\CodeCache-Pro\\backend\\src\\fetchers\\npmFetcher.js:93:21)","timestamp":"2025-10-16T22:13:48.040Z"}
{"level":"info","message":"[MISS] server-renderer@3.5.22. Fetching from upstream.","timestamp":"2025-10-16T22:13:48.049Z"}
{"level":"info","message":"[MISS] shared@3.5.22. Fetching from upstream.","timestamp":"2025-10-16T22:13:48.160Z"}
{"level":"error","message":"Attempt 2 failed for runtime-core@3.5.22: Cannot read properties of undefined (reading '3.5.22')","timestamp":"2025-10-16T22:13:48.814Z"}
{"level":"error","message":"Attempt 3 failed for runtime-core@3.5.22: Cannot read properties of undefined (reading '3.5.22')","timestamp":"2025-10-16T22:13:48.906Z"}
{"level":"error","message":"[FAIL] Failed to fetch and cache runtime-core@3.5.22: Failed to fetch runtime-core@3.5.22 after 3 attempts.","stack":"Error: Failed to fetch runtime-core@3.5.22 after 3 attempts.\n    at fetchAndCachePackage (C:\\Users\\priya\\OneDrive\\Desktop\\CodeCache-Pro\\backend\\src\\fetchers\\npmFetcher.js:172:23)\n    at process.processTicksAndRejections (node:internal/process/task_queues:105:5)\n    at async handleNpmRequest (C:\\Users\\priya\\OneDrive\\Desktop\\CodeCache-Pro\\backend\\src\\fetchers\\npmFetcher.js:93:21)","timestamp":"2025-10-16T22:13:48.907Z"}
{"level":"error","message":"500 - Failed to fetch runtime-core@3.5.22 after 3 attempts. - /npm/@vue/runtime-core/-/runtime-core-3.5.22.tgz - GET - 192.168.137.112","timestamp":"2025-10-16T22:13:48.908Z"}
{"level":"error","message":"Error: Failed to fetch runtime-core@3.5.22 after 3 attempts.\n    at fetchAndCachePackage (C:\\Users\\priya\\OneDrive\\Desktop\\CodeCache-Pro\\backend\\src\\fetchers\\npmFetcher.js:172:23)\n    at process.processTicksAndRejections (node:internal/process/task_queues:105:5)\n    at async handleNpmRequest (C:\\Users\\priya\\OneDrive\\Desktop\\CodeCache-Pro\\backend\\src\\fetchers\\npmFetcher.js:93:21)","timestamp":"2025-10-16T22:13:48.909Z"}
{"level":"error","message":"Attempt 1 failed for shared@3.5.22: Could not find shasum for shared@3.5.22 in metadata.","timestamp":"2025-10-16T22:13:48.911Z"}
{"level":"error","message":"Attempt 1 failed for server-renderer@3.5.22: Could not find shasum for server-renderer@3.5.22 in metadata.","timestamp":"2025-10-16T22:13:48.932Z"}
{"level":"error","message":"Attempt 2 failed for shared@3.5.22: Could not find shasum for shared@3.5.22 in metadata.","timestamp":"2025-10-16T22:13:49.246Z"}
{"level":"error","message":"Attempt 3 failed for shared@3.5.22: Could not find shasum for shared@3.5.22 in metadata.","timestamp":"2025-10-16T22:13:49.754Z"}
{"level":"error","message":"[FAIL] Failed to fetch and cache shared@3.5.22: Failed to fetch shared@3.5.22 after 3 attempts.","stack":"Error: Failed to fetch shared@3.5.22 after 3 attempts.\n    at fetchAndCachePackage (C:\\Users\\priya\\OneDrive\\Desktop\\CodeCache-Pro\\backend\\src\\fetchers\\npmFetcher.js:172:23)\n    at process.processTicksAndRejections (node:internal/process/task_queues:105:5)\n    at async handleNpmRequest (C:\\Users\\priya\\OneDrive\\Desktop\\CodeCache-Pro\\backend\\src\\fetchers\\npmFetcher.js:93:21)","timestamp":"2025-10-16T22:13:49.755Z"}
{"level":"error","message":"500 - Failed to fetch shared@3.5.22 after 3 attempts. - /npm/@vue/shared/-/shared-3.5.22.tgz - GET - 192.168.137.112","timestamp":"2025-10-16T22:13:49.756Z"}
{"level":"error","message":"Error: Failed to fetch shared@3.5.22 after 3 attempts.\n    at fetchAndCachePackage (C:\\Users\\priya\\OneDrive\\Desktop\\CodeCache-Pro\\backend\\src\\fetchers\\npmFetcher.js:172:23)\n    at process.processTicksAndRejections (node:internal/process/task_queues:105:5)\n    at async handleNpmRequest (C:\\Users\\priya\\OneDrive\\Desktop\\CodeCache-Pro\\backend\\src\\fetchers\\npmFetcher.js:93:21)","timestamp":"2025-10-16T22:13:49.756Z"}
{"level":"error","message":"Attempt 2 failed for server-renderer@3.5.22: Could not find shasum for server-renderer@3.5.22 in metadata.","timestamp":"2025-10-16T22:13:49.764Z"}
{"level":"error","message":"Attempt 3 failed for server-renderer@3.5.22: Could not find shasum for server-renderer@3.5.22 in metadata.","timestamp":"2025-10-16T22:13:49.975Z"}
{"level":"error","message":"[FAIL] Failed to fetch and cache server-renderer@3.5.22: Failed to fetch server-renderer@3.5.22 after 3 attempts.","stack":"Error: Failed to fetch server-renderer@3.5.22 after 3 attempts.\n    at fetchAndCachePackage (C:\\Users\\priya\\OneDrive\\Desktop\\CodeCache-Pro\\backend\\src\\fetchers\\npmFetcher.js:172:23)\n    at process.processTicksAndRejections (node:internal/process/task_queues:105:5)\n    at async handleNpmRequest (C:\\Users\\priya\\OneDrive\\Desktop\\CodeCache-Pro\\backend\\src\\fetchers\\npmFetcher.js:93:21)","timestamp":"2025-10-16T22:13:49.976Z"}
{"level":"error","message":"500 - Failed to fetch server-renderer@3.5.22 after 3 attempts. - /npm/@vue/server-renderer/-/server-renderer-3.5.22.tgz - GET - 192.168.137.112","timestamp":"2025-10-16T22:13:49.978Z"}
{"level":"error","message":"Error: Failed to fetch server-renderer@3.5.22 after 3 attempts.\n    at fetchAndCachePackage (C:\\Users\\priya\\OneDrive\\Desktop\\CodeCache-Pro\\backend\\src\\fetchers\\npmFetcher.js:172:23)\n    at process.processTicksAndRejections (node:internal/process/task_queues:105:5)\n    at async handleNpmRequest (C:\\Users\\priya\\OneDrive\\Desktop\\CodeCache-Pro\\backend\\src\\fetchers\\npmFetcher.js:93:21)","timestamp":"2025-10-16T22:13:49.978Z"}
{"level":"info","message":"Connected to SQLite database.","timestamp":"2025-10-16T22:17:03.995Z"}
{"level":"info","message":"Database initialized successfully.","timestamp":"2025-10-16T22:17:04.001Z"}
{"level":"info","message":"Cache pruning service started.","timestamp":"2025-10-16T22:17:04.001Z"}
{"level":"info","message":"🚀 CodeCache Pro server running on http://0.0.0.0:5050","timestamp":"2025-10-16T22:17:04.016Z"}
{"level":"info","message":"🌐 Access from other devices: http://192.168.137.47:5050","timestamp":"2025-10-16T22:17:04.016Z"}
{"level":"info","message":"📋 Configure npm clients with: npm config set registry http://192.168.137.47:5050/npm","timestamp":"2025-10-16T22:17:04.016Z"}
{"level":"warn","message":"Blocked unsupported method POST for /npm/-/npm/v1/security/advisories/bulk","timestamp":"2025-10-16T22:18:14.045Z"}
{"level":"warn","message":"Blocked unsupported method POST for /npm/-/npm/v1/security/audits/quick","timestamp":"2025-10-16T22:18:14.096Z"}
{"level":"info","message":"[MISS] runtime-core@3.5.22. Fetching from upstream.","timestamp":"2025-10-16T22:18:14.099Z"}
{"level":"info","message":"[MISS] reactivity@3.5.22. Fetching from upstream.","timestamp":"2025-10-16T22:18:14.100Z"}
{"level":"info","message":"[MISS] compiler-ssr@3.5.22. Fetching from upstream.","timestamp":"2025-10-16T22:18:14.113Z"}
{"level":"info","message":"[MISS] runtime-dom@3.5.22. Fetching from upstream.","timestamp":"2025-10-16T22:18:14.114Z"}
{"level":"info","message":"[MISS] shared@3.5.22. Fetching from upstream.","timestamp":"2025-10-16T22:18:14.114Z"}
{"level":"info","message":"[MISS] compiler-core@3.5.22. Fetching from upstream.","timestamp":"2025-10-16T22:18:14.115Z"}
{"level":"info","message":"[MISS] server-renderer@3.5.22. Fetching from upstream.","timestamp":"2025-10-16T22:18:14.115Z"}
{"level":"info","message":"[MISS] compiler-dom@3.5.22. Fetching from upstream.","timestamp":"2025-10-16T22:18:14.132Z"}
{"level":"info","message":"[MISS] compiler-sfc@3.5.22. Fetching from upstream.","timestamp":"2025-10-16T22:18:14.133Z"}
{"level":"error","message":"Attempt 1 failed for shared@3.5.22: Could not find shasum for shared@3.5.22 in metadata.","timestamp":"2025-10-16T22:18:14.946Z"}
{"level":"error","message":"Attempt 1 failed for reactivity@3.5.22: Could not find shasum for reactivity@3.5.22 in metadata.","timestamp":"2025-10-16T22:18:14.960Z"}
{"level":"error","message":"Attempt 1 failed for compiler-ssr@3.5.22: Cannot read properties of undefined (reading '3.5.22')","timestamp":"2025-10-16T22:18:14.962Z"}
{"level":"error","message":"Attempt 1 failed for runtime-core@3.5.22: Cannot read properties of undefined (reading '3.5.22')","timestamp":"2025-10-16T22:18:14.969Z"}
{"level":"error","message":"Attempt 1 failed for compiler-core@3.5.22: Cannot read properties of undefined (reading '3.5.22')","timestamp":"2025-10-16T22:18:14.971Z"}
{"level":"error","message":"Attempt 1 failed for runtime-dom@3.5.22: Cannot read properties of undefined (reading '3.5.22')","timestamp":"2025-10-16T22:18:14.995Z"}
{"level":"error","message":"Attempt 2 failed for shared@3.5.22: Could not find shasum for shared@3.5.22 in metadata.","timestamp":"2025-10-16T22:18:15.017Z"}
{"level":"error","message":"Attempt 2 failed for compiler-ssr@3.5.22: Cannot read properties of undefined (reading '3.5.22')","timestamp":"2025-10-16T22:18:15.035Z"}
{"level":"error","message":"Attempt 2 failed for reactivity@3.5.22: Could not find shasum for reactivity@3.5.22 in metadata.","timestamp":"2025-10-16T22:18:15.037Z"}
{"level":"error","message":"Attempt 2 failed for runtime-core@3.5.22: Cannot read properties of undefined (reading '3.5.22')","timestamp":"2025-10-16T22:18:15.042Z"}
{"level":"error","message":"Attempt 2 failed for compiler-core@3.5.22: Cannot read properties of undefined (reading '3.5.22')","timestamp":"2025-10-16T22:18:15.044Z"}
{"level":"error","message":"Attempt 1 failed for server-renderer@3.5.22: Could not find shasum for server-renderer@3.5.22 in metadata.","timestamp":"2025-10-16T22:18:15.049Z"}
{"level":"error","message":"Attempt 1 failed for compiler-sfc@3.5.22: Cannot read properties of undefined (reading '3.5.22')","timestamp":"2025-10-16T22:18:15.055Z"}
{"level":"error","message":"Attempt 2 failed for runtime-dom@3.5.22: Cannot read properties of undefined (reading '3.5.22')","timestamp":"2025-10-16T22:18:15.057Z"}
{"level":"error","message":"Attempt 3 failed for shared@3.5.22: Could not find shasum for shared@3.5.22 in metadata.","timestamp":"2025-10-16T22:18:15.059Z"}
{"level":"error","message":"[FAIL] Failed to fetch and cache shared@3.5.22: Failed to fetch shared@3.5.22 after 3 attempts.","stack":"Error: Failed to fetch shared@3.5.22 after 3 attempts.\n    at fetchAndCachePackage (C:\\Users\\priya\\OneDrive\\Desktop\\CodeCache-Pro\\backend\\src\\fetchers\\npmFetcher.js:172:23)\n    at process.processTicksAndRejections (node:internal/process/task_queues:105:5)\n    at async handleNpmRequest (C:\\Users\\priya\\OneDrive\\Desktop\\CodeCache-Pro\\backend\\src\\fetchers\\npmFetcher.js:93:21)","timestamp":"2025-10-16T22:18:15.060Z"}
{"level":"error","message":"500 - Failed to fetch shared@3.5.22 after 3 attempts. - /npm/@vue/shared/-/shared-3.5.22.tgz - GET - 192.168.137.112","timestamp":"2025-10-16T22:18:15.061Z"}
{"level":"error","message":"Error: Failed to fetch shared@3.5.22 after 3 attempts.\n    at fetchAndCachePackage (C:\\Users\\priya\\OneDrive\\Desktop\\CodeCache-Pro\\backend\\src\\fetchers\\npmFetcher.js:172:23)\n    at process.processTicksAndRejections (node:internal/process/task_queues:105:5)\n    at async handleNpmRequest (C:\\Users\\priya\\OneDrive\\Desktop\\CodeCache-Pro\\backend\\src\\fetchers\\npmFetcher.js:93:21)","timestamp":"2025-10-16T22:18:15.062Z"}
{"level":"error","message":"Attempt 3 failed for compiler-core@3.5.22: Cannot read properties of undefined (reading '3.5.22')","timestamp":"2025-10-16T22:18:15.094Z"}
{"level":"error","message":"[FAIL] Failed to fetch and cache compiler-core@3.5.22: Failed to fetch compiler-core@3.5.22 after 3 attempts.","stack":"Error: Failed to fetch compiler-core@3.5.22 after 3 attempts.\n    at fetchAndCachePackage (C:\\Users\\priya\\OneDrive\\Desktop\\CodeCache-Pro\\backend\\src\\fetchers\\npmFetcher.js:172:23)\n    at process.processTicksAndRejections (node:internal/process/task_queues:105:5)\n    at async handleNpmRequest (C:\\Users\\priya\\OneDrive\\Desktop\\CodeCache-Pro\\backend\\src\\fetchers\\npmFetcher.js:93:21)","timestamp":"2025-10-16T22:18:15.095Z"}
{"level":"error","message":"500 - Failed to fetch compiler-core@3.5.22 after 3 attempts. - /npm/@vue/compiler-core/-/compiler-core-3.5.22.tgz - GET - 192.168.137.112","timestamp":"2025-10-16T22:18:15.095Z"}
{"level":"error","message":"Error: Failed to fetch compiler-core@3.5.22 after 3 attempts.\n    at fetchAndCachePackage (C:\\Users\\priya\\OneDrive\\Desktop\\CodeCache-Pro\\backend\\src\\fetchers\\npmFetcher.js:172:23)\n    at process.processTicksAndRejections (node:internal/process/task_queues:105:5)\n    at async handleNpmRequest (C:\\Users\\priya\\OneDrive\\Desktop\\CodeCache-Pro\\backend\\src\\fetchers\\npmFetcher.js:93:21)","timestamp":"2025-10-16T22:18:15.095Z"}
{"level":"error","message":"Attempt 3 failed for compiler-ssr@3.5.22: Cannot read properties of undefined (reading '3.5.22')","timestamp":"2025-10-16T22:18:15.096Z"}
{"level":"error","message":"[FAIL] Failed to fetch and cache compiler-ssr@3.5.22: Failed to fetch compiler-ssr@3.5.22 after 3 attempts.","stack":"Error: Failed to fetch compiler-ssr@3.5.22 after 3 attempts.\n    at fetchAndCachePackage (C:\\Users\\priya\\OneDrive\\Desktop\\CodeCache-Pro\\backend\\src\\fetchers\\npmFetcher.js:172:23)\n    at process.processTicksAndRejections (node:internal/process/task_queues:105:5)\n    at async handleNpmRequest (C:\\Users\\priya\\OneDrive\\Desktop\\CodeCache-Pro\\backend\\src\\fetchers\\npmFetcher.js:93:21)","timestamp":"2025-10-16T22:18:15.097Z"}
{"level":"error","message":"500 - Failed to fetch compiler-ssr@3.5.22 after 3 attempts. - /npm/@vue/compiler-ssr/-/compiler-ssr-3.5.22.tgz - GET - 192.168.137.112","timestamp":"2025-10-16T22:18:15.097Z"}
{"level":"error","message":"Error: Failed to fetch compiler-ssr@3.5.22 after 3 attempts.\n    at fetchAndCachePackage (C:\\Users\\priya\\OneDrive\\Desktop\\CodeCache-Pro\\backend\\src\\fetchers\\npmFetcher.js:172:23)\n    at process.processTicksAndRejections (node:internal/process/task_queues:105:5)\n    at async handleNpmRequest (C:\\Users\\priya\\OneDrive\\Desktop\\CodeCache-Pro\\backend\\src\\fetchers\\npmFetcher.js:93:21)","timestamp":"2025-10-16T22:18:15.097Z"}
{"level":"error","message":"Attempt 3 failed for runtime-dom@3.5.22: Cannot read properties of undefined (reading '3.5.22')","timestamp":"2025-10-16T22:18:15.100Z"}
{"level":"error","message":"[FAIL] Failed to fetch and cache runtime-dom@3.5.22: Failed to fetch runtime-dom@3.5.22 after 3 attempts.","stack":"Error: Failed to fetch runtime-dom@3.5.22 after 3 attempts.\n    at fetchAndCachePackage (C:\\Users\\priya\\OneDrive\\Desktop\\CodeCache-Pro\\backend\\src\\fetchers\\npmFetcher.js:172:23)\n    at process.processTicksAndRejections (node:internal/process/task_queues:105:5)\n    at async handleNpmRequest (C:\\Users\\priya\\OneDrive\\Desktop\\CodeCache-Pro\\backend\\src\\fetchers\\npmFetcher.js:93:21)","timestamp":"2025-10-16T22:18:15.100Z"}
{"level":"error","message":"500 - Failed to fetch runtime-dom@3.5.22 after 3 attempts. - /npm/@vue/runtime-dom/-/runtime-dom-3.5.22.tgz - GET - 192.168.137.112","timestamp":"2025-10-16T22:18:15.101Z"}
{"level":"error","message":"Error: Failed to fetch runtime-dom@3.5.22 after 3 attempts.\n    at fetchAndCachePackage (C:\\Users\\priya\\OneDrive\\Desktop\\CodeCache-Pro\\backend\\src\\fetchers\\npmFetcher.js:172:23)\n    at process.processTicksAndRejections (node:internal/process/task_queues:105:5)\n    at async handleNpmRequest (C:\\Users\\priya\\OneDrive\\Desktop\\CodeCache-Pro\\backend\\src\\fetchers\\npmFetcher.js:93:21)","timestamp":"2025-10-16T22:18:15.101Z"}
{"level":"error","message":"Attempt 3 failed for runtime-core@3.5.22: Cannot read properties of undefined (reading '3.5.22')","timestamp":"2025-10-16T22:18:15.102Z"}
{"level":"error","message":"[FAIL] Failed to fetch and cache runtime-core@3.5.22: Failed to fetch runtime-core@3.5.22 after 3 attempts.","stack":"Error: Failed to fetch runtime-core@3.5.22 after 3 attempts.\n    at fetchAndCachePackage (C:\\Users\\priya\\OneDrive\\Desktop\\CodeCache-Pro\\backend\\src\\fetchers\\npmFetcher.js:172:23)\n    at process.processTicksAndRejections (node:internal/process/task_queues:105:5)\n    at async handleNpmRequest (C:\\Users\\priya\\OneDrive\\Desktop\\CodeCache-Pro\\backend\\src\\fetchers\\npmFetcher.js:93:21)","timestamp":"2025-10-16T22:18:15.102Z"}
{"level":"error","message":"500 - Failed to fetch runtime-core@3.5.22 after 3 attempts. - /npm/@vue/runtime-core/-/runtime-core-3.5.22.tgz - GET - 192.168.137.112","timestamp":"2025-10-16T22:18:15.102Z"}
{"level":"error","message":"Error: Failed to fetch runtime-core@3.5.22 after 3 attempts.\n    at fetchAndCachePackage (C:\\Users\\priya\\OneDrive\\Desktop\\CodeCache-Pro\\backend\\src\\fetchers\\npmFetcher.js:172:23)\n    at process.processTicksAndRejections (node:internal/process/task_queues:105:5)\n    at async handleNpmRequest (C:\\Users\\priya\\OneDrive\\Desktop\\CodeCache-Pro\\backend\\src\\fetchers\\npmFetcher.js:93:21)","timestamp":"2025-10-16T22:18:15.102Z"}
{"level":"error","message":"Attempt 3 failed for reactivity@3.5.22: Could not find shasum for reactivity@3.5.22 in metadata.","timestamp":"2025-10-16T22:18:15.103Z"}
{"level":"error","message":"[FAIL] Failed to fetch and cache reactivity@3.5.22: Failed to fetch reactivity@3.5.22 after 3 attempts.","stack":"Error: Failed to fetch reactivity@3.5.22 after 3 attempts.\n    at fetchAndCachePackage (C:\\Users\\priya\\OneDrive\\Desktop\\CodeCache-Pro\\backend\\src\\fetchers\\npmFetcher.js:172:23)\n    at process.processTicksAndRejections (node:internal/process/task_queues:105:5)\n    at async handleNpmRequest (C:\\Users\\priya\\OneDrive\\Desktop\\CodeCache-Pro\\backend\\src\\fetchers\\npmFetcher.js:93:21)","timestamp":"2025-10-16T22:18:15.104Z"}
{"level":"error","message":"500 - Failed to fetch reactivity@3.5.22 after 3 attempts. - /npm/@vue/reactivity/-/reactivity-3.5.22.tgz - GET - 192.168.137.112","timestamp":"2025-10-16T22:18:15.104Z"}
{"level":"error","message":"Error: Failed to fetch reactivity@3.5.22 after 3 attempts.\n    at fetchAndCachePackage (C:\\Users\\priya\\OneDrive\\Desktop\\CodeCache-Pro\\backend\\src\\fetchers\\npmFetcher.js:172:23)\n    at process.processTicksAndRejections (node:internal/process/task_queues:105:5)\n    at async handleNpmRequest (C:\\Users\\priya\\OneDrive\\Desktop\\CodeCache-Pro\\backend\\src\\fetchers\\npmFetcher.js:93:21)","timestamp":"2025-10-16T22:18:15.104Z"}
{"level":"error","message":"Attempt 2 failed for compiler-sfc@3.5.22: Cannot read properties of undefined (reading '3.5.22')","timestamp":"2025-10-16T22:18:15.105Z"}
{"level":"error","message":"Attempt 3 failed for compiler-sfc@3.5.22: Cannot read properties of undefined (reading '3.5.22')","timestamp":"2025-10-16T22:18:15.176Z"}
{"level":"error","message":"[FAIL] Failed to fetch and cache compiler-sfc@3.5.22: Failed to fetch compiler-sfc@3.5.22 after 3 attempts.","stack":"Error: Failed to fetch compiler-sfc@3.5.22 after 3 attempts.\n    at fetchAndCachePackage (C:\\Users\\priya\\OneDrive\\Desktop\\CodeCache-Pro\\backend\\src\\fetchers\\npmFetcher.js:172:23)\n    at process.processTicksAndRejections (node:internal/process/task_queues:105:5)\n    at async handleNpmRequest (C:\\Users\\priya\\OneDrive\\Desktop\\CodeCache-Pro\\backend\\src\\fetchers\\npmFetcher.js:93:21)","timestamp":"2025-10-16T22:18:15.177Z"}
{"level":"error","message":"500 - Failed to fetch compiler-sfc@3.5.22 after 3 attempts. - /npm/@vue/compiler-sfc/-/compiler-sfc-3.5.22.tgz - GET - 192.168.137.112","timestamp":"2025-10-16T22:18:15.178Z"}
{"level":"error","message":"Error: Failed to fetch compiler-sfc@3.5.22 after 3 attempts.\n    at fetchAndCachePackage (C:\\Users\\priya\\OneDrive\\Desktop\\CodeCache-Pro\\backend\\src\\fetchers\\npmFetcher.js:172:23)\n    at process.processTicksAndRejections (node:internal/process/task_queues:105:5)\n    at async handleNpmRequest (C:\\Users\\priya\\OneDrive\\Desktop\\CodeCache-Pro\\backend\\src\\fetchers\\npmFetcher.js:93:21)","timestamp":"2025-10-16T22:18:15.178Z"}
{"level":"error","message":"Attempt 2 failed for server-renderer@3.5.22: Could not find shasum for server-renderer@3.5.22 in metadata.","timestamp":"2025-10-16T22:18:15.195Z"}
{"level":"error","message":"Attempt 1 failed for compiler-dom@3.5.22: Cannot read properties of undefined (reading '3.5.22')","timestamp":"2025-10-16T22:18:15.305Z"}
{"level":"error","message":"Attempt 3 failed for server-renderer@3.5.22: Could not find shasum for server-renderer@3.5.22 in metadata.","timestamp":"2025-10-16T22:18:15.311Z"}
{"level":"error","message":"[FAIL] Failed to fetch and cache server-renderer@3.5.22: Failed to fetch server-renderer@3.5.22 after 3 attempts.","stack":"Error: Failed to fetch server-renderer@3.5.22 after 3 attempts.\n    at fetchAndCachePackage (C:\\Users\\priya\\OneDrive\\Desktop\\CodeCache-Pro\\backend\\src\\fetchers\\npmFetcher.js:172:23)\n    at process.processTicksAndRejections (node:internal/process/task_queues:105:5)\n    at async handleNpmRequest (C:\\Users\\priya\\OneDrive\\Desktop\\CodeCache-Pro\\backend\\src\\fetchers\\npmFetcher.js:93:21)","timestamp":"2025-10-16T22:18:15.312Z"}
{"level":"error","message":"500 - Failed to fetch server-renderer@3.5.22 after 3 attempts. - /npm/@vue/server-renderer/-/server-renderer-3.5.22.tgz - GET - 192.168.137.112","timestamp":"2025-10-16T22:18:15.312Z"}
{"level":"error","message":"Error: Failed to fetch server-renderer@3.5.22 after 3 attempts.\n    at fetchAndCachePackage (C:\\Users\\priya\\OneDrive\\Desktop\\CodeCache-Pro\\backend\\src\\fetchers\\npmFetcher.js:172:23)\n    at process.processTicksAndRejections (node:internal/process/task_queues:105:5)\n    at async handleNpmRequest (C:\\Users\\priya\\OneDrive\\Desktop\\CodeCache-Pro\\backend\\src\\fetchers\\npmFetcher.js:93:21)","timestamp":"2025-10-16T22:18:15.313Z"}
{"level":"error","message":"Attempt 2 failed for compiler-dom@3.5.22: Cannot read properties of undefined (reading '3.5.22')","timestamp":"2025-10-16T22:18:15.341Z"}
{"level":"error","message":"Attempt 3 failed for compiler-dom@3.5.22: Cannot read properties of undefined (reading '3.5.22')","timestamp":"2025-10-16T22:18:15.374Z"}
{"level":"error","message":"[FAIL] Failed to fetch and cache compiler-dom@3.5.22: Failed to fetch compiler-dom@3.5.22 after 3 attempts.","stack":"Error: Failed to fetch compiler-dom@3.5.22 after 3 attempts.\n    at fetchAndCachePackage (C:\\Users\\priya\\OneDrive\\Desktop\\CodeCache-Pro\\backend\\src\\fetchers\\npmFetcher.js:172:23)\n    at process.processTicksAndRejections (node:internal/process/task_queues:105:5)\n    at async handleNpmRequest (C:\\Users\\priya\\OneDrive\\Desktop\\CodeCache-Pro\\backend\\src\\fetchers\\npmFetcher.js:93:21)","timestamp":"2025-10-16T22:18:15.374Z"}
{"level":"error","message":"500 - Failed to fetch compiler-dom@3.5.22 after 3 attempts. - /npm/@vue/compiler-dom/-/compiler-dom-3.5.22.tgz - GET - 192.168.137.112","timestamp":"2025-10-16T22:18:15.374Z"}
{"level":"error","message":"Error: Failed to fetch compiler-dom@3.5.22 after 3 attempts.\n    at fetchAndCachePackage (C:\\Users\\priya\\OneDrive\\Desktop\\CodeCache-Pro\\backend\\src\\fetchers\\npmFetcher.js:172:23)\n    at process.processTicksAndRejections (node:internal/process/task_queues:105:5)\n    at async handleNpmRequest (C:\\Users\\priya\\OneDrive\\Desktop\\CodeCache-Pro\\backend\\src\\fetchers\\npmFetcher.js:93:21)","timestamp":"2025-10-16T22:18:15.375Z"}
{"level":"info","message":"[MISS] shared@3.5.22. Fetching from upstream.","timestamp":"2025-10-16T22:18:25.097Z"}
{"level":"info","message":"[MISS] compiler-core@3.5.22. Fetching from upstream.","timestamp":"2025-10-16T22:18:25.280Z"}
{"level":"info","message":"[MISS] compiler-ssr@3.5.22. Fetching from upstream.","timestamp":"2025-10-16T22:18:25.285Z"}
{"level":"info","message":"[MISS] runtime-core@3.5.22. Fetching from upstream.","timestamp":"2025-10-16T22:18:25.298Z"}
{"level":"info","message":"[MISS] compiler-sfc@3.5.22. Fetching from upstream.","timestamp":"2025-10-16T22:18:25.299Z"}
{"level":"info","message":"[MISS] reactivity@3.5.22. Fetching from upstream.","timestamp":"2025-10-16T22:18:25.300Z"}
{"level":"info","message":"[MISS] runtime-dom@3.5.22. Fetching from upstream.","timestamp":"2025-10-16T22:18:25.301Z"}
{"level":"error","message":"Attempt 1 failed for shared@3.5.22: Could not find shasum for shared@3.5.22 in metadata.","timestamp":"2025-10-16T22:18:25.304Z"}
{"level":"error","message":"Attempt 2 failed for shared@3.5.22: Could not find shasum for shared@3.5.22 in metadata.","timestamp":"2025-10-16T22:18:25.442Z"}
{"level":"info","message":"[MISS] server-renderer@3.5.22. Fetching from upstream.","timestamp":"2025-10-16T22:18:25.445Z"}
{"level":"info","message":"[MISS] compiler-dom@3.5.22. Fetching from upstream.","timestamp":"2025-10-16T22:18:25.454Z"}
{"level":"error","message":"Attempt 3 failed for shared@3.5.22: Could not find shasum for shared@3.5.22 in metadata.","timestamp":"2025-10-16T22:18:25.479Z"}
{"level":"error","message":"[FAIL] Failed to fetch and cache shared@3.5.22: Failed to fetch shared@3.5.22 after 3 attempts.","stack":"Error: Failed to fetch shared@3.5.22 after 3 attempts.\n    at fetchAndCachePackage (C:\\Users\\priya\\OneDrive\\Desktop\\CodeCache-Pro\\backend\\src\\fetchers\\npmFetcher.js:172:23)\n    at process.processTicksAndRejections (node:internal/process/task_queues:105:5)\n    at async handleNpmRequest (C:\\Users\\priya\\OneDrive\\Desktop\\CodeCache-Pro\\backend\\src\\fetchers\\npmFetcher.js:93:21)","timestamp":"2025-10-16T22:18:25.479Z"}
{"level":"error","message":"500 - Failed to fetch shared@3.5.22 after 3 attempts. - /npm/@vue/shared/-/shared-3.5.22.tgz - GET - 192.168.137.112","timestamp":"2025-10-16T22:18:25.479Z"}
{"level":"error","message":"Error: Failed to fetch shared@3.5.22 after 3 attempts.\n    at fetchAndCachePackage (C:\\Users\\priya\\OneDrive\\Desktop\\CodeCache-Pro\\backend\\src\\fetchers\\npmFetcher.js:172:23)\n    at process.processTicksAndRejections (node:internal/process/task_queues:105:5)\n    at async handleNpmRequest (C:\\Users\\priya\\OneDrive\\Desktop\\CodeCache-Pro\\backend\\src\\fetchers\\npmFetcher.js:93:21)","timestamp":"2025-10-16T22:18:25.479Z"}
{"level":"error","message":"Attempt 1 failed for reactivity@3.5.22: Could not find shasum for reactivity@3.5.22 in metadata.","timestamp":"2025-10-16T22:18:25.501Z"}
{"level":"error","message":"Attempt 1 failed for compiler-core@3.5.22: Cannot read properties of undefined (reading '3.5.22')","timestamp":"2025-10-16T22:18:25.620Z"}
{"level":"error","message":"Attempt 1 failed for compiler-ssr@3.5.22: Cannot read properties of undefined (reading '3.5.22')","timestamp":"2025-10-16T22:18:25.625Z"}
{"level":"error","message":"Attempt 2 failed for reactivity@3.5.22: Could not find shasum for reactivity@3.5.22 in metadata.","timestamp":"2025-10-16T22:18:25.646Z"}
{"level":"error","message":"Attempt 1 failed for compiler-dom@3.5.22: Cannot read properties of undefined (reading '3.5.22')","timestamp":"2025-10-16T22:18:25.654Z"}
{"level":"error","message":"Attempt 2 failed for compiler-core@3.5.22: Cannot read properties of undefined (reading '3.5.22')","timestamp":"2025-10-16T22:18:25.655Z"}
{"level":"error","message":"Attempt 2 failed for compiler-ssr@3.5.22: Cannot read properties of undefined (reading '3.5.22')","timestamp":"2025-10-16T22:18:25.656Z"}
{"level":"error","message":"Attempt 3 failed for compiler-core@3.5.22: Cannot read properties of undefined (reading '3.5.22')","timestamp":"2025-10-16T22:18:26.366Z"}
{"level":"error","message":"[FAIL] Failed to fetch and cache compiler-core@3.5.22: Failed to fetch compiler-core@3.5.22 after 3 attempts.","stack":"Error: Failed to fetch compiler-core@3.5.22 after 3 attempts.\n    at fetchAndCachePackage (C:\\Users\\priya\\OneDrive\\Desktop\\CodeCache-Pro\\backend\\src\\fetchers\\npmFetcher.js:172:23)\n    at process.processTicksAndRejections (node:internal/process/task_queues:105:5)\n    at async handleNpmRequest (C:\\Users\\priya\\OneDrive\\Desktop\\CodeCache-Pro\\backend\\src\\fetchers\\npmFetcher.js:93:21)","timestamp":"2025-10-16T22:18:26.367Z"}
{"level":"error","message":"500 - Failed to fetch compiler-core@3.5.22 after 3 attempts. - /npm/@vue/compiler-core/-/compiler-core-3.5.22.tgz - GET - 192.168.137.112","timestamp":"2025-10-16T22:18:26.367Z"}
{"level":"error","message":"Error: Failed to fetch compiler-core@3.5.22 after 3 attempts.\n    at fetchAndCachePackage (C:\\Users\\priya\\OneDrive\\Desktop\\CodeCache-Pro\\backend\\src\\fetchers\\npmFetcher.js:172:23)\n    at process.processTicksAndRejections (node:internal/process/task_queues:105:5)\n    at async handleNpmRequest (C:\\Users\\priya\\OneDrive\\Desktop\\CodeCache-Pro\\backend\\src\\fetchers\\npmFetcher.js:93:21)","timestamp":"2025-10-16T22:18:26.367Z"}
{"level":"error","message":"Attempt 3 failed for compiler-ssr@3.5.22: Cannot read properties of undefined (reading '3.5.22')","timestamp":"2025-10-16T22:18:26.368Z"}
{"level":"error","message":"[FAIL] Failed to fetch and cache compiler-ssr@3.5.22: Failed to fetch compiler-ssr@3.5.22 after 3 attempts.","stack":"Error: Failed to fetch compiler-ssr@3.5.22 after 3 attempts.\n    at fetchAndCachePackage (C:\\Users\\priya\\OneDrive\\Desktop\\CodeCache-Pro\\backend\\src\\fetchers\\npmFetcher.js:172:23)\n    at process.processTicksAndRejections (node:internal/process/task_queues:105:5)\n    at async handleNpmRequest (C:\\Users\\priya\\OneDrive\\Desktop\\CodeCache-Pro\\backend\\src\\fetchers\\npmFetcher.js:93:21)","timestamp":"2025-10-16T22:18:26.368Z"}
{"level":"error","message":"500 - Failed to fetch compiler-ssr@3.5.22 after 3 attempts. - /npm/@vue/compiler-ssr/-/compiler-ssr-3.5.22.tgz - GET - 192.168.137.112","timestamp":"2025-10-16T22:18:26.368Z"}
{"level":"error","message":"Error: Failed to fetch compiler-ssr@3.5.22 after 3 attempts.\n    at fetchAndCachePackage (C:\\Users\\priya\\OneDrive\\Desktop\\CodeCache-Pro\\backend\\src\\fetchers\\npmFetcher.js:172:23)\n    at process.processTicksAndRejections (node:internal/process/task_queues:105:5)\n    at async handleNpmRequest (C:\\Users\\priya\\OneDrive\\Desktop\\CodeCache-Pro\\backend\\src\\fetchers\\npmFetcher.js:93:21)","timestamp":"2025-10-16T22:18:26.369Z"}
{"level":"error","message":"Attempt 2 failed for compiler-dom@3.5.22: Cannot read properties of undefined (reading '3.5.22')","timestamp":"2025-10-16T22:18:26.369Z"}
{"level":"error","message":"Attempt 3 failed for reactivity@3.5.22: Could not find shasum for reactivity@3.5.22 in metadata.","timestamp":"2025-10-16T22:18:26.371Z"}
{"level":"error","message":"[FAIL] Failed to fetch and cache reactivity@3.5.22: Failed to fetch reactivity@3.5.22 after 3 attempts.","stack":"Error: Failed to fetch reactivity@3.5.22 after 3 attempts.\n    at fetchAndCachePackage (C:\\Users\\priya\\OneDrive\\Desktop\\CodeCache-Pro\\backend\\src\\fetchers\\npmFetcher.js:172:23)\n    at process.processTicksAndRejections (node:internal/process/task_queues:105:5)\n    at async handleNpmRequest (C:\\Users\\priya\\OneDrive\\Desktop\\CodeCache-Pro\\backend\\src\\fetchers\\npmFetcher.js:93:21)","timestamp":"2025-10-16T22:18:26.371Z"}
{"level":"error","message":"500 - Failed to fetch reactivity@3.5.22 after 3 attempts. - /npm/@vue/reactivity/-/reactivity-3.5.22.tgz - GET - 192.168.137.112","timestamp":"2025-10-16T22:18:26.371Z"}
{"level":"error","message":"Error: Failed to fetch reactivity@3.5.22 after 3 attempts.\n    at fetchAndCachePackage (C:\\Users\\priya\\OneDrive\\Desktop\\CodeCache-Pro\\backend\\src\\fetchers\\npmFetcher.js:172:23)\n    at process.processTicksAndRejections (node:internal/process/task_queues:105:5)\n    at async handleNpmRequest (C:\\Users\\priya\\OneDrive\\Desktop\\CodeCache-Pro\\backend\\src\\fetchers\\npmFetcher.js:93:21)","timestamp":"2025-10-16T22:18:26.371Z"}
{"level":"error","message":"Attempt 1 failed for server-renderer@3.5.22: Could not find shasum for server-renderer@3.5.22 in metadata.","timestamp":"2025-10-16T22:18:26.391Z"}
{"level":"error","message":"Attempt 3 failed for compiler-dom@3.5.22: Cannot read properties of undefined (reading '3.5.22')","timestamp":"2025-10-16T22:18:26.442Z"}
{"level":"error","message":"[FAIL] Failed to fetch and cache compiler-dom@3.5.22: Failed to fetch compiler-dom@3.5.22 after 3 attempts.","stack":"Error: Failed to fetch compiler-dom@3.5.22 after 3 attempts.\n    at fetchAndCachePackage (C:\\Users\\priya\\OneDrive\\Desktop\\CodeCache-Pro\\backend\\src\\fetchers\\npmFetcher.js:172:23)\n    at process.processTicksAndRejections (node:internal/process/task_queues:105:5)\n    at async handleNpmRequest (C:\\Users\\priya\\OneDrive\\Desktop\\CodeCache-Pro\\backend\\src\\fetchers\\npmFetcher.js:93:21)","timestamp":"2025-10-16T22:18:26.443Z"}
{"level":"error","message":"500 - Failed to fetch compiler-dom@3.5.22 after 3 attempts. - /npm/@vue/compiler-dom/-/compiler-dom-3.5.22.tgz - GET - 192.168.137.112","timestamp":"2025-10-16T22:18:26.443Z"}
{"level":"error","message":"Error: Failed to fetch compiler-dom@3.5.22 after 3 attempts.\n    at fetchAndCachePackage (C:\\Users\\priya\\OneDrive\\Desktop\\CodeCache-Pro\\backend\\src\\fetchers\\npmFetcher.js:172:23)\n    at process.processTicksAndRejections (node:internal/process/task_queues:105:5)\n    at async handleNpmRequest (C:\\Users\\priya\\OneDrive\\Desktop\\CodeCache-Pro\\backend\\src\\fetchers\\npmFetcher.js:93:21)","timestamp":"2025-10-16T22:18:26.443Z"}
{"level":"error","message":"Attempt 1 failed for compiler-sfc@3.5.22: Cannot read properties of undefined (reading '3.5.22')","timestamp":"2025-10-16T22:18:26.445Z"}
{"level":"error","message":"Attempt 2 failed for compiler-sfc@3.5.22: Cannot read properties of undefined (reading '3.5.22')","timestamp":"2025-10-16T22:18:26.474Z"}
{"level":"error","message":"Attempt 2 failed for server-renderer@3.5.22: Could not find shasum for server-renderer@3.5.22 in metadata.","timestamp":"2025-10-16T22:18:26.593Z"}
{"level":"error","message":"Attempt 1 failed for runtime-core@3.5.22: Cannot read properties of undefined (reading '3.5.22')","timestamp":"2025-10-16T22:18:26.594Z"}
{"level":"error","message":"Attempt 3 failed for compiler-sfc@3.5.22: Cannot read properties of undefined (reading '3.5.22')","timestamp":"2025-10-16T22:18:26.601Z"}
{"level":"error","message":"[FAIL] Failed to fetch and cache compiler-sfc@3.5.22: Failed to fetch compiler-sfc@3.5.22 after 3 attempts.","stack":"Error: Failed to fetch compiler-sfc@3.5.22 after 3 attempts.\n    at fetchAndCachePackage (C:\\Users\\priya\\OneDrive\\Desktop\\CodeCache-Pro\\backend\\src\\fetchers\\npmFetcher.js:172:23)\n    at process.processTicksAndRejections (node:internal/process/task_queues:105:5)\n    at async handleNpmRequest (C:\\Users\\priya\\OneDrive\\Desktop\\CodeCache-Pro\\backend\\src\\fetchers\\npmFetcher.js:93:21)","timestamp":"2025-10-16T22:18:26.601Z"}
{"level":"error","message":"500 - Failed to fetch compiler-sfc@3.5.22 after 3 attempts. - /npm/@vue/compiler-sfc/-/compiler-sfc-3.5.22.tgz - GET - 192.168.137.112","timestamp":"2025-10-16T22:18:26.602Z"}
{"level":"error","message":"Error: Failed to fetch compiler-sfc@3.5.22 after 3 attempts.\n    at fetchAndCachePackage (C:\\Users\\priya\\OneDrive\\Desktop\\CodeCache-Pro\\backend\\src\\fetchers\\npmFetcher.js:172:23)\n    at process.processTicksAndRejections (node:internal/process/task_queues:105:5)\n    at async handleNpmRequest (C:\\Users\\priya\\OneDrive\\Desktop\\CodeCache-Pro\\backend\\src\\fetchers\\npmFetcher.js:93:21)","timestamp":"2025-10-16T22:18:26.602Z"}
{"level":"error","message":"Attempt 2 failed for runtime-core@3.5.22: Cannot read properties of undefined (reading '3.5.22')","timestamp":"2025-10-16T22:18:26.700Z"}
{"level":"error","message":"Attempt 3 failed for runtime-core@3.5.22: Cannot read properties of undefined (reading '3.5.22')","timestamp":"2025-10-16T22:18:27.412Z"}
{"level":"error","message":"[FAIL] Failed to fetch and cache runtime-core@3.5.22: Failed to fetch runtime-core@3.5.22 after 3 attempts.","stack":"Error: Failed to fetch runtime-core@3.5.22 after 3 attempts.\n    at fetchAndCachePackage (C:\\Users\\priya\\OneDrive\\Desktop\\CodeCache-Pro\\backend\\src\\fetchers\\npmFetcher.js:172:23)\n    at process.processTicksAndRejections (node:internal/process/task_queues:105:5)\n    at async handleNpmRequest (C:\\Users\\priya\\OneDrive\\Desktop\\CodeCache-Pro\\backend\\src\\fetchers\\npmFetcher.js:93:21)","timestamp":"2025-10-16T22:18:27.412Z"}
{"level":"error","message":"500 - Failed to fetch runtime-core@3.5.22 after 3 attempts. - /npm/@vue/runtime-core/-/runtime-core-3.5.22.tgz - GET - 192.168.137.112","timestamp":"2025-10-16T22:18:27.413Z"}
{"level":"error","message":"Error: Failed to fetch runtime-core@3.5.22 after 3 attempts.\n    at fetchAndCachePackage (C:\\Users\\priya\\OneDrive\\Desktop\\CodeCache-Pro\\backend\\src\\fetchers\\npmFetcher.js:172:23)\n    at process.processTicksAndRejections (node:internal/process/task_queues:105:5)\n    at async handleNpmRequest (C:\\Users\\priya\\OneDrive\\Desktop\\CodeCache-Pro\\backend\\src\\fetchers\\npmFetcher.js:93:21)","timestamp":"2025-10-16T22:18:27.413Z"}
{"level":"error","message":"Attempt 3 failed for server-renderer@3.5.22: Could not find shasum for server-renderer@3.5.22 in metadata.","timestamp":"2025-10-16T22:18:27.430Z"}
{"level":"error","message":"[FAIL] Failed to fetch and cache server-renderer@3.5.22: Failed to fetch server-renderer@3.5.22 after 3 attempts.","stack":"Error: Failed to fetch server-renderer@3.5.22 after 3 attempts.\n    at fetchAndCachePackage (C:\\Users\\priya\\OneDrive\\Desktop\\CodeCache-Pro\\backend\\src\\fetchers\\npmFetcher.js:172:23)\n    at process.processTicksAndRejections (node:internal/process/task_queues:105:5)\n    at async handleNpmRequest (C:\\Users\\priya\\OneDrive\\Desktop\\CodeCache-Pro\\backend\\src\\fetchers\\npmFetcher.js:93:21)","timestamp":"2025-10-16T22:18:27.431Z"}
{"level":"error","message":"500 - Failed to fetch server-renderer@3.5.22 after 3 attempts. - /npm/@vue/server-renderer/-/server-renderer-3.5.22.tgz - GET - 192.168.137.112","timestamp":"2025-10-16T22:18:27.431Z"}
{"level":"error","message":"Error: Failed to fetch server-renderer@3.5.22 after 3 attempts.\n    at fetchAndCachePackage (C:\\Users\\priya\\OneDrive\\Desktop\\CodeCache-Pro\\backend\\src\\fetchers\\npmFetcher.js:172:23)\n    at process.processTicksAndRejections (node:internal/process/task_queues:105:5)\n    at async handleNpmRequest (C:\\Users\\priya\\OneDrive\\Desktop\\CodeCache-Pro\\backend\\src\\fetchers\\npmFetcher.js:93:21)","timestamp":"2025-10-16T22:18:27.431Z"}
{"level":"error","message":"Attempt 1 failed for runtime-dom@3.5.22: Cannot read properties of undefined (reading '3.5.22')","timestamp":"2025-10-16T22:18:27.457Z"}
{"level":"error","message":"Attempt 2 failed for runtime-dom@3.5.22: Cannot read properties of undefined (reading '3.5.22')","timestamp":"2025-10-16T22:18:27.485Z"}
{"level":"error","message":"Attempt 3 failed for runtime-dom@3.5.22: Cannot read properties of undefined (reading '3.5.22')","timestamp":"2025-10-16T22:18:27.516Z"}
{"level":"error","message":"[FAIL] Failed to fetch and cache runtime-dom@3.5.22: Failed to fetch runtime-dom@3.5.22 after 3 attempts.","stack":"Error: Failed to fetch runtime-dom@3.5.22 after 3 attempts.\n    at fetchAndCachePackage (C:\\Users\\priya\\OneDrive\\Desktop\\CodeCache-Pro\\backend\\src\\fetchers\\npmFetcher.js:172:23)\n    at process.processTicksAndRejections (node:internal/process/task_queues:105:5)\n    at async handleNpmRequest (C:\\Users\\priya\\OneDrive\\Desktop\\CodeCache-Pro\\backend\\src\\fetchers\\npmFetcher.js:93:21)","timestamp":"2025-10-16T22:18:27.517Z"}
{"level":"error","message":"500 - Failed to fetch runtime-dom@3.5.22 after 3 attempts. - /npm/@vue/runtime-dom/-/runtime-dom-3.5.22.tgz - GET - 192.168.137.112","timestamp":"2025-10-16T22:18:27.517Z"}
{"level":"error","message":"Error: Failed to fetch runtime-dom@3.5.22 after 3 attempts.\n    at fetchAndCachePackage (C:\\Users\\priya\\OneDrive\\Desktop\\CodeCache-Pro\\backend\\src\\fetchers\\npmFetcher.js:172:23)\n    at process.processTicksAndRejections (node:internal/process/task_queues:105:5)\n    at async handleNpmRequest (C:\\Users\\priya\\OneDrive\\Desktop\\CodeCache-Pro\\backend\\src\\fetchers\\npmFetcher.js:93:21)","timestamp":"2025-10-16T22:18:27.517Z"}
{"level":"info","message":"[MISS] shared@3.5.22. Fetching from upstream.","timestamp":"2025-10-16T22:19:25.641Z"}
{"level":"error","message":"Attempt 1 failed for shared@3.5.22: Could not find shasum for shared@3.5.22 in metadata.","timestamp":"2025-10-16T22:19:25.936Z"}
{"level":"error","message":"Attempt 2 failed for shared@3.5.22: Could not find shasum for shared@3.5.22 in metadata.","timestamp":"2025-10-16T22:19:26.192Z"}
{"level":"error","message":"Attempt 3 failed for shared@3.5.22: Could not find shasum for shared@3.5.22 in metadata.","timestamp":"2025-10-16T22:19:26.310Z"}
{"level":"error","message":"[FAIL] Failed to fetch and cache shared@3.5.22: Failed to fetch shared@3.5.22 after 3 attempts.","stack":"Error: Failed to fetch shared@3.5.22 after 3 attempts.\n    at fetchAndCachePackage (C:\\Users\\priya\\OneDrive\\Desktop\\CodeCache-Pro\\backend\\src\\fetchers\\npmFetcher.js:172:23)\n    at process.processTicksAndRejections (node:internal/process/task_queues:105:5)\n    at async handleNpmRequest (C:\\Users\\priya\\OneDrive\\Desktop\\CodeCache-Pro\\backend\\src\\fetchers\\npmFetcher.js:93:21)","timestamp":"2025-10-16T22:19:26.311Z"}
{"level":"error","message":"500 - Failed to fetch shared@3.5.22 after 3 attempts. - /npm/@vue/shared/-/shared-3.5.22.tgz - GET - 192.168.137.112","timestamp":"2025-10-16T22:19:26.311Z"}
{"level":"error","message":"Error: Failed to fetch shared@3.5.22 after 3 attempts.\n    at fetchAndCachePackage (C:\\Users\\priya\\OneDrive\\Desktop\\CodeCache-Pro\\backend\\src\\fetchers\\npmFetcher.js:172:23)\n    at process.processTicksAndRejections (node:internal/process/task_queues:105:5)\n    at async handleNpmRequest (C:\\Users\\priya\\OneDrive\\Desktop\\CodeCache-Pro\\backend\\src\\fetchers\\npmFetcher.js:93:21)","timestamp":"2025-10-16T22:19:26.312Z"}
{"level":"info","message":"[MISS] compiler-core@3.5.22. Fetching from upstream.","timestamp":"2025-10-16T22:19:26.406Z"}
{"level":"info","message":"[MISS] compiler-ssr@3.5.22. Fetching from upstream.","timestamp":"2025-10-16T22:19:26.427Z"}
{"level":"info","message":"[MISS] reactivity@3.5.22. Fetching from upstream.","timestamp":"2025-10-16T22:19:26.431Z"}
{"level":"error","message":"Attempt 1 failed for compiler-core@3.5.22: Cannot read properties of undefined (reading '3.5.22')","timestamp":"2025-10-16T22:19:26.540Z"}
{"level":"info","message":"[MISS] compiler-dom@3.5.22. Fetching from upstream.","timestamp":"2025-10-16T22:19:26.541Z"}
{"level":"error","message":"Attempt 2 failed for compiler-core@3.5.22: Cannot read properties of undefined (reading '3.5.22')","timestamp":"2025-10-16T22:19:26.731Z"}
{"level":"error","message":"Attempt 1 failed for reactivity@3.5.22: Could not find shasum for reactivity@3.5.22 in metadata.","timestamp":"2025-10-16T22:19:26.816Z"}
{"level":"error","message":"Attempt 3 failed for compiler-core@3.5.22: Cannot read properties of undefined (reading '3.5.22')","timestamp":"2025-10-16T22:19:26.819Z"}
{"level":"error","message":"[FAIL] Failed to fetch and cache compiler-core@3.5.22: Failed to fetch compiler-core@3.5.22 after 3 attempts.","stack":"Error: Failed to fetch compiler-core@3.5.22 after 3 attempts.\n    at fetchAndCachePackage (C:\\Users\\priya\\OneDrive\\Desktop\\CodeCache-Pro\\backend\\src\\fetchers\\npmFetcher.js:172:23)\n    at process.processTicksAndRejections (node:internal/process/task_queues:105:5)\n    at async handleNpmRequest (C:\\Users\\priya\\OneDrive\\Desktop\\CodeCache-Pro\\backend\\src\\fetchers\\npmFetcher.js:93:21)","timestamp":"2025-10-16T22:19:26.819Z"}
{"level":"error","message":"500 - Failed to fetch compiler-core@3.5.22 after 3 attempts. - /npm/@vue/compiler-core/-/compiler-core-3.5.22.tgz - GET - 192.168.137.112","timestamp":"2025-10-16T22:19:26.820Z"}
{"level":"error","message":"Error: Failed to fetch compiler-core@3.5.22 after 3 attempts.\n    at fetchAndCachePackage (C:\\Users\\priya\\OneDrive\\Desktop\\CodeCache-Pro\\backend\\src\\fetchers\\npmFetcher.js:172:23)\n    at process.processTicksAndRejections (node:internal/process/task_queues:105:5)\n    at async handleNpmRequest (C:\\Users\\priya\\OneDrive\\Desktop\\CodeCache-Pro\\backend\\src\\fetchers\\npmFetcher.js:93:21)","timestamp":"2025-10-16T22:19:26.820Z"}
{"level":"error","message":"Attempt 2 failed for reactivity@3.5.22: Could not find shasum for reactivity@3.5.22 in metadata.","timestamp":"2025-10-16T22:19:27.148Z"}
{"level":"error","message":"Attempt 1 failed for compiler-dom@3.5.22: Cannot read properties of undefined (reading '3.5.22')","timestamp":"2025-10-16T22:19:27.150Z"}
{"level":"error","message":"Attempt 1 failed for compiler-ssr@3.5.22: Cannot read properties of undefined (reading '3.5.22')","timestamp":"2025-10-16T22:19:27.153Z"}
{"level":"info","message":"[MISS] compiler-sfc@3.5.22. Fetching from upstream.","timestamp":"2025-10-16T22:19:27.155Z"}
{"level":"error","message":"Attempt 1 failed for compiler-sfc@3.5.22: Cannot read properties of undefined (reading '3.5.22')","timestamp":"2025-10-16T22:19:28.372Z"}
{"level":"error","message":"Attempt 2 failed for compiler-dom@3.5.22: Cannot read properties of undefined (reading '3.5.22')","timestamp":"2025-10-16T22:19:28.375Z"}
{"level":"error","message":"Attempt 2 failed for compiler-ssr@3.5.22: Cannot read properties of undefined (reading '3.5.22')","timestamp":"2025-10-16T22:19:28.376Z"}
{"level":"error","message":"Attempt 3 failed for reactivity@3.5.22: Could not find shasum for reactivity@3.5.22 in metadata.","timestamp":"2025-10-16T22:19:28.412Z"}
{"level":"error","message":"[FAIL] Failed to fetch and cache reactivity@3.5.22: Failed to fetch reactivity@3.5.22 after 3 attempts.","stack":"Error: Failed to fetch reactivity@3.5.22 after 3 attempts.\n    at fetchAndCachePackage (C:\\Users\\priya\\OneDrive\\Desktop\\CodeCache-Pro\\backend\\src\\fetchers\\npmFetcher.js:172:23)\n    at process.processTicksAndRejections (node:internal/process/task_queues:105:5)\n    at async handleNpmRequest (C:\\Users\\priya\\OneDrive\\Desktop\\CodeCache-Pro\\backend\\src\\fetchers\\npmFetcher.js:93:21)","timestamp":"2025-10-16T22:19:28.413Z"}
{"level":"error","message":"500 - Failed to fetch reactivity@3.5.22 after 3 attempts. - /npm/@vue/reactivity/-/reactivity-3.5.22.tgz - GET - 192.168.137.112","timestamp":"2025-10-16T22:19:28.413Z"}
{"level":"error","message":"Error: Failed to fetch reactivity@3.5.22 after 3 attempts.\n    at fetchAndCachePackage (C:\\Users\\priya\\OneDrive\\Desktop\\CodeCache-Pro\\backend\\src\\fetchers\\npmFetcher.js:172:23)\n    at process.processTicksAndRejections (node:internal/process/task_queues:105:5)\n    at async handleNpmRequest (C:\\Users\\priya\\OneDrive\\Desktop\\CodeCache-Pro\\backend\\src\\fetchers\\npmFetcher.js:93:21)","timestamp":"2025-10-16T22:19:28.414Z"}
{"level":"info","message":"[MISS] runtime-core@3.5.22. Fetching from upstream.","timestamp":"2025-10-16T22:19:28.417Z"}
{"level":"info","message":"[MISS] runtime-dom@3.5.22. Fetching from upstream.","timestamp":"2025-10-16T22:19:28.418Z"}
{"level":"info","message":"[MISS] server-renderer@3.5.22. Fetching from upstream.","timestamp":"2025-10-16T22:19:28.421Z"}
{"level":"error","message":"Attempt 1 failed for runtime-core@3.5.22: Cannot read properties of undefined (reading '3.5.22')","timestamp":"2025-10-16T22:19:28.570Z"}
{"level":"error","message":"Attempt 3 failed for compiler-ssr@3.5.22: Cannot read properties of undefined (reading '3.5.22')","timestamp":"2025-10-16T22:19:28.572Z"}
{"level":"error","message":"[FAIL] Failed to fetch and cache compiler-ssr@3.5.22: Failed to fetch compiler-ssr@3.5.22 after 3 attempts.","stack":"Error: Failed to fetch compiler-ssr@3.5.22 after 3 attempts.\n    at fetchAndCachePackage (C:\\Users\\priya\\OneDrive\\Desktop\\CodeCache-Pro\\backend\\src\\fetchers\\npmFetcher.js:172:23)\n    at process.processTicksAndRejections (node:internal/process/task_queues:105:5)\n    at async handleNpmRequest (C:\\Users\\priya\\OneDrive\\Desktop\\CodeCache-Pro\\backend\\src\\fetchers\\npmFetcher.js:93:21)","timestamp":"2025-10-16T22:19:28.572Z"}
{"level":"error","message":"500 - Failed to fetch compiler-ssr@3.5.22 after 3 attempts. - /npm/@vue/compiler-ssr/-/compiler-ssr-3.5.22.tgz - GET - 192.168.137.112","timestamp":"2025-10-16T22:19:28.573Z"}
{"level":"error","message":"Error: Failed to fetch compiler-ssr@3.5.22 after 3 attempts.\n    at fetchAndCachePackage (C:\\Users\\priya\\OneDrive\\Desktop\\CodeCache-Pro\\backend\\src\\fetchers\\npmFetcher.js:172:23)\n    at process.processTicksAndRejections (node:internal/process/task_queues:105:5)\n    at async handleNpmRequest (C:\\Users\\priya\\OneDrive\\Desktop\\CodeCache-Pro\\backend\\src\\fetchers\\npmFetcher.js:93:21)","timestamp":"2025-10-16T22:19:28.573Z"}
{"level":"error","message":"Attempt 2 failed for compiler-sfc@3.5.22: Cannot read properties of undefined (reading '3.5.22')","timestamp":"2025-10-16T22:19:28.574Z"}
{"level":"error","message":"Attempt 3 failed for compiler-dom@3.5.22: Cannot read properties of undefined (reading '3.5.22')","timestamp":"2025-10-16T22:19:28.575Z"}
{"level":"error","message":"[FAIL] Failed to fetch and cache compiler-dom@3.5.22: Failed to fetch compiler-dom@3.5.22 after 3 attempts.","stack":"Error: Failed to fetch compiler-dom@3.5.22 after 3 attempts.\n    at fetchAndCachePackage (C:\\Users\\priya\\OneDrive\\Desktop\\CodeCache-Pro\\backend\\src\\fetchers\\npmFetcher.js:172:23)\n    at process.processTicksAndRejections (node:internal/process/task_queues:105:5)\n    at async handleNpmRequest (C:\\Users\\priya\\OneDrive\\Desktop\\CodeCache-Pro\\backend\\src\\fetchers\\npmFetcher.js:93:21)","timestamp":"2025-10-16T22:19:28.575Z"}
{"level":"error","message":"500 - Failed to fetch compiler-dom@3.5.22 after 3 attempts. - /npm/@vue/compiler-dom/-/compiler-dom-3.5.22.tgz - GET - 192.168.137.112","timestamp":"2025-10-16T22:19:28.575Z"}
{"level":"error","message":"Error: Failed to fetch compiler-dom@3.5.22 after 3 attempts.\n    at fetchAndCachePackage (C:\\Users\\priya\\OneDrive\\Desktop\\CodeCache-Pro\\backend\\src\\fetchers\\npmFetcher.js:172:23)\n    at process.processTicksAndRejections (node:internal/process/task_queues:105:5)\n    at async handleNpmRequest (C:\\Users\\priya\\OneDrive\\Desktop\\CodeCache-Pro\\backend\\src\\fetchers\\npmFetcher.js:93:21)","timestamp":"2025-10-16T22:19:28.576Z"}
{"level":"error","message":"Attempt 3 failed for compiler-sfc@3.5.22: Cannot read properties of undefined (reading '3.5.22')","timestamp":"2025-10-16T22:19:28.609Z"}
{"level":"error","message":"[FAIL] Failed to fetch and cache compiler-sfc@3.5.22: Failed to fetch compiler-sfc@3.5.22 after 3 attempts.","stack":"Error: Failed to fetch compiler-sfc@3.5.22 after 3 attempts.\n    at fetchAndCachePackage (C:\\Users\\priya\\OneDrive\\Desktop\\CodeCache-Pro\\backend\\src\\fetchers\\npmFetcher.js:172:23)\n    at process.processTicksAndRejections (node:internal/process/task_queues:105:5)\n    at async handleNpmRequest (C:\\Users\\priya\\OneDrive\\Desktop\\CodeCache-Pro\\backend\\src\\fetchers\\npmFetcher.js:93:21)","timestamp":"2025-10-16T22:19:28.609Z"}
{"level":"error","message":"500 - Failed to fetch compiler-sfc@3.5.22 after 3 attempts. - /npm/@vue/compiler-sfc/-/compiler-sfc-3.5.22.tgz - GET - 192.168.137.112","timestamp":"2025-10-16T22:19:28.610Z"}
{"level":"error","message":"Error: Failed to fetch compiler-sfc@3.5.22 after 3 attempts.\n    at fetchAndCachePackage (C:\\Users\\priya\\OneDrive\\Desktop\\CodeCache-Pro\\backend\\src\\fetchers\\npmFetcher.js:172:23)\n    at process.processTicksAndRejections (node:internal/process/task_queues:105:5)\n    at async handleNpmRequest (C:\\Users\\priya\\OneDrive\\Desktop\\CodeCache-Pro\\backend\\src\\fetchers\\npmFetcher.js:93:21)","timestamp":"2025-10-16T22:19:28.610Z"}
{"level":"error","message":"Attempt 2 failed for runtime-core@3.5.22: Cannot read properties of undefined (reading '3.5.22')","timestamp":"2025-10-16T22:19:28.611Z"}
{"level":"error","message":"Attempt 3 failed for runtime-core@3.5.22: Cannot read properties of undefined (reading '3.5.22')","timestamp":"2025-10-16T22:19:28.670Z"}
{"level":"error","message":"[FAIL] Failed to fetch and cache runtime-core@3.5.22: Failed to fetch runtime-core@3.5.22 after 3 attempts.","stack":"Error: Failed to fetch runtime-core@3.5.22 after 3 attempts.\n    at fetchAndCachePackage (C:\\Users\\priya\\OneDrive\\Desktop\\CodeCache-Pro\\backend\\src\\fetchers\\npmFetcher.js:172:23)\n    at process.processTicksAndRejections (node:internal/process/task_queues:105:5)\n    at async handleNpmRequest (C:\\Users\\priya\\OneDrive\\Desktop\\CodeCache-Pro\\backend\\src\\fetchers\\npmFetcher.js:93:21)","timestamp":"2025-10-16T22:19:28.671Z"}
{"level":"error","message":"500 - Failed to fetch runtime-core@3.5.22 after 3 attempts. - /npm/@vue/runtime-core/-/runtime-core-3.5.22.tgz - GET - 192.168.137.112","timestamp":"2025-10-16T22:19:28.672Z"}
{"level":"error","message":"Error: Failed to fetch runtime-core@3.5.22 after 3 attempts.\n    at fetchAndCachePackage (C:\\Users\\priya\\OneDrive\\Desktop\\CodeCache-Pro\\backend\\src\\fetchers\\npmFetcher.js:172:23)\n    at process.processTicksAndRejections (node:internal/process/task_queues:105:5)\n    at async handleNpmRequest (C:\\Users\\priya\\OneDrive\\Desktop\\CodeCache-Pro\\backend\\src\\fetchers\\npmFetcher.js:93:21)","timestamp":"2025-10-16T22:19:28.672Z"}
{"level":"error","message":"Attempt 1 failed for runtime-dom@3.5.22: Cannot read properties of undefined (reading '3.5.22')","timestamp":"2025-10-16T22:19:28.674Z"}
{"level":"error","message":"Attempt 2 failed for runtime-dom@3.5.22: Cannot read properties of undefined (reading '3.5.22')","timestamp":"2025-10-16T22:19:28.714Z"}
{"level":"error","message":"Attempt 3 failed for runtime-dom@3.5.22: Cannot read properties of undefined (reading '3.5.22')","timestamp":"2025-10-16T22:19:28.784Z"}
{"level":"error","message":"[FAIL] Failed to fetch and cache runtime-dom@3.5.22: Failed to fetch runtime-dom@3.5.22 after 3 attempts.","stack":"Error: Failed to fetch runtime-dom@3.5.22 after 3 attempts.\n    at fetchAndCachePackage (C:\\Users\\priya\\OneDrive\\Desktop\\CodeCache-Pro\\backend\\src\\fetchers\\npmFetcher.js:172:23)\n    at process.processTicksAndRejections (node:internal/process/task_queues:105:5)\n    at async handleNpmRequest (C:\\Users\\priya\\OneDrive\\Desktop\\CodeCache-Pro\\backend\\src\\fetchers\\npmFetcher.js:93:21)","timestamp":"2025-10-16T22:19:28.785Z"}
{"level":"error","message":"500 - Failed to fetch runtime-dom@3.5.22 after 3 attempts. - /npm/@vue/runtime-dom/-/runtime-dom-3.5.22.tgz - GET - 192.168.137.112","timestamp":"2025-10-16T22:19:28.786Z"}
{"level":"error","message":"Error: Failed to fetch runtime-dom@3.5.22 after 3 attempts.\n    at fetchAndCachePackage (C:\\Users\\priya\\OneDrive\\Desktop\\CodeCache-Pro\\backend\\src\\fetchers\\npmFetcher.js:172:23)\n    at process.processTicksAndRejections (node:internal/process/task_queues:105:5)\n    at async handleNpmRequest (C:\\Users\\priya\\OneDrive\\Desktop\\CodeCache-Pro\\backend\\src\\fetchers\\npmFetcher.js:93:21)","timestamp":"2025-10-16T22:19:28.786Z"}
{"level":"error","message":"Attempt 1 failed for server-renderer@3.5.22: Could not find shasum for server-renderer@3.5.22 in metadata.","timestamp":"2025-10-16T22:19:30.044Z"}
{"level":"error","message":"Attempt 2 failed for server-renderer@3.5.22: Could not find shasum for server-renderer@3.5.22 in metadata.","timestamp":"2025-10-16T22:19:34.750Z"}
{"level":"error","message":"Attempt 3 failed for server-renderer@3.5.22: Could not find shasum for server-renderer@3.5.22 in metadata.","timestamp":"2025-10-16T22:19:38.851Z"}
{"level":"error","message":"[FAIL] Failed to fetch and cache server-renderer@3.5.22: Failed to fetch server-renderer@3.5.22 after 3 attempts.","stack":"Error: Failed to fetch server-renderer@3.5.22 after 3 attempts.\n    at fetchAndCachePackage (C:\\Users\\priya\\OneDrive\\Desktop\\CodeCache-Pro\\backend\\src\\fetchers\\npmFetcher.js:172:23)\n    at process.processTicksAndRejections (node:internal/process/task_queues:105:5)\n    at async handleNpmRequest (C:\\Users\\priya\\OneDrive\\Desktop\\CodeCache-Pro\\backend\\src\\fetchers\\npmFetcher.js:93:21)","timestamp":"2025-10-16T22:19:38.852Z"}
{"level":"error","message":"500 - Failed to fetch server-renderer@3.5.22 after 3 attempts. - /npm/@vue/server-renderer/-/server-renderer-3.5.22.tgz - GET - 192.168.137.112","timestamp":"2025-10-16T22:19:38.853Z"}
{"level":"error","message":"Error: Failed to fetch server-renderer@3.5.22 after 3 attempts.\n    at fetchAndCachePackage (C:\\Users\\priya\\OneDrive\\Desktop\\CodeCache-Pro\\backend\\src\\fetchers\\npmFetcher.js:172:23)\n    at process.processTicksAndRejections (node:internal/process/task_queues:105:5)\n    at async handleNpmRequest (C:\\Users\\priya\\OneDrive\\Desktop\\CodeCache-Pro\\backend\\src\\fetchers\\npmFetcher.js:93:21)","timestamp":"2025-10-16T22:19:38.854Z"}
{"level":"info","message":"Connected to SQLite database.","timestamp":"2025-10-16T22:20:59.863Z"}
{"level":"info","message":"Database initialized successfully.","timestamp":"2025-10-16T22:20:59.871Z"}
{"level":"info","message":"Cache pruning service started.","timestamp":"2025-10-16T22:20:59.875Z"}
{"level":"info","message":"🚀 CodeCache Pro server running on http://0.0.0.0:5050","timestamp":"2025-10-16T22:20:59.887Z"}
{"level":"info","message":"🌐 Access from other devices: http://192.168.137.47:5050","timestamp":"2025-10-16T22:20:59.888Z"}
{"level":"info","message":"📋 Configure npm clients with: npm config set registry http://192.168.137.47:5050/npm","timestamp":"2025-10-16T22:20:59.888Z"}
{"level":"warn","message":"Blocked unsupported method POST for /npm/-/npm/v1/security/advisories/bulk","timestamp":"2025-10-16T22:21:36.478Z"}
{"level":"info","message":"[MISS] runtime-core@3.5.22. Fetching from upstream.","timestamp":"2025-10-16T22:21:36.565Z"}
{"level":"info","message":"[MISS] server-renderer@3.5.22. Fetching from upstream.","timestamp":"2025-10-16T22:21:36.589Z"}
{"level":"info","message":"[MISS] shared@3.5.22. Fetching from upstream.","timestamp":"2025-10-16T22:21:36.591Z"}
{"level":"info","message":"[MISS] compiler-ssr@3.5.22. Fetching from upstream.","timestamp":"2025-10-16T22:21:36.593Z"}
{"level":"info","message":"[MISS] compiler-core@3.5.22. Fetching from upstream.","timestamp":"2025-10-16T22:21:36.594Z"}
{"level":"info","message":"[MISS] reactivity@3.5.22. Fetching from upstream.","timestamp":"2025-10-16T22:21:36.596Z"}
{"level":"warn","message":"Blocked unsupported method POST for /npm/-/npm/v1/security/audits/quick","timestamp":"2025-10-16T22:21:36.602Z"}
{"level":"info","message":"[MISS] compiler-dom@3.5.22. Fetching from upstream.","timestamp":"2025-10-16T22:21:36.621Z"}
{"level":"info","message":"[MISS] compiler-sfc@3.5.22. Fetching from upstream.","timestamp":"2025-10-16T22:21:36.623Z"}
{"level":"info","message":"[MISS] runtime-dom@3.5.22. Fetching from upstream.","timestamp":"2025-10-16T22:21:36.624Z"}
{"level":"error","message":"Attempt 1 failed for runtime-core@3.5.22: Cannot read properties of undefined (reading '3.5.22')","timestamp":"2025-10-16T22:21:36.793Z"}
{"level":"error","message":"Attempt 1 failed for compiler-ssr@3.5.22: Cannot read properties of undefined (reading '3.5.22')","timestamp":"2025-10-16T22:21:36.823Z"}
{"level":"error","message":"Attempt 1 failed for compiler-sfc@3.5.22: Cannot read properties of undefined (reading '3.5.22')","timestamp":"2025-10-16T22:21:36.832Z"}
{"level":"error","message":"Attempt 2 failed for runtime-core@3.5.22: Cannot read properties of undefined (reading '3.5.22')","timestamp":"2025-10-16T22:21:36.833Z"}
{"level":"error","message":"Attempt 1 failed for reactivity@3.5.22: Could not find shasum for reactivity@3.5.22 in metadata.","timestamp":"2025-10-16T22:21:36.859Z"}
{"level":"error","message":"Attempt 2 failed for compiler-ssr@3.5.22: Cannot read properties of undefined (reading '3.5.22')","timestamp":"2025-10-16T22:21:36.870Z"}
{"level":"error","message":"Attempt 3 failed for runtime-core@3.5.22: Cannot read properties of undefined (reading '3.5.22')","timestamp":"2025-10-16T22:21:36.871Z"}
{"level":"error","message":"[FAIL] Failed to fetch and cache runtime-core@3.5.22: Failed to fetch runtime-core@3.5.22 after 3 attempts.","stack":"Error: Failed to fetch runtime-core@3.5.22 after 3 attempts.\n    at fetchAndCachePackage (C:\\Users\\priya\\OneDrive\\Desktop\\CodeCache-Pro\\backend\\src\\fetchers\\npmFetcher.js:172:23)\n    at process.processTicksAndRejections (node:internal/process/task_queues:105:5)\n    at async handleNpmRequest (C:\\Users\\priya\\OneDrive\\Desktop\\CodeCache-Pro\\backend\\src\\fetchers\\npmFetcher.js:93:21)","timestamp":"2025-10-16T22:21:36.872Z"}
{"level":"error","message":"500 - Failed to fetch runtime-core@3.5.22 after 3 attempts. - /npm/@vue/runtime-core/-/runtime-core-3.5.22.tgz - GET - 192.168.137.112","timestamp":"2025-10-16T22:21:36.872Z"}
{"level":"error","message":"Error: Failed to fetch runtime-core@3.5.22 after 3 attempts.\n    at fetchAndCachePackage (C:\\Users\\priya\\OneDrive\\Desktop\\CodeCache-Pro\\backend\\src\\fetchers\\npmFetcher.js:172:23)\n    at process.processTicksAndRejections (node:internal/process/task_queues:105:5)\n    at async handleNpmRequest (C:\\Users\\priya\\OneDrive\\Desktop\\CodeCache-Pro\\backend\\src\\fetchers\\npmFetcher.js:93:21)","timestamp":"2025-10-16T22:21:36.872Z"}
{"level":"error","message":"Attempt 2 failed for compiler-sfc@3.5.22: Cannot read properties of undefined (reading '3.5.22')","timestamp":"2025-10-16T22:21:36.874Z"}
{"level":"error","message":"Attempt 3 failed for compiler-ssr@3.5.22: Cannot read properties of undefined (reading '3.5.22')","timestamp":"2025-10-16T22:21:36.930Z"}
{"level":"error","message":"[FAIL] Failed to fetch and cache compiler-ssr@3.5.22: Failed to fetch compiler-ssr@3.5.22 after 3 attempts.","stack":"Error: Failed to fetch compiler-ssr@3.5.22 after 3 attempts.\n    at fetchAndCachePackage (C:\\Users\\priya\\OneDrive\\Desktop\\CodeCache-Pro\\backend\\src\\fetchers\\npmFetcher.js:172:23)\n    at process.processTicksAndRejections (node:internal/process/task_queues:105:5)\n    at async handleNpmRequest (C:\\Users\\priya\\OneDrive\\Desktop\\CodeCache-Pro\\backend\\src\\fetchers\\npmFetcher.js:93:21)","timestamp":"2025-10-16T22:21:36.930Z"}
{"level":"error","message":"500 - Failed to fetch compiler-ssr@3.5.22 after 3 attempts. - /npm/@vue/compiler-ssr/-/compiler-ssr-3.5.22.tgz - GET - 192.168.137.112","timestamp":"2025-10-16T22:21:36.930Z"}
{"level":"error","message":"Error: Failed to fetch compiler-ssr@3.5.22 after 3 attempts.\n    at fetchAndCachePackage (C:\\Users\\priya\\OneDrive\\Desktop\\CodeCache-Pro\\backend\\src\\fetchers\\npmFetcher.js:172:23)\n    at process.processTicksAndRejections (node:internal/process/task_queues:105:5)\n    at async handleNpmRequest (C:\\Users\\priya\\OneDrive\\Desktop\\CodeCache-Pro\\backend\\src\\fetchers\\npmFetcher.js:93:21)","timestamp":"2025-10-16T22:21:36.931Z"}
{"level":"error","message":"Attempt 3 failed for compiler-sfc@3.5.22: Cannot read properties of undefined (reading '3.5.22')","timestamp":"2025-10-16T22:21:36.931Z"}
{"level":"error","message":"[FAIL] Failed to fetch and cache compiler-sfc@3.5.22: Failed to fetch compiler-sfc@3.5.22 after 3 attempts.","stack":"Error: Failed to fetch compiler-sfc@3.5.22 after 3 attempts.\n    at fetchAndCachePackage (C:\\Users\\priya\\OneDrive\\Desktop\\CodeCache-Pro\\backend\\src\\fetchers\\npmFetcher.js:172:23)\n    at process.processTicksAndRejections (node:internal/process/task_queues:105:5)\n    at async handleNpmRequest (C:\\Users\\priya\\OneDrive\\Desktop\\CodeCache-Pro\\backend\\src\\fetchers\\npmFetcher.js:93:21)","timestamp":"2025-10-16T22:21:36.932Z"}
{"level":"error","message":"500 - Failed to fetch compiler-sfc@3.5.22 after 3 attempts. - /npm/@vue/compiler-sfc/-/compiler-sfc-3.5.22.tgz - GET - 192.168.137.112","timestamp":"2025-10-16T22:21:36.932Z"}
{"level":"error","message":"Error: Failed to fetch compiler-sfc@3.5.22 after 3 attempts.\n    at fetchAndCachePackage (C:\\Users\\priya\\OneDrive\\Desktop\\CodeCache-Pro\\backend\\src\\fetchers\\npmFetcher.js:172:23)\n    at process.processTicksAndRejections (node:internal/process/task_queues:105:5)\n    at async handleNpmRequest (C:\\Users\\priya\\OneDrive\\Desktop\\CodeCache-Pro\\backend\\src\\fetchers\\npmFetcher.js:93:21)","timestamp":"2025-10-16T22:21:36.932Z"}
{"level":"error","message":"Attempt 2 failed for reactivity@3.5.22: Could not find shasum for reactivity@3.5.22 in metadata.","timestamp":"2025-10-16T22:21:36.932Z"}
{"level":"error","message":"Attempt 3 failed for reactivity@3.5.22: Could not find shasum for reactivity@3.5.22 in metadata.","timestamp":"2025-10-16T22:21:37.161Z"}
{"level":"error","message":"[FAIL] Failed to fetch and cache reactivity@3.5.22: Failed to fetch reactivity@3.5.22 after 3 attempts.","stack":"Error: Failed to fetch reactivity@3.5.22 after 3 attempts.\n    at fetchAndCachePackage (C:\\Users\\priya\\OneDrive\\Desktop\\CodeCache-Pro\\backend\\src\\fetchers\\npmFetcher.js:172:23)\n    at process.processTicksAndRejections (node:internal/process/task_queues:105:5)\n    at async handleNpmRequest (C:\\Users\\priya\\OneDrive\\Desktop\\CodeCache-Pro\\backend\\src\\fetchers\\npmFetcher.js:93:21)","timestamp":"2025-10-16T22:21:37.162Z"}
{"level":"error","message":"500 - Failed to fetch reactivity@3.5.22 after 3 attempts. - /npm/@vue/reactivity/-/reactivity-3.5.22.tgz - GET - 192.168.137.112","timestamp":"2025-10-16T22:21:37.162Z"}
{"level":"error","message":"Error: Failed to fetch reactivity@3.5.22 after 3 attempts.\n    at fetchAndCachePackage (C:\\Users\\priya\\OneDrive\\Desktop\\CodeCache-Pro\\backend\\src\\fetchers\\npmFetcher.js:172:23)\n    at process.processTicksAndRejections (node:internal/process/task_queues:105:5)\n    at async handleNpmRequest (C:\\Users\\priya\\OneDrive\\Desktop\\CodeCache-Pro\\backend\\src\\fetchers\\npmFetcher.js:93:21)","timestamp":"2025-10-16T22:21:37.162Z"}
{"level":"error","message":"Attempt 1 failed for server-renderer@3.5.22: Could not find shasum for server-renderer@3.5.22 in metadata.","timestamp":"2025-10-16T22:21:37.256Z"}
{"level":"error","message":"Attempt 1 failed for shared@3.5.22: Could not find shasum for shared@3.5.22 in metadata.","timestamp":"2025-10-16T22:21:37.283Z"}
{"level":"error","message":"Attempt 1 failed for runtime-dom@3.5.22: Cannot read properties of undefined (reading '3.5.22')","timestamp":"2025-10-16T22:21:37.438Z"}
{"level":"error","message":"Attempt 2 failed for shared@3.5.22: Could not find shasum for shared@3.5.22 in metadata.","timestamp":"2025-10-16T22:21:37.441Z"}
{"level":"error","message":"Attempt 2 failed for runtime-dom@3.5.22: Cannot read properties of undefined (reading '3.5.22')","timestamp":"2025-10-16T22:21:37.471Z"}
{"level":"error","message":"Attempt 2 failed for server-renderer@3.5.22: Could not find shasum for server-renderer@3.5.22 in metadata.","timestamp":"2025-10-16T22:21:37.474Z"}
{"level":"error","message":"Attempt 1 failed for compiler-core@3.5.22: Cannot read properties of undefined (reading '3.5.22')","timestamp":"2025-10-16T22:21:37.477Z"}
{"level":"error","message":"Attempt 3 failed for shared@3.5.22: Could not find shasum for shared@3.5.22 in metadata.","timestamp":"2025-10-16T22:21:37.478Z"}
{"level":"error","message":"[FAIL] Failed to fetch and cache shared@3.5.22: Failed to fetch shared@3.5.22 after 3 attempts.","stack":"Error: Failed to fetch shared@3.5.22 after 3 attempts.\n    at fetchAndCachePackage (C:\\Users\\priya\\OneDrive\\Desktop\\CodeCache-Pro\\backend\\src\\fetchers\\npmFetcher.js:172:23)\n    at process.processTicksAndRejections (node:internal/process/task_queues:105:5)\n    at async handleNpmRequest (C:\\Users\\priya\\OneDrive\\Desktop\\CodeCache-Pro\\backend\\src\\fetchers\\npmFetcher.js:93:21)","timestamp":"2025-10-16T22:21:37.478Z"}
{"level":"error","message":"500 - Failed to fetch shared@3.5.22 after 3 attempts. - /npm/@vue/shared/-/shared-3.5.22.tgz - GET - 192.168.137.112","timestamp":"2025-10-16T22:21:37.479Z"}
{"level":"error","message":"Error: Failed to fetch shared@3.5.22 after 3 attempts.\n    at fetchAndCachePackage (C:\\Users\\priya\\OneDrive\\Desktop\\CodeCache-Pro\\backend\\src\\fetchers\\npmFetcher.js:172:23)\n    at process.processTicksAndRejections (node:internal/process/task_queues:105:5)\n    at async handleNpmRequest (C:\\Users\\priya\\OneDrive\\Desktop\\CodeCache-Pro\\backend\\src\\fetchers\\npmFetcher.js:93:21)","timestamp":"2025-10-16T22:21:37.479Z"}
{"level":"error","message":"Attempt 3 failed for runtime-dom@3.5.22: Cannot read properties of undefined (reading '3.5.22')","timestamp":"2025-10-16T22:21:37.557Z"}
{"level":"error","message":"[FAIL] Failed to fetch and cache runtime-dom@3.5.22: Failed to fetch runtime-dom@3.5.22 after 3 attempts.","stack":"Error: Failed to fetch runtime-dom@3.5.22 after 3 attempts.\n    at fetchAndCachePackage (C:\\Users\\priya\\OneDrive\\Desktop\\CodeCache-Pro\\backend\\src\\fetchers\\npmFetcher.js:172:23)\n    at process.processTicksAndRejections (node:internal/process/task_queues:105:5)\n    at async handleNpmRequest (C:\\Users\\priya\\OneDrive\\Desktop\\CodeCache-Pro\\backend\\src\\fetchers\\npmFetcher.js:93:21)","timestamp":"2025-10-16T22:21:37.558Z"}
{"level":"error","message":"500 - Failed to fetch runtime-dom@3.5.22 after 3 attempts. - /npm/@vue/runtime-dom/-/runtime-dom-3.5.22.tgz - GET - 192.168.137.112","timestamp":"2025-10-16T22:21:37.558Z"}
{"level":"error","message":"Error: Failed to fetch runtime-dom@3.5.22 after 3 attempts.\n    at fetchAndCachePackage (C:\\Users\\priya\\OneDrive\\Desktop\\CodeCache-Pro\\backend\\src\\fetchers\\npmFetcher.js:172:23)\n    at process.processTicksAndRejections (node:internal/process/task_queues:105:5)\n    at async handleNpmRequest (C:\\Users\\priya\\OneDrive\\Desktop\\CodeCache-Pro\\backend\\src\\fetchers\\npmFetcher.js:93:21)","timestamp":"2025-10-16T22:21:37.558Z"}
{"level":"error","message":"Attempt 2 failed for compiler-core@3.5.22: Cannot read properties of undefined (reading '3.5.22')","timestamp":"2025-10-16T22:21:37.634Z"}
{"level":"error","message":"Attempt 3 failed for server-renderer@3.5.22: Could not find shasum for server-renderer@3.5.22 in metadata.","timestamp":"2025-10-16T22:21:37.643Z"}
{"level":"error","message":"[FAIL] Failed to fetch and cache server-renderer@3.5.22: Failed to fetch server-renderer@3.5.22 after 3 attempts.","stack":"Error: Failed to fetch server-renderer@3.5.22 after 3 attempts.\n    at fetchAndCachePackage (C:\\Users\\priya\\OneDrive\\Desktop\\CodeCache-Pro\\backend\\src\\fetchers\\npmFetcher.js:172:23)\n    at process.processTicksAndRejections (node:internal/process/task_queues:105:5)\n    at async handleNpmRequest (C:\\Users\\priya\\OneDrive\\Desktop\\CodeCache-Pro\\backend\\src\\fetchers\\npmFetcher.js:93:21)","timestamp":"2025-10-16T22:21:37.644Z"}
{"level":"error","message":"500 - Failed to fetch server-renderer@3.5.22 after 3 attempts. - /npm/@vue/server-renderer/-/server-renderer-3.5.22.tgz - GET - 192.168.137.112","timestamp":"2025-10-16T22:21:37.644Z"}
{"level":"error","message":"Error: Failed to fetch server-renderer@3.5.22 after 3 attempts.\n    at fetchAndCachePackage (C:\\Users\\priya\\OneDrive\\Desktop\\CodeCache-Pro\\backend\\src\\fetchers\\npmFetcher.js:172:23)\n    at process.processTicksAndRejections (node:internal/process/task_queues:105:5)\n    at async handleNpmRequest (C:\\Users\\priya\\OneDrive\\Desktop\\CodeCache-Pro\\backend\\src\\fetchers\\npmFetcher.js:93:21)","timestamp":"2025-10-16T22:21:37.644Z"}
{"level":"error","message":"Attempt 3 failed for compiler-core@3.5.22: Cannot read properties of undefined (reading '3.5.22')","timestamp":"2025-10-16T22:21:37.702Z"}
{"level":"error","message":"[FAIL] Failed to fetch and cache compiler-core@3.5.22: Failed to fetch compiler-core@3.5.22 after 3 attempts.","stack":"Error: Failed to fetch compiler-core@3.5.22 after 3 attempts.\n    at fetchAndCachePackage (C:\\Users\\priya\\OneDrive\\Desktop\\CodeCache-Pro\\backend\\src\\fetchers\\npmFetcher.js:172:23)\n    at process.processTicksAndRejections (node:internal/process/task_queues:105:5)\n    at async handleNpmRequest (C:\\Users\\priya\\OneDrive\\Desktop\\CodeCache-Pro\\backend\\src\\fetchers\\npmFetcher.js:93:21)","timestamp":"2025-10-16T22:21:37.702Z"}
{"level":"error","message":"500 - Failed to fetch compiler-core@3.5.22 after 3 attempts. - /npm/@vue/compiler-core/-/compiler-core-3.5.22.tgz - GET - 192.168.137.112","timestamp":"2025-10-16T22:21:37.703Z"}
{"level":"error","message":"Error: Failed to fetch compiler-core@3.5.22 after 3 attempts.\n    at fetchAndCachePackage (C:\\Users\\priya\\OneDrive\\Desktop\\CodeCache-Pro\\backend\\src\\fetchers\\npmFetcher.js:172:23)\n    at process.processTicksAndRejections (node:internal/process/task_queues:105:5)\n    at async handleNpmRequest (C:\\Users\\priya\\OneDrive\\Desktop\\CodeCache-Pro\\backend\\src\\fetchers\\npmFetcher.js:93:21)","timestamp":"2025-10-16T22:21:37.703Z"}
{"level":"error","message":"Attempt 1 failed for compiler-dom@3.5.22: Cannot read properties of undefined (reading '3.5.22')","timestamp":"2025-10-16T22:21:37.704Z"}
{"level":"error","message":"Attempt 2 failed for compiler-dom@3.5.22: Cannot read properties of undefined (reading '3.5.22')","timestamp":"2025-10-16T22:21:37.732Z"}
{"level":"error","message":"Attempt 3 failed for compiler-dom@3.5.22: Cannot read properties of undefined (reading '3.5.22')","timestamp":"2025-10-16T22:21:37.767Z"}
{"level":"error","message":"[FAIL] Failed to fetch and cache compiler-dom@3.5.22: Failed to fetch compiler-dom@3.5.22 after 3 attempts.","stack":"Error: Failed to fetch compiler-dom@3.5.22 after 3 attempts.\n    at fetchAndCachePackage (C:\\Users\\priya\\OneDrive\\Desktop\\CodeCache-Pro\\backend\\src\\fetchers\\npmFetcher.js:172:23)\n    at process.processTicksAndRejections (node:internal/process/task_queues:105:5)\n    at async handleNpmRequest (C:\\Users\\priya\\OneDrive\\Desktop\\CodeCache-Pro\\backend\\src\\fetchers\\npmFetcher.js:93:21)","timestamp":"2025-10-16T22:21:37.767Z"}
{"level":"error","message":"500 - Failed to fetch compiler-dom@3.5.22 after 3 attempts. - /npm/@vue/compiler-dom/-/compiler-dom-3.5.22.tgz - GET - 192.168.137.112","timestamp":"2025-10-16T22:21:37.768Z"}
{"level":"error","message":"Error: Failed to fetch compiler-dom@3.5.22 after 3 attempts.\n    at fetchAndCachePackage (C:\\Users\\priya\\OneDrive\\Desktop\\CodeCache-Pro\\backend\\src\\fetchers\\npmFetcher.js:172:23)\n    at process.processTicksAndRejections (node:internal/process/task_queues:105:5)\n    at async handleNpmRequest (C:\\Users\\priya\\OneDrive\\Desktop\\CodeCache-Pro\\backend\\src\\fetchers\\npmFetcher.js:93:21)","timestamp":"2025-10-16T22:21:37.768Z"}
{"level":"info","message":"[MISS] compiler-sfc@3.5.22. Fetching from upstream.","timestamp":"2025-10-16T22:21:47.006Z"}
{"level":"info","message":"[MISS] compiler-ssr@3.5.22. Fetching from upstream.","timestamp":"2025-10-16T22:21:47.009Z"}
{"level":"error","message":"Attempt 1 failed for compiler-ssr@3.5.22: Cannot read properties of undefined (reading '3.5.22')","timestamp":"2025-10-16T22:21:47.174Z"}
{"level":"error","message":"Attempt 2 failed for compiler-ssr@3.5.22: Cannot read properties of undefined (reading '3.5.22')","timestamp":"2025-10-16T22:21:47.218Z"}
{"level":"error","message":"Attempt 3 failed for compiler-ssr@3.5.22: Cannot read properties of undefined (reading '3.5.22')","timestamp":"2025-10-16T22:21:47.269Z"}
{"level":"error","message":"[FAIL] Failed to fetch and cache compiler-ssr@3.5.22: Failed to fetch compiler-ssr@3.5.22 after 3 attempts.","stack":"Error: Failed to fetch compiler-ssr@3.5.22 after 3 attempts.\n    at fetchAndCachePackage (C:\\Users\\priya\\OneDrive\\Desktop\\CodeCache-Pro\\backend\\src\\fetchers\\npmFetcher.js:172:23)\n    at process.processTicksAndRejections (node:internal/process/task_queues:105:5)\n    at async handleNpmRequest (C:\\Users\\priya\\OneDrive\\Desktop\\CodeCache-Pro\\backend\\src\\fetchers\\npmFetcher.js:93:21)","timestamp":"2025-10-16T22:21:47.270Z"}
{"level":"error","message":"500 - Failed to fetch compiler-ssr@3.5.22 after 3 attempts. - /npm/@vue/compiler-ssr/-/compiler-ssr-3.5.22.tgz - GET - 192.168.137.112","timestamp":"2025-10-16T22:21:47.270Z"}
{"level":"error","message":"Error: Failed to fetch compiler-ssr@3.5.22 after 3 attempts.\n    at fetchAndCachePackage (C:\\Users\\priya\\OneDrive\\Desktop\\CodeCache-Pro\\backend\\src\\fetchers\\npmFetcher.js:172:23)\n    at process.processTicksAndRejections (node:internal/process/task_queues:105:5)\n    at async handleNpmRequest (C:\\Users\\priya\\OneDrive\\Desktop\\CodeCache-Pro\\backend\\src\\fetchers\\npmFetcher.js:93:21)","timestamp":"2025-10-16T22:21:47.270Z"}
{"level":"error","message":"Attempt 1 failed for compiler-sfc@3.5.22: Cannot read properties of undefined (reading '3.5.22')","timestamp":"2025-10-16T22:21:47.791Z"}
{"level":"info","message":"[MISS] reactivity@3.5.22. Fetching from upstream.","timestamp":"2025-10-16T22:21:47.792Z"}
{"level":"info","message":"[MISS] shared@3.5.22. Fetching from upstream.","timestamp":"2025-10-16T22:21:47.939Z"}
{"level":"error","message":"Attempt 2 failed for compiler-sfc@3.5.22: Cannot read properties of undefined (reading '3.5.22')","timestamp":"2025-10-16T22:21:47.943Z"}
{"level":"info","message":"[MISS] runtime-dom@3.5.22. Fetching from upstream.","timestamp":"2025-10-16T22:21:47.947Z"}
{"level":"error","message":"Attempt 3 failed for compiler-sfc@3.5.22: Cannot read properties of undefined (reading '3.5.22')","timestamp":"2025-10-16T22:21:48.071Z"}
{"level":"error","message":"[FAIL] Failed to fetch and cache compiler-sfc@3.5.22: Failed to fetch compiler-sfc@3.5.22 after 3 attempts.","stack":"Error: Failed to fetch compiler-sfc@3.5.22 after 3 attempts.\n    at fetchAndCachePackage (C:\\Users\\priya\\OneDrive\\Desktop\\CodeCache-Pro\\backend\\src\\fetchers\\npmFetcher.js:172:23)\n    at process.processTicksAndRejections (node:internal/process/task_queues:105:5)\n    at async handleNpmRequest (C:\\Users\\priya\\OneDrive\\Desktop\\CodeCache-Pro\\backend\\src\\fetchers\\npmFetcher.js:93:21)","timestamp":"2025-10-16T22:21:48.071Z"}
{"level":"error","message":"500 - Failed to fetch compiler-sfc@3.5.22 after 3 attempts. - /npm/@vue/compiler-sfc/-/compiler-sfc-3.5.22.tgz - GET - 192.168.137.112","timestamp":"2025-10-16T22:21:48.071Z"}
{"level":"error","message":"Error: Failed to fetch compiler-sfc@3.5.22 after 3 attempts.\n    at fetchAndCachePackage (C:\\Users\\priya\\OneDrive\\Desktop\\CodeCache-Pro\\backend\\src\\fetchers\\npmFetcher.js:172:23)\n    at process.processTicksAndRejections (node:internal/process/task_queues:105:5)\n    at async handleNpmRequest (C:\\Users\\priya\\OneDrive\\Desktop\\CodeCache-Pro\\backend\\src\\fetchers\\npmFetcher.js:93:21)","timestamp":"2025-10-16T22:21:48.071Z"}
{"level":"error","message":"Attempt 1 failed for reactivity@3.5.22: Could not find shasum for reactivity@3.5.22 in metadata.","timestamp":"2025-10-16T22:21:48.073Z"}
{"level":"info","message":"[MISS] compiler-core@3.5.22. Fetching from upstream.","timestamp":"2025-10-16T22:21:48.074Z"}
{"level":"info","message":"[MISS] compiler-dom@3.5.22. Fetching from upstream.","timestamp":"2025-10-16T22:21:48.075Z"}
{"level":"info","message":"[MISS] runtime-core@3.5.22. Fetching from upstream.","timestamp":"2025-10-16T22:21:48.076Z"}
{"level":"error","message":"Attempt 1 failed for compiler-core@3.5.22: Cannot read properties of undefined (reading '3.5.22')","timestamp":"2025-10-16T22:21:48.120Z"}
{"level":"error","message":"Attempt 2 failed for reactivity@3.5.22: Could not find shasum for reactivity@3.5.22 in metadata.","timestamp":"2025-10-16T22:21:48.122Z"}
{"level":"error","message":"Attempt 3 failed for reactivity@3.5.22: Could not find shasum for reactivity@3.5.22 in metadata.","timestamp":"2025-10-16T22:21:48.198Z"}
{"level":"error","message":"[FAIL] Failed to fetch and cache reactivity@3.5.22: Failed to fetch reactivity@3.5.22 after 3 attempts.","stack":"Error: Failed to fetch reactivity@3.5.22 after 3 attempts.\n    at fetchAndCachePackage (C:\\Users\\priya\\OneDrive\\Desktop\\CodeCache-Pro\\backend\\src\\fetchers\\npmFetcher.js:172:23)\n    at process.processTicksAndRejections (node:internal/process/task_queues:105:5)\n    at async handleNpmRequest (C:\\Users\\priya\\OneDrive\\Desktop\\CodeCache-Pro\\backend\\src\\fetchers\\npmFetcher.js:93:21)","timestamp":"2025-10-16T22:21:48.198Z"}
{"level":"error","message":"500 - Failed to fetch reactivity@3.5.22 after 3 attempts. - /npm/@vue/reactivity/-/reactivity-3.5.22.tgz - GET - 192.168.137.112","timestamp":"2025-10-16T22:21:48.199Z"}
{"level":"error","message":"Error: Failed to fetch reactivity@3.5.22 after 3 attempts.\n    at fetchAndCachePackage (C:\\Users\\priya\\OneDrive\\Desktop\\CodeCache-Pro\\backend\\src\\fetchers\\npmFetcher.js:172:23)\n    at process.processTicksAndRejections (node:internal/process/task_queues:105:5)\n    at async handleNpmRequest (C:\\Users\\priya\\OneDrive\\Desktop\\CodeCache-Pro\\backend\\src\\fetchers\\npmFetcher.js:93:21)","timestamp":"2025-10-16T22:21:48.199Z"}
{"level":"error","message":"Attempt 2 failed for compiler-core@3.5.22: Cannot read properties of undefined (reading '3.5.22')","timestamp":"2025-10-16T22:21:48.217Z"}
{"level":"error","message":"Attempt 3 failed for compiler-core@3.5.22: Cannot read properties of undefined (reading '3.5.22')","timestamp":"2025-10-16T22:21:48.254Z"}
{"level":"error","message":"[FAIL] Failed to fetch and cache compiler-core@3.5.22: Failed to fetch compiler-core@3.5.22 after 3 attempts.","stack":"Error: Failed to fetch compiler-core@3.5.22 after 3 attempts.\n    at fetchAndCachePackage (C:\\Users\\priya\\OneDrive\\Desktop\\CodeCache-Pro\\backend\\src\\fetchers\\npmFetcher.js:172:23)\n    at process.processTicksAndRejections (node:internal/process/task_queues:105:5)\n    at async handleNpmRequest (C:\\Users\\priya\\OneDrive\\Desktop\\CodeCache-Pro\\backend\\src\\fetchers\\npmFetcher.js:93:21)","timestamp":"2025-10-16T22:21:48.255Z"}
{"level":"error","message":"500 - Failed to fetch compiler-core@3.5.22 after 3 attempts. - /npm/@vue/compiler-core/-/compiler-core-3.5.22.tgz - GET - 192.168.137.112","timestamp":"2025-10-16T22:21:48.255Z"}
{"level":"error","message":"Error: Failed to fetch compiler-core@3.5.22 after 3 attempts.\n    at fetchAndCachePackage (C:\\Users\\priya\\OneDrive\\Desktop\\CodeCache-Pro\\backend\\src\\fetchers\\npmFetcher.js:172:23)\n    at process.processTicksAndRejections (node:internal/process/task_queues:105:5)\n    at async handleNpmRequest (C:\\Users\\priya\\OneDrive\\Desktop\\CodeCache-Pro\\backend\\src\\fetchers\\npmFetcher.js:93:21)","timestamp":"2025-10-16T22:21:48.255Z"}
{"level":"error","message":"Attempt 1 failed for runtime-core@3.5.22: Cannot read properties of undefined (reading '3.5.22')","timestamp":"2025-10-16T22:21:48.304Z"}
{"level":"error","message":"Attempt 1 failed for runtime-dom@3.5.22: Cannot read properties of undefined (reading '3.5.22')","timestamp":"2025-10-16T22:21:48.306Z"}
{"level":"error","message":"Attempt 1 failed for shared@3.5.22: Could not find shasum for shared@3.5.22 in metadata.","timestamp":"2025-10-16T22:21:48.306Z"}
{"level":"error","message":"Attempt 2 failed for runtime-core@3.5.22: Cannot read properties of undefined (reading '3.5.22')","timestamp":"2025-10-16T22:21:48.402Z"}
{"level":"error","message":"Attempt 2 failed for runtime-dom@3.5.22: Cannot read properties of undefined (reading '3.5.22')","timestamp":"2025-10-16T22:21:48.404Z"}
{"level":"error","message":"Attempt 2 failed for shared@3.5.22: Could not find shasum for shared@3.5.22 in metadata.","timestamp":"2025-10-16T22:21:48.404Z"}
{"level":"error","message":"Attempt 3 failed for runtime-dom@3.5.22: Cannot read properties of undefined (reading '3.5.22')","timestamp":"2025-10-16T22:21:48.489Z"}
{"level":"error","message":"[FAIL] Failed to fetch and cache runtime-dom@3.5.22: Failed to fetch runtime-dom@3.5.22 after 3 attempts.","stack":"Error: Failed to fetch runtime-dom@3.5.22 after 3 attempts.\n    at fetchAndCachePackage (C:\\Users\\priya\\OneDrive\\Desktop\\CodeCache-Pro\\backend\\src\\fetchers\\npmFetcher.js:172:23)\n    at process.processTicksAndRejections (node:internal/process/task_queues:105:5)\n    at async handleNpmRequest (C:\\Users\\priya\\OneDrive\\Desktop\\CodeCache-Pro\\backend\\src\\fetchers\\npmFetcher.js:93:21)","timestamp":"2025-10-16T22:21:48.489Z"}
{"level":"error","message":"500 - Failed to fetch runtime-dom@3.5.22 after 3 attempts. - /npm/@vue/runtime-dom/-/runtime-dom-3.5.22.tgz - GET - 192.168.137.112","timestamp":"2025-10-16T22:21:48.489Z"}
{"level":"error","message":"Error: Failed to fetch runtime-dom@3.5.22 after 3 attempts.\n    at fetchAndCachePackage (C:\\Users\\priya\\OneDrive\\Desktop\\CodeCache-Pro\\backend\\src\\fetchers\\npmFetcher.js:172:23)\n    at process.processTicksAndRejections (node:internal/process/task_queues:105:5)\n    at async handleNpmRequest (C:\\Users\\priya\\OneDrive\\Desktop\\CodeCache-Pro\\backend\\src\\fetchers\\npmFetcher.js:93:21)","timestamp":"2025-10-16T22:21:48.490Z"}
{"level":"error","message":"Attempt 3 failed for runtime-core@3.5.22: Cannot read properties of undefined (reading '3.5.22')","timestamp":"2025-10-16T22:21:48.491Z"}
{"level":"error","message":"[FAIL] Failed to fetch and cache runtime-core@3.5.22: Failed to fetch runtime-core@3.5.22 after 3 attempts.","stack":"Error: Failed to fetch runtime-core@3.5.22 after 3 attempts.\n    at fetchAndCachePackage (C:\\Users\\priya\\OneDrive\\Desktop\\CodeCache-Pro\\backend\\src\\fetchers\\npmFetcher.js:172:23)\n    at process.processTicksAndRejections (node:internal/process/task_queues:105:5)\n    at async handleNpmRequest (C:\\Users\\priya\\OneDrive\\Desktop\\CodeCache-Pro\\backend\\src\\fetchers\\npmFetcher.js:93:21)","timestamp":"2025-10-16T22:21:48.491Z"}
{"level":"error","message":"500 - Failed to fetch runtime-core@3.5.22 after 3 attempts. - /npm/@vue/runtime-core/-/runtime-core-3.5.22.tgz - GET - 192.168.137.112","timestamp":"2025-10-16T22:21:48.491Z"}
{"level":"error","message":"Error: Failed to fetch runtime-core@3.5.22 after 3 attempts.\n    at fetchAndCachePackage (C:\\Users\\priya\\OneDrive\\Desktop\\CodeCache-Pro\\backend\\src\\fetchers\\npmFetcher.js:172:23)\n    at process.processTicksAndRejections (node:internal/process/task_queues:105:5)\n    at async handleNpmRequest (C:\\Users\\priya\\OneDrive\\Desktop\\CodeCache-Pro\\backend\\src\\fetchers\\npmFetcher.js:93:21)","timestamp":"2025-10-16T22:21:48.491Z"}
{"level":"error","message":"Attempt 3 failed for shared@3.5.22: Could not find shasum for shared@3.5.22 in metadata.","timestamp":"2025-10-16T22:21:48.492Z"}
{"level":"error","message":"[FAIL] Failed to fetch and cache shared@3.5.22: Failed to fetch shared@3.5.22 after 3 attempts.","stack":"Error: Failed to fetch shared@3.5.22 after 3 attempts.\n    at fetchAndCachePackage (C:\\Users\\priya\\OneDrive\\Desktop\\CodeCache-Pro\\backend\\src\\fetchers\\npmFetcher.js:172:23)\n    at process.processTicksAndRejections (node:internal/process/task_queues:105:5)\n    at async handleNpmRequest (C:\\Users\\priya\\OneDrive\\Desktop\\CodeCache-Pro\\backend\\src\\fetchers\\npmFetcher.js:93:21)","timestamp":"2025-10-16T22:21:48.492Z"}
{"level":"error","message":"500 - Failed to fetch shared@3.5.22 after 3 attempts. - /npm/@vue/shared/-/shared-3.5.22.tgz - GET - 192.168.137.112","timestamp":"2025-10-16T22:21:48.492Z"}
{"level":"error","message":"Error: Failed to fetch shared@3.5.22 after 3 attempts.\n    at fetchAndCachePackage (C:\\Users\\priya\\OneDrive\\Desktop\\CodeCache-Pro\\backend\\src\\fetchers\\npmFetcher.js:172:23)\n    at process.processTicksAndRejections (node:internal/process/task_queues:105:5)\n    at async handleNpmRequest (C:\\Users\\priya\\OneDrive\\Desktop\\CodeCache-Pro\\backend\\src\\fetchers\\npmFetcher.js:93:21)","timestamp":"2025-10-16T22:21:48.492Z"}
{"level":"error","message":"Attempt 1 failed for compiler-dom@3.5.22: Cannot read properties of undefined (reading '3.5.22')","timestamp":"2025-10-16T22:21:48.548Z"}
{"level":"error","message":"Attempt 2 failed for compiler-dom@3.5.22: Cannot read properties of undefined (reading '3.5.22')","timestamp":"2025-10-16T22:21:48.610Z"}
{"level":"error","message":"Attempt 3 failed for compiler-dom@3.5.22: Cannot read properties of undefined (reading '3.5.22')","timestamp":"2025-10-16T22:21:48.658Z"}
{"level":"error","message":"[FAIL] Failed to fetch and cache compiler-dom@3.5.22: Failed to fetch compiler-dom@3.5.22 after 3 attempts.","stack":"Error: Failed to fetch compiler-dom@3.5.22 after 3 attempts.\n    at fetchAndCachePackage (C:\\Users\\priya\\OneDrive\\Desktop\\CodeCache-Pro\\backend\\src\\fetchers\\npmFetcher.js:172:23)\n    at process.processTicksAndRejections (node:internal/process/task_queues:105:5)\n    at async handleNpmRequest (C:\\Users\\priya\\OneDrive\\Desktop\\CodeCache-Pro\\backend\\src\\fetchers\\npmFetcher.js:93:21)","timestamp":"2025-10-16T22:21:48.659Z"}
{"level":"error","message":"500 - Failed to fetch compiler-dom@3.5.22 after 3 attempts. - /npm/@vue/compiler-dom/-/compiler-dom-3.5.22.tgz - GET - 192.168.137.112","timestamp":"2025-10-16T22:21:48.659Z"}
{"level":"error","message":"Error: Failed to fetch compiler-dom@3.5.22 after 3 attempts.\n    at fetchAndCachePackage (C:\\Users\\priya\\OneDrive\\Desktop\\CodeCache-Pro\\backend\\src\\fetchers\\npmFetcher.js:172:23)\n    at process.processTicksAndRejections (node:internal/process/task_queues:105:5)\n    at async handleNpmRequest (C:\\Users\\priya\\OneDrive\\Desktop\\CodeCache-Pro\\backend\\src\\fetchers\\npmFetcher.js:93:21)","timestamp":"2025-10-16T22:21:48.660Z"}
{"level":"info","message":"[MISS] server-renderer@3.5.22. Fetching from upstream.","timestamp":"2025-10-16T22:21:48.898Z"}
{"level":"error","message":"Attempt 1 failed for server-renderer@3.5.22: Could not find shasum for server-renderer@3.5.22 in metadata.","timestamp":"2025-10-16T22:21:49.489Z"}
{"level":"error","message":"Attempt 2 failed for server-renderer@3.5.22: Could not find shasum for server-renderer@3.5.22 in metadata.","timestamp":"2025-10-16T22:21:49.634Z"}
{"level":"error","message":"Attempt 3 failed for server-renderer@3.5.22: Could not find shasum for server-renderer@3.5.22 in metadata.","timestamp":"2025-10-16T22:21:49.823Z"}
{"level":"error","message":"[FAIL] Failed to fetch and cache server-renderer@3.5.22: Failed to fetch server-renderer@3.5.22 after 3 attempts.","stack":"Error: Failed to fetch server-renderer@3.5.22 after 3 attempts.\n    at fetchAndCachePackage (C:\\Users\\priya\\OneDrive\\Desktop\\CodeCache-Pro\\backend\\src\\fetchers\\npmFetcher.js:172:23)\n    at process.processTicksAndRejections (node:internal/process/task_queues:105:5)\n    at async handleNpmRequest (C:\\Users\\priya\\OneDrive\\Desktop\\CodeCache-Pro\\backend\\src\\fetchers\\npmFetcher.js:93:21)","timestamp":"2025-10-16T22:21:49.823Z"}
{"level":"error","message":"500 - Failed to fetch server-renderer@3.5.22 after 3 attempts. - /npm/@vue/server-renderer/-/server-renderer-3.5.22.tgz - GET - 192.168.137.112","timestamp":"2025-10-16T22:21:49.824Z"}
{"level":"error","message":"Error: Failed to fetch server-renderer@3.5.22 after 3 attempts.\n    at fetchAndCachePackage (C:\\Users\\priya\\OneDrive\\Desktop\\CodeCache-Pro\\backend\\src\\fetchers\\npmFetcher.js:172:23)\n    at process.processTicksAndRejections (node:internal/process/task_queues:105:5)\n    at async handleNpmRequest (C:\\Users\\priya\\OneDrive\\Desktop\\CodeCache-Pro\\backend\\src\\fetchers\\npmFetcher.js:93:21)","timestamp":"2025-10-16T22:21:49.824Z"}
{"level":"info","message":"[MISS] compiler-ssr@3.5.22. Fetching from upstream.","timestamp":"2025-10-16T22:22:47.779Z"}
{"level":"info","message":"[MISS] compiler-sfc@3.5.22. Fetching from upstream.","timestamp":"2025-10-16T22:22:48.115Z"}
{"level":"error","message":"Attempt 1 failed for compiler-ssr@3.5.22: Cannot read properties of undefined (reading '3.5.22')","timestamp":"2025-10-16T22:22:48.201Z"}
{"level":"error","message":"Attempt 1 failed for compiler-sfc@3.5.22: Cannot read properties of undefined (reading '3.5.22')","timestamp":"2025-10-16T22:22:48.266Z"}
{"level":"error","message":"Attempt 2 failed for compiler-ssr@3.5.22: Cannot read properties of undefined (reading '3.5.22')","timestamp":"2025-10-16T22:22:48.277Z"}
{"level":"error","message":"Attempt 2 failed for compiler-sfc@3.5.22: Cannot read properties of undefined (reading '3.5.22')","timestamp":"2025-10-16T22:22:48.316Z"}
{"level":"info","message":"[MISS] reactivity@3.5.22. Fetching from upstream.","timestamp":"2025-10-16T22:22:48.318Z"}
{"level":"error","message":"Attempt 3 failed for compiler-ssr@3.5.22: Cannot read properties of undefined (reading '3.5.22')","timestamp":"2025-10-16T22:22:48.463Z"}
{"level":"error","message":"[FAIL] Failed to fetch and cache compiler-ssr@3.5.22: Failed to fetch compiler-ssr@3.5.22 after 3 attempts.","stack":"Error: Failed to fetch compiler-ssr@3.5.22 after 3 attempts.\n    at fetchAndCachePackage (C:\\Users\\priya\\OneDrive\\Desktop\\CodeCache-Pro\\backend\\src\\fetchers\\npmFetcher.js:172:23)\n    at process.processTicksAndRejections (node:internal/process/task_queues:105:5)\n    at async handleNpmRequest (C:\\Users\\priya\\OneDrive\\Desktop\\CodeCache-Pro\\backend\\src\\fetchers\\npmFetcher.js:93:21)","timestamp":"2025-10-16T22:22:48.464Z"}
{"level":"error","message":"500 - Failed to fetch compiler-ssr@3.5.22 after 3 attempts. - /npm/@vue/compiler-ssr/-/compiler-ssr-3.5.22.tgz - GET - 192.168.137.112","timestamp":"2025-10-16T22:22:48.464Z"}
{"level":"error","message":"Error: Failed to fetch compiler-ssr@3.5.22 after 3 attempts.\n    at fetchAndCachePackage (C:\\Users\\priya\\OneDrive\\Desktop\\CodeCache-Pro\\backend\\src\\fetchers\\npmFetcher.js:172:23)\n    at process.processTicksAndRejections (node:internal/process/task_queues:105:5)\n    at async handleNpmRequest (C:\\Users\\priya\\OneDrive\\Desktop\\CodeCache-Pro\\backend\\src\\fetchers\\npmFetcher.js:93:21)","timestamp":"2025-10-16T22:22:48.464Z"}
{"level":"error","message":"Attempt 3 failed for compiler-sfc@3.5.22: Cannot read properties of undefined (reading '3.5.22')","timestamp":"2025-10-16T22:22:48.465Z"}
{"level":"error","message":"[FAIL] Failed to fetch and cache compiler-sfc@3.5.22: Failed to fetch compiler-sfc@3.5.22 after 3 attempts.","stack":"Error: Failed to fetch compiler-sfc@3.5.22 after 3 attempts.\n    at fetchAndCachePackage (C:\\Users\\priya\\OneDrive\\Desktop\\CodeCache-Pro\\backend\\src\\fetchers\\npmFetcher.js:172:23)\n    at process.processTicksAndRejections (node:internal/process/task_queues:105:5)\n    at async handleNpmRequest (C:\\Users\\priya\\OneDrive\\Desktop\\CodeCache-Pro\\backend\\src\\fetchers\\npmFetcher.js:93:21)","timestamp":"2025-10-16T22:22:48.466Z"}
{"level":"error","message":"500 - Failed to fetch compiler-sfc@3.5.22 after 3 attempts. - /npm/@vue/compiler-sfc/-/compiler-sfc-3.5.22.tgz - GET - 192.168.137.112","timestamp":"2025-10-16T22:22:48.466Z"}
{"level":"error","message":"Error: Failed to fetch compiler-sfc@3.5.22 after 3 attempts.\n    at fetchAndCachePackage (C:\\Users\\priya\\OneDrive\\Desktop\\CodeCache-Pro\\backend\\src\\fetchers\\npmFetcher.js:172:23)\n    at process.processTicksAndRejections (node:internal/process/task_queues:105:5)\n    at async handleNpmRequest (C:\\Users\\priya\\OneDrive\\Desktop\\CodeCache-Pro\\backend\\src\\fetchers\\npmFetcher.js:93:21)","timestamp":"2025-10-16T22:22:48.466Z"}
{"level":"info","message":"[MISS] compiler-core@3.5.22. Fetching from upstream.","timestamp":"2025-10-16T22:22:48.466Z"}
{"level":"error","message":"Attempt 1 failed for compiler-core@3.5.22: Cannot read properties of undefined (reading '3.5.22')","timestamp":"2025-10-16T22:22:48.570Z"}
{"level":"info","message":"[MISS] runtime-dom@3.5.22. Fetching from upstream.","timestamp":"2025-10-16T22:22:48.572Z"}
{"level":"info","message":"[MISS] runtime-core@3.5.22. Fetching from upstream.","timestamp":"2025-10-16T22:22:48.572Z"}
{"level":"info","message":"[MISS] shared@3.5.22. Fetching from upstream.","timestamp":"2025-10-16T22:22:48.612Z"}
{"level":"error","message":"Attempt 1 failed for runtime-dom@3.5.22: Cannot read properties of undefined (reading '3.5.22')","timestamp":"2025-10-16T22:22:48.617Z"}
{"level":"error","message":"Attempt 2 failed for compiler-core@3.5.22: Cannot read properties of undefined (reading '3.5.22')","timestamp":"2025-10-16T22:22:48.618Z"}
{"level":"error","message":"Attempt 2 failed for runtime-dom@3.5.22: Cannot read properties of undefined (reading '3.5.22')","timestamp":"2025-10-16T22:22:48.650Z"}
{"level":"error","message":"Attempt 1 failed for reactivity@3.5.22: Could not find shasum for reactivity@3.5.22 in metadata.","timestamp":"2025-10-16T22:22:48.653Z"}
{"level":"error","message":"Attempt 3 failed for compiler-core@3.5.22: Cannot read properties of undefined (reading '3.5.22')","timestamp":"2025-10-16T22:22:48.657Z"}
{"level":"error","message":"[FAIL] Failed to fetch and cache compiler-core@3.5.22: Failed to fetch compiler-core@3.5.22 after 3 attempts.","stack":"Error: Failed to fetch compiler-core@3.5.22 after 3 attempts.\n    at fetchAndCachePackage (C:\\Users\\priya\\OneDrive\\Desktop\\CodeCache-Pro\\backend\\src\\fetchers\\npmFetcher.js:172:23)\n    at process.processTicksAndRejections (node:internal/process/task_queues:105:5)\n    at async handleNpmRequest (C:\\Users\\priya\\OneDrive\\Desktop\\CodeCache-Pro\\backend\\src\\fetchers\\npmFetcher.js:93:21)","timestamp":"2025-10-16T22:22:48.658Z"}
{"level":"error","message":"500 - Failed to fetch compiler-core@3.5.22 after 3 attempts. - /npm/@vue/compiler-core/-/compiler-core-3.5.22.tgz - GET - 192.168.137.112","timestamp":"2025-10-16T22:22:48.658Z"}
{"level":"error","message":"Error: Failed to fetch compiler-core@3.5.22 after 3 attempts.\n    at fetchAndCachePackage (C:\\Users\\priya\\OneDrive\\Desktop\\CodeCache-Pro\\backend\\src\\fetchers\\npmFetcher.js:172:23)\n    at process.processTicksAndRejections (node:internal/process/task_queues:105:5)\n    at async handleNpmRequest (C:\\Users\\priya\\OneDrive\\Desktop\\CodeCache-Pro\\backend\\src\\fetchers\\npmFetcher.js:93:21)","timestamp":"2025-10-16T22:22:48.658Z"}
{"level":"error","message":"Attempt 1 failed for runtime-core@3.5.22: Cannot read properties of undefined (reading '3.5.22')","timestamp":"2025-10-16T22:22:48.839Z"}
{"level":"error","message":"Attempt 3 failed for runtime-dom@3.5.22: Cannot read properties of undefined (reading '3.5.22')","timestamp":"2025-10-16T22:22:48.840Z"}
{"level":"error","message":"[FAIL] Failed to fetch and cache runtime-dom@3.5.22: Failed to fetch runtime-dom@3.5.22 after 3 attempts.","stack":"Error: Failed to fetch runtime-dom@3.5.22 after 3 attempts.\n    at fetchAndCachePackage (C:\\Users\\priya\\OneDrive\\Desktop\\CodeCache-Pro\\backend\\src\\fetchers\\npmFetcher.js:172:23)\n    at process.processTicksAndRejections (node:internal/process/task_queues:105:5)\n    at async handleNpmRequest (C:\\Users\\priya\\OneDrive\\Desktop\\CodeCache-Pro\\backend\\src\\fetchers\\npmFetcher.js:93:21)","timestamp":"2025-10-16T22:22:48.840Z"}
{"level":"error","message":"500 - Failed to fetch runtime-dom@3.5.22 after 3 attempts. - /npm/@vue/runtime-dom/-/runtime-dom-3.5.22.tgz - GET - 192.168.137.112","timestamp":"2025-10-16T22:22:48.841Z"}
{"level":"error","message":"Error: Failed to fetch runtime-dom@3.5.22 after 3 attempts.\n    at fetchAndCachePackage (C:\\Users\\priya\\OneDrive\\Desktop\\CodeCache-Pro\\backend\\src\\fetchers\\npmFetcher.js:172:23)\n    at process.processTicksAndRejections (node:internal/process/task_queues:105:5)\n    at async handleNpmRequest (C:\\Users\\priya\\OneDrive\\Desktop\\CodeCache-Pro\\backend\\src\\fetchers\\npmFetcher.js:93:21)","timestamp":"2025-10-16T22:22:48.841Z"}
{"level":"error","message":"Attempt 2 failed for reactivity@3.5.22: Could not find shasum for reactivity@3.5.22 in metadata.","timestamp":"2025-10-16T22:22:48.843Z"}
{"level":"error","message":"Attempt 1 failed for shared@3.5.22: Could not find shasum for shared@3.5.22 in metadata.","timestamp":"2025-10-16T22:22:48.848Z"}
{"level":"info","message":"[MISS] compiler-dom@3.5.22. Fetching from upstream.","timestamp":"2025-10-16T22:22:48.881Z"}
{"level":"error","message":"Attempt 3 failed for reactivity@3.5.22: Could not find shasum for reactivity@3.5.22 in metadata.","timestamp":"2025-10-16T22:22:48.962Z"}
{"level":"error","message":"[FAIL] Failed to fetch and cache reactivity@3.5.22: Failed to fetch reactivity@3.5.22 after 3 attempts.","stack":"Error: Failed to fetch reactivity@3.5.22 after 3 attempts.\n    at fetchAndCachePackage (C:\\Users\\priya\\OneDrive\\Desktop\\CodeCache-Pro\\backend\\src\\fetchers\\npmFetcher.js:172:23)\n    at process.processTicksAndRejections (node:internal/process/task_queues:105:5)\n    at async handleNpmRequest (C:\\Users\\priya\\OneDrive\\Desktop\\CodeCache-Pro\\backend\\src\\fetchers\\npmFetcher.js:93:21)","timestamp":"2025-10-16T22:22:48.964Z"}
{"level":"error","message":"500 - Failed to fetch reactivity@3.5.22 after 3 attempts. - /npm/@vue/reactivity/-/reactivity-3.5.22.tgz - GET - 192.168.137.112","timestamp":"2025-10-16T22:22:48.966Z"}
{"level":"error","message":"Error: Failed to fetch reactivity@3.5.22 after 3 attempts.\n    at fetchAndCachePackage (C:\\Users\\priya\\OneDrive\\Desktop\\CodeCache-Pro\\backend\\src\\fetchers\\npmFetcher.js:172:23)\n    at process.processTicksAndRejections (node:internal/process/task_queues:105:5)\n    at async handleNpmRequest (C:\\Users\\priya\\OneDrive\\Desktop\\CodeCache-Pro\\backend\\src\\fetchers\\npmFetcher.js:93:21)","timestamp":"2025-10-16T22:22:48.966Z"}
{"level":"error","message":"Attempt 1 failed for compiler-dom@3.5.22: Cannot read properties of undefined (reading '3.5.22')","timestamp":"2025-10-16T22:22:48.969Z"}
{"level":"error","message":"Attempt 2 failed for runtime-core@3.5.22: Cannot read properties of undefined (reading '3.5.22')","timestamp":"2025-10-16T22:22:48.970Z"}
{"level":"error","message":"Attempt 2 failed for shared@3.5.22: Could not find shasum for shared@3.5.22 in metadata.","timestamp":"2025-10-16T22:22:48.972Z"}
{"level":"error","message":"Attempt 2 failed for compiler-dom@3.5.22: Cannot read properties of undefined (reading '3.5.22')","timestamp":"2025-10-16T22:22:49.015Z"}
{"level":"error","message":"Attempt 3 failed for shared@3.5.22: Could not find shasum for shared@3.5.22 in metadata.","timestamp":"2025-10-16T22:22:49.017Z"}
{"level":"error","message":"[FAIL] Failed to fetch and cache shared@3.5.22: Failed to fetch shared@3.5.22 after 3 attempts.","stack":"Error: Failed to fetch shared@3.5.22 after 3 attempts.\n    at fetchAndCachePackage (C:\\Users\\priya\\OneDrive\\Desktop\\CodeCache-Pro\\backend\\src\\fetchers\\npmFetcher.js:172:23)\n    at process.processTicksAndRejections (node:internal/process/task_queues:105:5)\n    at async handleNpmRequest (C:\\Users\\priya\\OneDrive\\Desktop\\CodeCache-Pro\\backend\\src\\fetchers\\npmFetcher.js:93:21)","timestamp":"2025-10-16T22:22:49.018Z"}
{"level":"error","message":"500 - Failed to fetch shared@3.5.22 after 3 attempts. - /npm/@vue/shared/-/shared-3.5.22.tgz - GET - 192.168.137.112","timestamp":"2025-10-16T22:22:49.018Z"}
{"level":"error","message":"Error: Failed to fetch shared@3.5.22 after 3 attempts.\n    at fetchAndCachePackage (C:\\Users\\priya\\OneDrive\\Desktop\\CodeCache-Pro\\backend\\src\\fetchers\\npmFetcher.js:172:23)\n    at process.processTicksAndRejections (node:internal/process/task_queues:105:5)\n    at async handleNpmRequest (C:\\Users\\priya\\OneDrive\\Desktop\\CodeCache-Pro\\backend\\src\\fetchers\\npmFetcher.js:93:21)","timestamp":"2025-10-16T22:22:49.018Z"}
{"level":"error","message":"Attempt 3 failed for runtime-core@3.5.22: Cannot read properties of undefined (reading '3.5.22')","timestamp":"2025-10-16T22:22:49.020Z"}
{"level":"error","message":"[FAIL] Failed to fetch and cache runtime-core@3.5.22: Failed to fetch runtime-core@3.5.22 after 3 attempts.","stack":"Error: Failed to fetch runtime-core@3.5.22 after 3 attempts.\n    at fetchAndCachePackage (C:\\Users\\priya\\OneDrive\\Desktop\\CodeCache-Pro\\backend\\src\\fetchers\\npmFetcher.js:172:23)\n    at process.processTicksAndRejections (node:internal/process/task_queues:105:5)\n    at async handleNpmRequest (C:\\Users\\priya\\OneDrive\\Desktop\\CodeCache-Pro\\backend\\src\\fetchers\\npmFetcher.js:93:21)","timestamp":"2025-10-16T22:22:49.020Z"}
{"level":"error","message":"500 - Failed to fetch runtime-core@3.5.22 after 3 attempts. - /npm/@vue/runtime-core/-/runtime-core-3.5.22.tgz - GET - 192.168.137.112","timestamp":"2025-10-16T22:22:49.021Z"}
{"level":"error","message":"Error: Failed to fetch runtime-core@3.5.22 after 3 attempts.\n    at fetchAndCachePackage (C:\\Users\\priya\\OneDrive\\Desktop\\CodeCache-Pro\\backend\\src\\fetchers\\npmFetcher.js:172:23)\n    at process.processTicksAndRejections (node:internal/process/task_queues:105:5)\n    at async handleNpmRequest (C:\\Users\\priya\\OneDrive\\Desktop\\CodeCache-Pro\\backend\\src\\fetchers\\npmFetcher.js:93:21)","timestamp":"2025-10-16T22:22:49.021Z"}
{"level":"error","message":"Attempt 3 failed for compiler-dom@3.5.22: Cannot read properties of undefined (reading '3.5.22')","timestamp":"2025-10-16T22:22:49.106Z"}
{"level":"error","message":"[FAIL] Failed to fetch and cache compiler-dom@3.5.22: Failed to fetch compiler-dom@3.5.22 after 3 attempts.","stack":"Error: Failed to fetch compiler-dom@3.5.22 after 3 attempts.\n    at fetchAndCachePackage (C:\\Users\\priya\\OneDrive\\Desktop\\CodeCache-Pro\\backend\\src\\fetchers\\npmFetcher.js:172:23)\n    at process.processTicksAndRejections (node:internal/process/task_queues:105:5)\n    at async handleNpmRequest (C:\\Users\\priya\\OneDrive\\Desktop\\CodeCache-Pro\\backend\\src\\fetchers\\npmFetcher.js:93:21)","timestamp":"2025-10-16T22:22:49.107Z"}
{"level":"error","message":"500 - Failed to fetch compiler-dom@3.5.22 after 3 attempts. - /npm/@vue/compiler-dom/-/compiler-dom-3.5.22.tgz - GET - 192.168.137.112","timestamp":"2025-10-16T22:22:49.108Z"}
{"level":"error","message":"Error: Failed to fetch compiler-dom@3.5.22 after 3 attempts.\n    at fetchAndCachePackage (C:\\Users\\priya\\OneDrive\\Desktop\\CodeCache-Pro\\backend\\src\\fetchers\\npmFetcher.js:172:23)\n    at process.processTicksAndRejections (node:internal/process/task_queues:105:5)\n    at async handleNpmRequest (C:\\Users\\priya\\OneDrive\\Desktop\\CodeCache-Pro\\backend\\src\\fetchers\\npmFetcher.js:93:21)","timestamp":"2025-10-16T22:22:49.108Z"}
{"level":"info","message":"[MISS] server-renderer@3.5.22. Fetching from upstream.","timestamp":"2025-10-16T22:22:49.988Z"}
{"level":"error","message":"Attempt 1 failed for server-renderer@3.5.22: Could not find shasum for server-renderer@3.5.22 in metadata.","timestamp":"2025-10-16T22:22:50.114Z"}
{"level":"error","message":"Attempt 2 failed for server-renderer@3.5.22: Could not find shasum for server-renderer@3.5.22 in metadata.","timestamp":"2025-10-16T22:22:50.455Z"}
{"level":"error","message":"Attempt 3 failed for server-renderer@3.5.22: Could not find shasum for server-renderer@3.5.22 in metadata.","timestamp":"2025-10-16T22:22:51.069Z"}
{"level":"error","message":"[FAIL] Failed to fetch and cache server-renderer@3.5.22: Failed to fetch server-renderer@3.5.22 after 3 attempts.","stack":"Error: Failed to fetch server-renderer@3.5.22 after 3 attempts.\n    at fetchAndCachePackage (C:\\Users\\priya\\OneDrive\\Desktop\\CodeCache-Pro\\backend\\src\\fetchers\\npmFetcher.js:172:23)\n    at process.processTicksAndRejections (node:internal/process/task_queues:105:5)\n    at async handleNpmRequest (C:\\Users\\priya\\OneDrive\\Desktop\\CodeCache-Pro\\backend\\src\\fetchers\\npmFetcher.js:93:21)","timestamp":"2025-10-16T22:22:51.069Z"}
{"level":"error","message":"500 - Failed to fetch server-renderer@3.5.22 after 3 attempts. - /npm/@vue/server-renderer/-/server-renderer-3.5.22.tgz - GET - 192.168.137.112","timestamp":"2025-10-16T22:22:51.071Z"}
{"level":"error","message":"Error: Failed to fetch server-renderer@3.5.22 after 3 attempts.\n    at fetchAndCachePackage (C:\\Users\\priya\\OneDrive\\Desktop\\CodeCache-Pro\\backend\\src\\fetchers\\npmFetcher.js:172:23)\n    at process.processTicksAndRejections (node:internal/process/task_queues:105:5)\n    at async handleNpmRequest (C:\\Users\\priya\\OneDrive\\Desktop\\CodeCache-Pro\\backend\\src\\fetchers\\npmFetcher.js:93:21)","timestamp":"2025-10-16T22:22:51.071Z"}
{"level":"warn","message":"Blocked unsupported method POST for /npm/-/npm/v1/security/advisories/bulk","timestamp":"2025-10-16T22:23:44.676Z"}
{"level":"warn","message":"Blocked unsupported method POST for /npm/-/npm/v1/security/audits/quick","timestamp":"2025-10-16T22:23:44.722Z"}
{"level":"warn","message":"Blocked unsupported method POST for /npm/-/npm/v1/security/advisories/bulk","timestamp":"2025-10-16T22:24:49.954Z"}
{"level":"warn","message":"Blocked unsupported method POST for /npm/-/npm/v1/security/audits/quick","timestamp":"2025-10-16T22:24:50.026Z"}
{"level":"info","message":"[MISS] reactivity@3.5.22. Fetching from upstream.","timestamp":"2025-10-16T22:24:50.028Z"}
{"level":"info","message":"[MISS] compiler-ssr@3.5.22. Fetching from upstream.","timestamp":"2025-10-16T22:24:50.028Z"}
{"level":"info","message":"[MISS] runtime-core@3.5.22. Fetching from upstream.","timestamp":"2025-10-16T22:24:50.029Z"}
{"level":"info","message":"[MISS] compiler-core@3.5.22. Fetching from upstream.","timestamp":"2025-10-16T22:24:50.029Z"}
{"level":"info","message":"[MISS] server-renderer@3.5.22. Fetching from upstream.","timestamp":"2025-10-16T22:24:50.085Z"}
{"level":"info","message":"[MISS] shared@3.5.22. Fetching from upstream.","timestamp":"2025-10-16T22:24:50.087Z"}
{"level":"info","message":"[MISS] runtime-dom@3.5.22. Fetching from upstream.","timestamp":"2025-10-16T22:24:50.089Z"}
{"level":"info","message":"[MISS] compiler-sfc@3.5.22. Fetching from upstream.","timestamp":"2025-10-16T22:24:50.116Z"}
{"level":"info","message":"[MISS] compiler-dom@3.5.22. Fetching from upstream.","timestamp":"2025-10-16T22:24:50.123Z"}
{"level":"error","message":"Attempt 1 failed for compiler-core@3.5.22: Cannot read properties of undefined (reading '3.5.22')","timestamp":"2025-10-16T22:24:50.870Z"}
{"level":"error","message":"Attempt 1 failed for reactivity@3.5.22: Could not find shasum for reactivity@3.5.22 in metadata.","timestamp":"2025-10-16T22:24:50.871Z"}
{"level":"error","message":"Attempt 2 failed for reactivity@3.5.22: Could not find shasum for reactivity@3.5.22 in metadata.","timestamp":"2025-10-16T22:24:50.911Z"}
{"level":"error","message":"Attempt 2 failed for compiler-core@3.5.22: Cannot read properties of undefined (reading '3.5.22')","timestamp":"2025-10-16T22:24:50.912Z"}
{"level":"error","message":"Attempt 1 failed for runtime-core@3.5.22: Cannot read properties of undefined (reading '3.5.22')","timestamp":"2025-10-16T22:24:50.913Z"}
{"level":"error","message":"Attempt 1 failed for compiler-ssr@3.5.22: Cannot read properties of undefined (reading '3.5.22')","timestamp":"2025-10-16T22:24:50.919Z"}
{"level":"error","message":"Attempt 1 failed for runtime-dom@3.5.22: Cannot read properties of undefined (reading '3.5.22')","timestamp":"2025-10-16T22:24:50.995Z"}
{"level":"error","message":"Attempt 1 failed for server-renderer@3.5.22: Could not find shasum for server-renderer@3.5.22 in metadata.","timestamp":"2025-10-16T22:24:50.998Z"}
{"level":"error","message":"Attempt 2 failed for runtime-core@3.5.22: Cannot read properties of undefined (reading '3.5.22')","timestamp":"2025-10-16T22:24:51.049Z"}
{"level":"error","message":"Attempt 3 failed for compiler-core@3.5.22: Cannot read properties of undefined (reading '3.5.22')","timestamp":"2025-10-16T22:24:51.051Z"}
{"level":"error","message":"[FAIL] Failed to fetch and cache compiler-core@3.5.22: Failed to fetch compiler-core@3.5.22 after 3 attempts.","stack":"Error: Failed to fetch compiler-core@3.5.22 after 3 attempts.\n    at fetchAndCachePackage (C:\\Users\\priya\\OneDrive\\Desktop\\CodeCache-Pro\\backend\\src\\fetchers\\npmFetcher.js:172:23)\n    at process.processTicksAndRejections (node:internal/process/task_queues:105:5)\n    at async handleNpmRequest (C:\\Users\\priya\\OneDrive\\Desktop\\CodeCache-Pro\\backend\\src\\fetchers\\npmFetcher.js:93:21)","timestamp":"2025-10-16T22:24:51.051Z"}
{"level":"error","message":"500 - Failed to fetch compiler-core@3.5.22 after 3 attempts. - /npm/@vue/compiler-core/-/compiler-core-3.5.22.tgz - GET - 192.168.137.112","timestamp":"2025-10-16T22:24:51.051Z"}
{"level":"error","message":"Error: Failed to fetch compiler-core@3.5.22 after 3 attempts.\n    at fetchAndCachePackage (C:\\Users\\priya\\OneDrive\\Desktop\\CodeCache-Pro\\backend\\src\\fetchers\\npmFetcher.js:172:23)\n    at process.processTicksAndRejections (node:internal/process/task_queues:105:5)\n    at async handleNpmRequest (C:\\Users\\priya\\OneDrive\\Desktop\\CodeCache-Pro\\backend\\src\\fetchers\\npmFetcher.js:93:21)","timestamp":"2025-10-16T22:24:51.051Z"}
{"level":"error","message":"Attempt 3 failed for reactivity@3.5.22: Could not find shasum for reactivity@3.5.22 in metadata.","timestamp":"2025-10-16T22:24:51.063Z"}
{"level":"error","message":"[FAIL] Failed to fetch and cache reactivity@3.5.22: Failed to fetch reactivity@3.5.22 after 3 attempts.","stack":"Error: Failed to fetch reactivity@3.5.22 after 3 attempts.\n    at fetchAndCachePackage (C:\\Users\\priya\\OneDrive\\Desktop\\CodeCache-Pro\\backend\\src\\fetchers\\npmFetcher.js:172:23)\n    at process.processTicksAndRejections (node:internal/process/task_queues:105:5)\n    at async handleNpmRequest (C:\\Users\\priya\\OneDrive\\Desktop\\CodeCache-Pro\\backend\\src\\fetchers\\npmFetcher.js:93:21)","timestamp":"2025-10-16T22:24:51.063Z"}
{"level":"error","message":"500 - Failed to fetch reactivity@3.5.22 after 3 attempts. - /npm/@vue/reactivity/-/reactivity-3.5.22.tgz - GET - 192.168.137.112","timestamp":"2025-10-16T22:24:51.064Z"}
{"level":"error","message":"Error: Failed to fetch reactivity@3.5.22 after 3 attempts.\n    at fetchAndCachePackage (C:\\Users\\priya\\OneDrive\\Desktop\\CodeCache-Pro\\backend\\src\\fetchers\\npmFetcher.js:172:23)\n    at process.processTicksAndRejections (node:internal/process/task_queues:105:5)\n    at async handleNpmRequest (C:\\Users\\priya\\OneDrive\\Desktop\\CodeCache-Pro\\backend\\src\\fetchers\\npmFetcher.js:93:21)","timestamp":"2025-10-16T22:24:51.064Z"}
{"level":"error","message":"Attempt 2 failed for compiler-ssr@3.5.22: Cannot read properties of undefined (reading '3.5.22')","timestamp":"2025-10-16T22:24:51.065Z"}
{"level":"error","message":"Attempt 2 failed for runtime-dom@3.5.22: Cannot read properties of undefined (reading '3.5.22')","timestamp":"2025-10-16T22:24:51.068Z"}
{"level":"error","message":"Attempt 1 failed for compiler-dom@3.5.22: Cannot read properties of undefined (reading '3.5.22')","timestamp":"2025-10-16T22:24:51.137Z"}
{"level":"error","message":"Attempt 2 failed for server-renderer@3.5.22: Could not find shasum for server-renderer@3.5.22 in metadata.","timestamp":"2025-10-16T22:24:51.142Z"}
{"level":"error","message":"Attempt 3 failed for runtime-dom@3.5.22: Cannot read properties of undefined (reading '3.5.22')","timestamp":"2025-10-16T22:24:51.207Z"}
{"level":"error","message":"[FAIL] Failed to fetch and cache runtime-dom@3.5.22: Failed to fetch runtime-dom@3.5.22 after 3 attempts.","stack":"Error: Failed to fetch runtime-dom@3.5.22 after 3 attempts.\n    at fetchAndCachePackage (C:\\Users\\priya\\OneDrive\\Desktop\\CodeCache-Pro\\backend\\src\\fetchers\\npmFetcher.js:172:23)\n    at process.processTicksAndRejections (node:internal/process/task_queues:105:5)\n    at async handleNpmRequest (C:\\Users\\priya\\OneDrive\\Desktop\\CodeCache-Pro\\backend\\src\\fetchers\\npmFetcher.js:93:21)","timestamp":"2025-10-16T22:24:51.208Z"}
{"level":"error","message":"500 - Failed to fetch runtime-dom@3.5.22 after 3 attempts. - /npm/@vue/runtime-dom/-/runtime-dom-3.5.22.tgz - GET - 192.168.137.112","timestamp":"2025-10-16T22:24:51.208Z"}
{"level":"error","message":"Error: Failed to fetch runtime-dom@3.5.22 after 3 attempts.\n    at fetchAndCachePackage (C:\\Users\\priya\\OneDrive\\Desktop\\CodeCache-Pro\\backend\\src\\fetchers\\npmFetcher.js:172:23)\n    at process.processTicksAndRejections (node:internal/process/task_queues:105:5)\n    at async handleNpmRequest (C:\\Users\\priya\\OneDrive\\Desktop\\CodeCache-Pro\\backend\\src\\fetchers\\npmFetcher.js:93:21)","timestamp":"2025-10-16T22:24:51.208Z"}
{"level":"error","message":"Attempt 3 failed for runtime-core@3.5.22: Cannot read properties of undefined (reading '3.5.22')","timestamp":"2025-10-16T22:24:51.209Z"}
{"level":"error","message":"[FAIL] Failed to fetch and cache runtime-core@3.5.22: Failed to fetch runtime-core@3.5.22 after 3 attempts.","stack":"Error: Failed to fetch runtime-core@3.5.22 after 3 attempts.\n    at fetchAndCachePackage (C:\\Users\\priya\\OneDrive\\Desktop\\CodeCache-Pro\\backend\\src\\fetchers\\npmFetcher.js:172:23)\n    at process.processTicksAndRejections (node:internal/process/task_queues:105:5)\n    at async handleNpmRequest (C:\\Users\\priya\\OneDrive\\Desktop\\CodeCache-Pro\\backend\\src\\fetchers\\npmFetcher.js:93:21)","timestamp":"2025-10-16T22:24:51.209Z"}
{"level":"error","message":"500 - Failed to fetch runtime-core@3.5.22 after 3 attempts. - /npm/@vue/runtime-core/-/runtime-core-3.5.22.tgz - GET - 192.168.137.112","timestamp":"2025-10-16T22:24:51.209Z"}
{"level":"error","message":"Error: Failed to fetch runtime-core@3.5.22 after 3 attempts.\n    at fetchAndCachePackage (C:\\Users\\priya\\OneDrive\\Desktop\\CodeCache-Pro\\backend\\src\\fetchers\\npmFetcher.js:172:23)\n    at process.processTicksAndRejections (node:internal/process/task_queues:105:5)\n    at async handleNpmRequest (C:\\Users\\priya\\OneDrive\\Desktop\\CodeCache-Pro\\backend\\src\\fetchers\\npmFetcher.js:93:21)","timestamp":"2025-10-16T22:24:51.210Z"}
{"level":"error","message":"Attempt 3 failed for compiler-ssr@3.5.22: Cannot read properties of undefined (reading '3.5.22')","timestamp":"2025-10-16T22:24:51.244Z"}
{"level":"error","message":"[FAIL] Failed to fetch and cache compiler-ssr@3.5.22: Failed to fetch compiler-ssr@3.5.22 after 3 attempts.","stack":"Error: Failed to fetch compiler-ssr@3.5.22 after 3 attempts.\n    at fetchAndCachePackage (C:\\Users\\priya\\OneDrive\\Desktop\\CodeCache-Pro\\backend\\src\\fetchers\\npmFetcher.js:172:23)\n    at process.processTicksAndRejections (node:internal/process/task_queues:105:5)\n    at async handleNpmRequest (C:\\Users\\priya\\OneDrive\\Desktop\\CodeCache-Pro\\backend\\src\\fetchers\\npmFetcher.js:93:21)","timestamp":"2025-10-16T22:24:51.244Z"}
{"level":"error","message":"500 - Failed to fetch compiler-ssr@3.5.22 after 3 attempts. - /npm/@vue/compiler-ssr/-/compiler-ssr-3.5.22.tgz - GET - 192.168.137.112","timestamp":"2025-10-16T22:24:51.245Z"}
{"level":"error","message":"Error: Failed to fetch compiler-ssr@3.5.22 after 3 attempts.\n    at fetchAndCachePackage (C:\\Users\\priya\\OneDrive\\Desktop\\CodeCache-Pro\\backend\\src\\fetchers\\npmFetcher.js:172:23)\n    at process.processTicksAndRejections (node:internal/process/task_queues:105:5)\n    at async handleNpmRequest (C:\\Users\\priya\\OneDrive\\Desktop\\CodeCache-Pro\\backend\\src\\fetchers\\npmFetcher.js:93:21)","timestamp":"2025-10-16T22:24:51.245Z"}
{"level":"error","message":"Attempt 2 failed for compiler-dom@3.5.22: Cannot read properties of undefined (reading '3.5.22')","timestamp":"2025-10-16T22:24:51.249Z"}
{"level":"error","message":"Attempt 3 failed for server-renderer@3.5.22: Could not find shasum for server-renderer@3.5.22 in metadata.","timestamp":"2025-10-16T22:24:51.286Z"}
{"level":"error","message":"[FAIL] Failed to fetch and cache server-renderer@3.5.22: Failed to fetch server-renderer@3.5.22 after 3 attempts.","stack":"Error: Failed to fetch server-renderer@3.5.22 after 3 attempts.\n    at fetchAndCachePackage (C:\\Users\\priya\\OneDrive\\Desktop\\CodeCache-Pro\\backend\\src\\fetchers\\npmFetcher.js:172:23)\n    at process.processTicksAndRejections (node:internal/process/task_queues:105:5)\n    at async handleNpmRequest (C:\\Users\\priya\\OneDrive\\Desktop\\CodeCache-Pro\\backend\\src\\fetchers\\npmFetcher.js:93:21)","timestamp":"2025-10-16T22:24:51.286Z"}
{"level":"error","message":"500 - Failed to fetch server-renderer@3.5.22 after 3 attempts. - /npm/@vue/server-renderer/-/server-renderer-3.5.22.tgz - GET - 192.168.137.112","timestamp":"2025-10-16T22:24:51.286Z"}
{"level":"error","message":"Error: Failed to fetch server-renderer@3.5.22 after 3 attempts.\n    at fetchAndCachePackage (C:\\Users\\priya\\OneDrive\\Desktop\\CodeCache-Pro\\backend\\src\\fetchers\\npmFetcher.js:172:23)\n    at process.processTicksAndRejections (node:internal/process/task_queues:105:5)\n    at async handleNpmRequest (C:\\Users\\priya\\OneDrive\\Desktop\\CodeCache-Pro\\backend\\src\\fetchers\\npmFetcher.js:93:21)","timestamp":"2025-10-16T22:24:51.287Z"}
{"level":"error","message":"Attempt 3 failed for compiler-dom@3.5.22: Cannot read properties of undefined (reading '3.5.22')","timestamp":"2025-10-16T22:24:51.362Z"}
{"level":"error","message":"[FAIL] Failed to fetch and cache compiler-dom@3.5.22: Failed to fetch compiler-dom@3.5.22 after 3 attempts.","stack":"Error: Failed to fetch compiler-dom@3.5.22 after 3 attempts.\n    at fetchAndCachePackage (C:\\Users\\priya\\OneDrive\\Desktop\\CodeCache-Pro\\backend\\src\\fetchers\\npmFetcher.js:172:23)\n    at process.processTicksAndRejections (node:internal/process/task_queues:105:5)\n    at async handleNpmRequest (C:\\Users\\priya\\OneDrive\\Desktop\\CodeCache-Pro\\backend\\src\\fetchers\\npmFetcher.js:93:21)","timestamp":"2025-10-16T22:24:51.362Z"}
{"level":"error","message":"500 - Failed to fetch compiler-dom@3.5.22 after 3 attempts. - /npm/@vue/compiler-dom/-/compiler-dom-3.5.22.tgz - GET - 192.168.137.112","timestamp":"2025-10-16T22:24:51.362Z"}
{"level":"error","message":"Error: Failed to fetch compiler-dom@3.5.22 after 3 attempts.\n    at fetchAndCachePackage (C:\\Users\\priya\\OneDrive\\Desktop\\CodeCache-Pro\\backend\\src\\fetchers\\npmFetcher.js:172:23)\n    at process.processTicksAndRejections (node:internal/process/task_queues:105:5)\n    at async handleNpmRequest (C:\\Users\\priya\\OneDrive\\Desktop\\CodeCache-Pro\\backend\\src\\fetchers\\npmFetcher.js:93:21)","timestamp":"2025-10-16T22:24:51.363Z"}
{"level":"error","message":"Attempt 1 failed for shared@3.5.22: Could not find shasum for shared@3.5.22 in metadata.","timestamp":"2025-10-16T22:24:51.583Z"}
{"level":"error","message":"Attempt 1 failed for compiler-sfc@3.5.22: Cannot read properties of undefined (reading '3.5.22')","timestamp":"2025-10-16T22:24:51.628Z"}
{"level":"error","message":"Attempt 2 failed for shared@3.5.22: Could not find shasum for shared@3.5.22 in metadata.","timestamp":"2025-10-16T22:24:51.642Z"}
{"level":"error","message":"Attempt 2 failed for compiler-sfc@3.5.22: Cannot read properties of undefined (reading '3.5.22')","timestamp":"2025-10-16T22:24:51.699Z"}
{"level":"error","message":"Attempt 3 failed for shared@3.5.22: Could not find shasum for shared@3.5.22 in metadata.","timestamp":"2025-10-16T22:24:51.700Z"}
{"level":"error","message":"[FAIL] Failed to fetch and cache shared@3.5.22: Failed to fetch shared@3.5.22 after 3 attempts.","stack":"Error: Failed to fetch shared@3.5.22 after 3 attempts.\n    at fetchAndCachePackage (C:\\Users\\priya\\OneDrive\\Desktop\\CodeCache-Pro\\backend\\src\\fetchers\\npmFetcher.js:172:23)\n    at process.processTicksAndRejections (node:internal/process/task_queues:105:5)\n    at async handleNpmRequest (C:\\Users\\priya\\OneDrive\\Desktop\\CodeCache-Pro\\backend\\src\\fetchers\\npmFetcher.js:93:21)","timestamp":"2025-10-16T22:24:51.700Z"}
{"level":"error","message":"500 - Failed to fetch shared@3.5.22 after 3 attempts. - /npm/@vue/shared/-/shared-3.5.22.tgz - GET - 192.168.137.112","timestamp":"2025-10-16T22:24:51.701Z"}
{"level":"error","message":"Error: Failed to fetch shared@3.5.22 after 3 attempts.\n    at fetchAndCachePackage (C:\\Users\\priya\\OneDrive\\Desktop\\CodeCache-Pro\\backend\\src\\fetchers\\npmFetcher.js:172:23)\n    at process.processTicksAndRejections (node:internal/process/task_queues:105:5)\n    at async handleNpmRequest (C:\\Users\\priya\\OneDrive\\Desktop\\CodeCache-Pro\\backend\\src\\fetchers\\npmFetcher.js:93:21)","timestamp":"2025-10-16T22:24:51.701Z"}
{"level":"error","message":"Attempt 3 failed for compiler-sfc@3.5.22: Cannot read properties of undefined (reading '3.5.22')","timestamp":"2025-10-16T22:24:51.918Z"}
{"level":"error","message":"[FAIL] Failed to fetch and cache compiler-sfc@3.5.22: Failed to fetch compiler-sfc@3.5.22 after 3 attempts.","stack":"Error: Failed to fetch compiler-sfc@3.5.22 after 3 attempts.\n    at fetchAndCachePackage (C:\\Users\\priya\\OneDrive\\Desktop\\CodeCache-Pro\\backend\\src\\fetchers\\npmFetcher.js:172:23)\n    at process.processTicksAndRejections (node:internal/process/task_queues:105:5)\n    at async handleNpmRequest (C:\\Users\\priya\\OneDrive\\Desktop\\CodeCache-Pro\\backend\\src\\fetchers\\npmFetcher.js:93:21)","timestamp":"2025-10-16T22:24:51.919Z"}
{"level":"error","message":"500 - Failed to fetch compiler-sfc@3.5.22 after 3 attempts. - /npm/@vue/compiler-sfc/-/compiler-sfc-3.5.22.tgz - GET - 192.168.137.112","timestamp":"2025-10-16T22:24:51.919Z"}
{"level":"error","message":"Error: Failed to fetch compiler-sfc@3.5.22 after 3 attempts.\n    at fetchAndCachePackage (C:\\Users\\priya\\OneDrive\\Desktop\\CodeCache-Pro\\backend\\src\\fetchers\\npmFetcher.js:172:23)\n    at process.processTicksAndRejections (node:internal/process/task_queues:105:5)\n    at async handleNpmRequest (C:\\Users\\priya\\OneDrive\\Desktop\\CodeCache-Pro\\backend\\src\\fetchers\\npmFetcher.js:93:21)","timestamp":"2025-10-16T22:24:51.920Z"}
{"level":"info","message":"[MISS] compiler-core@3.5.22. Fetching from upstream.","timestamp":"2025-10-16T22:25:01.341Z"}
{"level":"info","message":"[MISS] reactivity@3.5.22. Fetching from upstream.","timestamp":"2025-10-16T22:25:01.359Z"}
{"level":"info","message":"[MISS] runtime-dom@3.5.22. Fetching from upstream.","timestamp":"2025-10-16T22:25:01.362Z"}
{"level":"info","message":"[MISS] runtime-core@3.5.22. Fetching from upstream.","timestamp":"2025-10-16T22:25:01.365Z"}
{"level":"info","message":"[MISS] compiler-ssr@3.5.22. Fetching from upstream.","timestamp":"2025-10-16T22:25:01.367Z"}
{"level":"info","message":"[MISS] server-renderer@3.5.22. Fetching from upstream.","timestamp":"2025-10-16T22:25:01.369Z"}
{"level":"error","message":"Attempt 1 failed for compiler-core@3.5.22: Cannot read properties of undefined (reading '3.5.22')","timestamp":"2025-10-16T22:25:01.670Z"}
{"level":"info","message":"[MISS] compiler-dom@3.5.22. Fetching from upstream.","timestamp":"2025-10-16T22:25:01.671Z"}
{"level":"error","message":"Attempt 1 failed for reactivity@3.5.22: Could not find shasum for reactivity@3.5.22 in metadata.","timestamp":"2025-10-16T22:25:01.677Z"}
{"level":"error","message":"Attempt 2 failed for compiler-core@3.5.22: Cannot read properties of undefined (reading '3.5.22')","timestamp":"2025-10-16T22:25:04.679Z"}
{"level":"error","message":"Attempt 2 failed for reactivity@3.5.22: Could not find shasum for reactivity@3.5.22 in metadata.","timestamp":"2025-10-16T22:25:04.681Z"}
{"level":"error","message":"Attempt 1 failed for runtime-core@3.5.22: Cannot read properties of undefined (reading '3.5.22')","timestamp":"2025-10-16T22:25:04.683Z"}
{"level":"error","message":"Attempt 1 failed for compiler-ssr@3.5.22: Cannot read properties of undefined (reading '3.5.22')","timestamp":"2025-10-16T22:25:04.685Z"}
{"level":"error","message":"Attempt 3 failed for compiler-core@3.5.22: Cannot read properties of undefined (reading '3.5.22')","timestamp":"2025-10-16T22:25:04.769Z"}
{"level":"error","message":"[FAIL] Failed to fetch and cache compiler-core@3.5.22: Failed to fetch compiler-core@3.5.22 after 3 attempts.","stack":"Error: Failed to fetch compiler-core@3.5.22 after 3 attempts.\n    at fetchAndCachePackage (C:\\Users\\priya\\OneDrive\\Desktop\\CodeCache-Pro\\backend\\src\\fetchers\\npmFetcher.js:172:23)\n    at process.processTicksAndRejections (node:internal/process/task_queues:105:5)\n    at async handleNpmRequest (C:\\Users\\priya\\OneDrive\\Desktop\\CodeCache-Pro\\backend\\src\\fetchers\\npmFetcher.js:93:21)","timestamp":"2025-10-16T22:25:04.770Z"}
{"level":"error","message":"500 - Failed to fetch compiler-core@3.5.22 after 3 attempts. - /npm/@vue/compiler-core/-/compiler-core-3.5.22.tgz - GET - 192.168.137.112","timestamp":"2025-10-16T22:25:04.770Z"}
{"level":"error","message":"Error: Failed to fetch compiler-core@3.5.22 after 3 attempts.\n    at fetchAndCachePackage (C:\\Users\\priya\\OneDrive\\Desktop\\CodeCache-Pro\\backend\\src\\fetchers\\npmFetcher.js:172:23)\n    at process.processTicksAndRejections (node:internal/process/task_queues:105:5)\n    at async handleNpmRequest (C:\\Users\\priya\\OneDrive\\Desktop\\CodeCache-Pro\\backend\\src\\fetchers\\npmFetcher.js:93:21)","timestamp":"2025-10-16T22:25:04.771Z"}
{"level":"error","message":"Attempt 2 failed for compiler-ssr@3.5.22: Cannot read properties of undefined (reading '3.5.22')","timestamp":"2025-10-16T22:25:04.825Z"}
{"level":"error","message":"Attempt 3 failed for reactivity@3.5.22: Could not find shasum for reactivity@3.5.22 in metadata.","timestamp":"2025-10-16T22:25:04.827Z"}
{"level":"error","message":"[FAIL] Failed to fetch and cache reactivity@3.5.22: Failed to fetch reactivity@3.5.22 after 3 attempts.","stack":"Error: Failed to fetch reactivity@3.5.22 after 3 attempts.\n    at fetchAndCachePackage (C:\\Users\\priya\\OneDrive\\Desktop\\CodeCache-Pro\\backend\\src\\fetchers\\npmFetcher.js:172:23)\n    at process.processTicksAndRejections (node:internal/process/task_queues:105:5)\n    at async handleNpmRequest (C:\\Users\\priya\\OneDrive\\Desktop\\CodeCache-Pro\\backend\\src\\fetchers\\npmFetcher.js:93:21)","timestamp":"2025-10-16T22:25:04.828Z"}
{"level":"error","message":"500 - Failed to fetch reactivity@3.5.22 after 3 attempts. - /npm/@vue/reactivity/-/reactivity-3.5.22.tgz - GET - 192.168.137.112","timestamp":"2025-10-16T22:25:04.828Z"}
{"level":"error","message":"Error: Failed to fetch reactivity@3.5.22 after 3 attempts.\n    at fetchAndCachePackage (C:\\Users\\priya\\OneDrive\\Desktop\\CodeCache-Pro\\backend\\src\\fetchers\\npmFetcher.js:172:23)\n    at process.processTicksAndRejections (node:internal/process/task_queues:105:5)\n    at async handleNpmRequest (C:\\Users\\priya\\OneDrive\\Desktop\\CodeCache-Pro\\backend\\src\\fetchers\\npmFetcher.js:93:21)","timestamp":"2025-10-16T22:25:04.828Z"}
{"level":"error","message":"Attempt 2 failed for runtime-core@3.5.22: Cannot read properties of undefined (reading '3.5.22')","timestamp":"2025-10-16T22:25:04.832Z"}
{"level":"info","message":"[MISS] compiler-sfc@3.5.22. Fetching from upstream.","timestamp":"2025-10-16T22:25:04.920Z"}
{"level":"error","message":"Attempt 1 failed for server-renderer@3.5.22: Could not find shasum for server-renderer@3.5.22 in metadata.","timestamp":"2025-10-16T22:25:05.111Z"}
{"level":"error","message":"Attempt 3 failed for compiler-ssr@3.5.22: Cannot read properties of undefined (reading '3.5.22')","timestamp":"2025-10-16T22:25:05.118Z"}
{"level":"error","message":"[FAIL] Failed to fetch and cache compiler-ssr@3.5.22: Failed to fetch compiler-ssr@3.5.22 after 3 attempts.","stack":"Error: Failed to fetch compiler-ssr@3.5.22 after 3 attempts.\n    at fetchAndCachePackage (C:\\Users\\priya\\OneDrive\\Desktop\\CodeCache-Pro\\backend\\src\\fetchers\\npmFetcher.js:172:23)\n    at process.processTicksAndRejections (node:internal/process/task_queues:105:5)\n    at async handleNpmRequest (C:\\Users\\priya\\OneDrive\\Desktop\\CodeCache-Pro\\backend\\src\\fetchers\\npmFetcher.js:93:21)","timestamp":"2025-10-16T22:25:05.118Z"}
{"level":"error","message":"500 - Failed to fetch compiler-ssr@3.5.22 after 3 attempts. - /npm/@vue/compiler-ssr/-/compiler-ssr-3.5.22.tgz - GET - 192.168.137.112","timestamp":"2025-10-16T22:25:05.119Z"}
{"level":"error","message":"Error: Failed to fetch compiler-ssr@3.5.22 after 3 attempts.\n    at fetchAndCachePackage (C:\\Users\\priya\\OneDrive\\Desktop\\CodeCache-Pro\\backend\\src\\fetchers\\npmFetcher.js:172:23)\n    at process.processTicksAndRejections (node:internal/process/task_queues:105:5)\n    at async handleNpmRequest (C:\\Users\\priya\\OneDrive\\Desktop\\CodeCache-Pro\\backend\\src\\fetchers\\npmFetcher.js:93:21)","timestamp":"2025-10-16T22:25:05.119Z"}
{"level":"error","message":"Attempt 3 failed for runtime-core@3.5.22: Cannot read properties of undefined (reading '3.5.22')","timestamp":"2025-10-16T22:25:05.121Z"}
{"level":"error","message":"[FAIL] Failed to fetch and cache runtime-core@3.5.22: Failed to fetch runtime-core@3.5.22 after 3 attempts.","stack":"Error: Failed to fetch runtime-core@3.5.22 after 3 attempts.\n    at fetchAndCachePackage (C:\\Users\\priya\\OneDrive\\Desktop\\CodeCache-Pro\\backend\\src\\fetchers\\npmFetcher.js:172:23)\n    at process.processTicksAndRejections (node:internal/process/task_queues:105:5)\n    at async handleNpmRequest (C:\\Users\\priya\\OneDrive\\Desktop\\CodeCache-Pro\\backend\\src\\fetchers\\npmFetcher.js:93:21)","timestamp":"2025-10-16T22:25:05.122Z"}
{"level":"error","message":"500 - Failed to fetch runtime-core@3.5.22 after 3 attempts. - /npm/@vue/runtime-core/-/runtime-core-3.5.22.tgz - GET - 192.168.137.112","timestamp":"2025-10-16T22:25:05.122Z"}
{"level":"error","message":"Error: Failed to fetch runtime-core@3.5.22 after 3 attempts.\n    at fetchAndCachePackage (C:\\Users\\priya\\OneDrive\\Desktop\\CodeCache-Pro\\backend\\src\\fetchers\\npmFetcher.js:172:23)\n    at process.processTicksAndRejections (node:internal/process/task_queues:105:5)\n    at async handleNpmRequest (C:\\Users\\priya\\OneDrive\\Desktop\\CodeCache-Pro\\backend\\src\\fetchers\\npmFetcher.js:93:21)","timestamp":"2025-10-16T22:25:05.123Z"}
{"level":"error","message":"Attempt 1 failed for compiler-sfc@3.5.22: Cannot read properties of undefined (reading '3.5.22')","timestamp":"2025-10-16T22:25:05.124Z"}
{"level":"info","message":"[MISS] shared@3.5.22. Fetching from upstream.","timestamp":"2025-10-16T22:25:05.146Z"}
{"level":"error","message":"Attempt 2 failed for compiler-sfc@3.5.22: Cannot read properties of undefined (reading '3.5.22')","timestamp":"2025-10-16T22:25:05.169Z"}
{"level":"error","message":"Attempt 1 failed for compiler-dom@3.5.22: Cannot read properties of undefined (reading '3.5.22')","timestamp":"2025-10-16T22:25:05.170Z"}
{"level":"error","message":"Attempt 1 failed for shared@3.5.22: Could not find shasum for shared@3.5.22 in metadata.","timestamp":"2025-10-16T22:25:05.211Z"}
{"level":"error","message":"Attempt 2 failed for compiler-dom@3.5.22: Cannot read properties of undefined (reading '3.5.22')","timestamp":"2025-10-16T22:25:05.264Z"}
{"level":"error","message":"Attempt 3 failed for compiler-sfc@3.5.22: Cannot read properties of undefined (reading '3.5.22')","timestamp":"2025-10-16T22:25:05.265Z"}
{"level":"error","message":"[FAIL] Failed to fetch and cache compiler-sfc@3.5.22: Failed to fetch compiler-sfc@3.5.22 after 3 attempts.","stack":"Error: Failed to fetch compiler-sfc@3.5.22 after 3 attempts.\n    at fetchAndCachePackage (C:\\Users\\priya\\OneDrive\\Desktop\\CodeCache-Pro\\backend\\src\\fetchers\\npmFetcher.js:172:23)\n    at process.processTicksAndRejections (node:internal/process/task_queues:105:5)\n    at async handleNpmRequest (C:\\Users\\priya\\OneDrive\\Desktop\\CodeCache-Pro\\backend\\src\\fetchers\\npmFetcher.js:93:21)","timestamp":"2025-10-16T22:25:05.266Z"}
{"level":"error","message":"500 - Failed to fetch compiler-sfc@3.5.22 after 3 attempts. - /npm/@vue/compiler-sfc/-/compiler-sfc-3.5.22.tgz - GET - 192.168.137.112","timestamp":"2025-10-16T22:25:05.266Z"}
{"level":"error","message":"Error: Failed to fetch compiler-sfc@3.5.22 after 3 attempts.\n    at fetchAndCachePackage (C:\\Users\\priya\\OneDrive\\Desktop\\CodeCache-Pro\\backend\\src\\fetchers\\npmFetcher.js:172:23)\n    at process.processTicksAndRejections (node:internal/process/task_queues:105:5)\n    at async handleNpmRequest (C:\\Users\\priya\\OneDrive\\Desktop\\CodeCache-Pro\\backend\\src\\fetchers\\npmFetcher.js:93:21)","timestamp":"2025-10-16T22:25:05.266Z"}
{"level":"error","message":"Attempt 2 failed for server-renderer@3.5.22: Could not find shasum for server-renderer@3.5.22 in metadata.","timestamp":"2025-10-16T22:25:05.297Z"}
{"level":"error","message":"Attempt 2 failed for shared@3.5.22: Could not find shasum for shared@3.5.22 in metadata.","timestamp":"2025-10-16T22:25:05.308Z"}
{"level":"error","message":"Attempt 3 failed for compiler-dom@3.5.22: Cannot read properties of undefined (reading '3.5.22')","timestamp":"2025-10-16T22:25:05.364Z"}
{"level":"error","message":"[FAIL] Failed to fetch and cache compiler-dom@3.5.22: Failed to fetch compiler-dom@3.5.22 after 3 attempts.","stack":"Error: Failed to fetch compiler-dom@3.5.22 after 3 attempts.\n    at fetchAndCachePackage (C:\\Users\\priya\\OneDrive\\Desktop\\CodeCache-Pro\\backend\\src\\fetchers\\npmFetcher.js:172:23)\n    at process.processTicksAndRejections (node:internal/process/task_queues:105:5)\n    at async handleNpmRequest (C:\\Users\\priya\\OneDrive\\Desktop\\CodeCache-Pro\\backend\\src\\fetchers\\npmFetcher.js:93:21)","timestamp":"2025-10-16T22:25:05.365Z"}
{"level":"error","message":"500 - Failed to fetch compiler-dom@3.5.22 after 3 attempts. - /npm/@vue/compiler-dom/-/compiler-dom-3.5.22.tgz - GET - 192.168.137.112","timestamp":"2025-10-16T22:25:05.365Z"}
{"level":"error","message":"Error: Failed to fetch compiler-dom@3.5.22 after 3 attempts.\n    at fetchAndCachePackage (C:\\Users\\priya\\OneDrive\\Desktop\\CodeCache-Pro\\backend\\src\\fetchers\\npmFetcher.js:172:23)\n    at process.processTicksAndRejections (node:internal/process/task_queues:105:5)\n    at async handleNpmRequest (C:\\Users\\priya\\OneDrive\\Desktop\\CodeCache-Pro\\backend\\src\\fetchers\\npmFetcher.js:93:21)","timestamp":"2025-10-16T22:25:05.366Z"}
{"level":"error","message":"Attempt 3 failed for shared@3.5.22: Could not find shasum for shared@3.5.22 in metadata.","timestamp":"2025-10-16T22:25:05.367Z"}
{"level":"error","message":"[FAIL] Failed to fetch and cache shared@3.5.22: Failed to fetch shared@3.5.22 after 3 attempts.","stack":"Error: Failed to fetch shared@3.5.22 after 3 attempts.\n    at fetchAndCachePackage (C:\\Users\\priya\\OneDrive\\Desktop\\CodeCache-Pro\\backend\\src\\fetchers\\npmFetcher.js:172:23)\n    at process.processTicksAndRejections (node:internal/process/task_queues:105:5)\n    at async handleNpmRequest (C:\\Users\\priya\\OneDrive\\Desktop\\CodeCache-Pro\\backend\\src\\fetchers\\npmFetcher.js:93:21)","timestamp":"2025-10-16T22:25:05.367Z"}
{"level":"error","message":"500 - Failed to fetch shared@3.5.22 after 3 attempts. - /npm/@vue/shared/-/shared-3.5.22.tgz - GET - 192.168.137.112","timestamp":"2025-10-16T22:25:05.368Z"}
{"level":"error","message":"Error: Failed to fetch shared@3.5.22 after 3 attempts.\n    at fetchAndCachePackage (C:\\Users\\priya\\OneDrive\\Desktop\\CodeCache-Pro\\backend\\src\\fetchers\\npmFetcher.js:172:23)\n    at process.processTicksAndRejections (node:internal/process/task_queues:105:5)\n    at async handleNpmRequest (C:\\Users\\priya\\OneDrive\\Desktop\\CodeCache-Pro\\backend\\src\\fetchers\\npmFetcher.js:93:21)","timestamp":"2025-10-16T22:25:05.368Z"}
{"level":"error","message":"Attempt 1 failed for runtime-dom@3.5.22: Cannot read properties of undefined (reading '3.5.22')","timestamp":"2025-10-16T22:25:05.433Z"}
{"level":"error","message":"Attempt 3 failed for server-renderer@3.5.22: Could not find shasum for server-renderer@3.5.22 in metadata.","timestamp":"2025-10-16T22:25:05.470Z"}
{"level":"error","message":"[FAIL] Failed to fetch and cache server-renderer@3.5.22: Failed to fetch server-renderer@3.5.22 after 3 attempts.","stack":"Error: Failed to fetch server-renderer@3.5.22 after 3 attempts.\n    at fetchAndCachePackage (C:\\Users\\priya\\OneDrive\\Desktop\\CodeCache-Pro\\backend\\src\\fetchers\\npmFetcher.js:172:23)\n    at process.processTicksAndRejections (node:internal/process/task_queues:105:5)\n    at async handleNpmRequest (C:\\Users\\priya\\OneDrive\\Desktop\\CodeCache-Pro\\backend\\src\\fetchers\\npmFetcher.js:93:21)","timestamp":"2025-10-16T22:25:05.471Z"}
{"level":"error","message":"500 - Failed to fetch server-renderer@3.5.22 after 3 attempts. - /npm/@vue/server-renderer/-/server-renderer-3.5.22.tgz - GET - 192.168.137.112","timestamp":"2025-10-16T22:25:05.471Z"}
{"level":"error","message":"Error: Failed to fetch server-renderer@3.5.22 after 3 attempts.\n    at fetchAndCachePackage (C:\\Users\\priya\\OneDrive\\Desktop\\CodeCache-Pro\\backend\\src\\fetchers\\npmFetcher.js:172:23)\n    at process.processTicksAndRejections (node:internal/process/task_queues:105:5)\n    at async handleNpmRequest (C:\\Users\\priya\\OneDrive\\Desktop\\CodeCache-Pro\\backend\\src\\fetchers\\npmFetcher.js:93:21)","timestamp":"2025-10-16T22:25:05.471Z"}
{"level":"error","message":"Attempt 2 failed for runtime-dom@3.5.22: Cannot read properties of undefined (reading '3.5.22')","timestamp":"2025-10-16T22:25:05.541Z"}
{"level":"error","message":"Attempt 3 failed for runtime-dom@3.5.22: Cannot read properties of undefined (reading '3.5.22')","timestamp":"2025-10-16T22:25:05.620Z"}
{"level":"error","message":"[FAIL] Failed to fetch and cache runtime-dom@3.5.22: Failed to fetch runtime-dom@3.5.22 after 3 attempts.","stack":"Error: Failed to fetch runtime-dom@3.5.22 after 3 attempts.\n    at fetchAndCachePackage (C:\\Users\\priya\\OneDrive\\Desktop\\CodeCache-Pro\\backend\\src\\fetchers\\npmFetcher.js:172:23)\n    at process.processTicksAndRejections (node:internal/process/task_queues:105:5)\n    at async handleNpmRequest (C:\\Users\\priya\\OneDrive\\Desktop\\CodeCache-Pro\\backend\\src\\fetchers\\npmFetcher.js:93:21)","timestamp":"2025-10-16T22:25:05.620Z"}
{"level":"error","message":"500 - Failed to fetch runtime-dom@3.5.22 after 3 attempts. - /npm/@vue/runtime-dom/-/runtime-dom-3.5.22.tgz - GET - 192.168.137.112","timestamp":"2025-10-16T22:25:05.621Z"}
{"level":"error","message":"Error: Failed to fetch runtime-dom@3.5.22 after 3 attempts.\n    at fetchAndCachePackage (C:\\Users\\priya\\OneDrive\\Desktop\\CodeCache-Pro\\backend\\src\\fetchers\\npmFetcher.js:172:23)\n    at process.processTicksAndRejections (node:internal/process/task_queues:105:5)\n    at async handleNpmRequest (C:\\Users\\priya\\OneDrive\\Desktop\\CodeCache-Pro\\backend\\src\\fetchers\\npmFetcher.js:93:21)","timestamp":"2025-10-16T22:25:05.621Z"}
{"level":"info","message":"[MISS] compiler-core@3.5.22. Fetching from upstream.","timestamp":"2025-10-16T22:26:04.928Z"}
{"level":"error","message":"Attempt 1 failed for compiler-core@3.5.22: Cannot read properties of undefined (reading '3.5.22')","timestamp":"2025-10-16T22:26:05.017Z"}
{"level":"error","message":"Attempt 2 failed for compiler-core@3.5.22: Cannot read properties of undefined (reading '3.5.22')","timestamp":"2025-10-16T22:26:05.044Z"}
{"level":"error","message":"Attempt 3 failed for compiler-core@3.5.22: Cannot read properties of undefined (reading '3.5.22')","timestamp":"2025-10-16T22:26:05.070Z"}
{"level":"error","message":"[FAIL] Failed to fetch and cache compiler-core@3.5.22: Failed to fetch compiler-core@3.5.22 after 3 attempts.","stack":"Error: Failed to fetch compiler-core@3.5.22 after 3 attempts.\n    at fetchAndCachePackage (C:\\Users\\priya\\OneDrive\\Desktop\\CodeCache-Pro\\backend\\src\\fetchers\\npmFetcher.js:172:23)\n    at process.processTicksAndRejections (node:internal/process/task_queues:105:5)\n    at async handleNpmRequest (C:\\Users\\priya\\OneDrive\\Desktop\\CodeCache-Pro\\backend\\src\\fetchers\\npmFetcher.js:93:21)","timestamp":"2025-10-16T22:26:05.071Z"}
{"level":"error","message":"500 - Failed to fetch compiler-core@3.5.22 after 3 attempts. - /npm/@vue/compiler-core/-/compiler-core-3.5.22.tgz - GET - 192.168.137.112","timestamp":"2025-10-16T22:26:05.071Z"}
{"level":"error","message":"Error: Failed to fetch compiler-core@3.5.22 after 3 attempts.\n    at fetchAndCachePackage (C:\\Users\\priya\\OneDrive\\Desktop\\CodeCache-Pro\\backend\\src\\fetchers\\npmFetcher.js:172:23)\n    at process.processTicksAndRejections (node:internal/process/task_queues:105:5)\n    at async handleNpmRequest (C:\\Users\\priya\\OneDrive\\Desktop\\CodeCache-Pro\\backend\\src\\fetchers\\npmFetcher.js:93:21)","timestamp":"2025-10-16T22:26:05.071Z"}
{"level":"info","message":"[MISS] reactivity@3.5.22. Fetching from upstream.","timestamp":"2025-10-16T22:26:05.129Z"}
{"level":"error","message":"Attempt 1 failed for reactivity@3.5.22: Could not find shasum for reactivity@3.5.22 in metadata.","timestamp":"2025-10-16T22:26:05.175Z"}
{"level":"info","message":"[MISS] compiler-ssr@3.5.22. Fetching from upstream.","timestamp":"2025-10-16T22:26:05.199Z"}
{"level":"info","message":"[MISS] runtime-core@3.5.22. Fetching from upstream.","timestamp":"2025-10-16T22:26:05.205Z"}
{"level":"error","message":"Attempt 2 failed for reactivity@3.5.22: Could not find shasum for reactivity@3.5.22 in metadata.","timestamp":"2025-10-16T22:26:05.219Z"}
{"level":"error","message":"Attempt 3 failed for reactivity@3.5.22: Could not find shasum for reactivity@3.5.22 in metadata.","timestamp":"2025-10-16T22:26:05.266Z"}
{"level":"error","message":"[FAIL] Failed to fetch and cache reactivity@3.5.22: Failed to fetch reactivity@3.5.22 after 3 attempts.","stack":"Error: Failed to fetch reactivity@3.5.22 after 3 attempts.\n    at fetchAndCachePackage (C:\\Users\\priya\\OneDrive\\Desktop\\CodeCache-Pro\\backend\\src\\fetchers\\npmFetcher.js:172:23)\n    at process.processTicksAndRejections (node:internal/process/task_queues:105:5)\n    at async handleNpmRequest (C:\\Users\\priya\\OneDrive\\Desktop\\CodeCache-Pro\\backend\\src\\fetchers\\npmFetcher.js:93:21)","timestamp":"2025-10-16T22:26:05.267Z"}
{"level":"error","message":"500 - Failed to fetch reactivity@3.5.22 after 3 attempts. - /npm/@vue/reactivity/-/reactivity-3.5.22.tgz - GET - 192.168.137.112","timestamp":"2025-10-16T22:26:05.268Z"}
{"level":"error","message":"Error: Failed to fetch reactivity@3.5.22 after 3 attempts.\n    at fetchAndCachePackage (C:\\Users\\priya\\OneDrive\\Desktop\\CodeCache-Pro\\backend\\src\\fetchers\\npmFetcher.js:172:23)\n    at process.processTicksAndRejections (node:internal/process/task_queues:105:5)\n    at async handleNpmRequest (C:\\Users\\priya\\OneDrive\\Desktop\\CodeCache-Pro\\backend\\src\\fetchers\\npmFetcher.js:93:21)","timestamp":"2025-10-16T22:26:05.268Z"}
{"level":"error","message":"Attempt 1 failed for compiler-ssr@3.5.22: Cannot read properties of undefined (reading '3.5.22')","timestamp":"2025-10-16T22:26:05.286Z"}
{"level":"error","message":"Attempt 1 failed for runtime-core@3.5.22: Cannot read properties of undefined (reading '3.5.22')","timestamp":"2025-10-16T22:26:05.311Z"}
{"level":"error","message":"Attempt 2 failed for compiler-ssr@3.5.22: Cannot read properties of undefined (reading '3.5.22')","timestamp":"2025-10-16T22:26:05.316Z"}
{"level":"error","message":"Attempt 2 failed for runtime-core@3.5.22: Cannot read properties of undefined (reading '3.5.22')","timestamp":"2025-10-16T22:26:05.359Z"}
{"level":"info","message":"[MISS] compiler-sfc@3.5.22. Fetching from upstream.","timestamp":"2025-10-16T22:26:05.360Z"}
{"level":"error","message":"Attempt 3 failed for compiler-ssr@3.5.22: Cannot read properties of undefined (reading '3.5.22')","timestamp":"2025-10-16T22:26:05.361Z"}
{"level":"error","message":"[FAIL] Failed to fetch and cache compiler-ssr@3.5.22: Failed to fetch compiler-ssr@3.5.22 after 3 attempts.","stack":"Error: Failed to fetch compiler-ssr@3.5.22 after 3 attempts.\n    at fetchAndCachePackage (C:\\Users\\priya\\OneDrive\\Desktop\\CodeCache-Pro\\backend\\src\\fetchers\\npmFetcher.js:172:23)\n    at process.processTicksAndRejections (node:internal/process/task_queues:105:5)\n    at async handleNpmRequest (C:\\Users\\priya\\OneDrive\\Desktop\\CodeCache-Pro\\backend\\src\\fetchers\\npmFetcher.js:93:21)","timestamp":"2025-10-16T22:26:05.361Z"}
{"level":"error","message":"500 - Failed to fetch compiler-ssr@3.5.22 after 3 attempts. - /npm/@vue/compiler-ssr/-/compiler-ssr-3.5.22.tgz - GET - 192.168.137.112","timestamp":"2025-10-16T22:26:05.361Z"}
{"level":"error","message":"Error: Failed to fetch compiler-ssr@3.5.22 after 3 attempts.\n    at fetchAndCachePackage (C:\\Users\\priya\\OneDrive\\Desktop\\CodeCache-Pro\\backend\\src\\fetchers\\npmFetcher.js:172:23)\n    at process.processTicksAndRejections (node:internal/process/task_queues:105:5)\n    at async handleNpmRequest (C:\\Users\\priya\\OneDrive\\Desktop\\CodeCache-Pro\\backend\\src\\fetchers\\npmFetcher.js:93:21)","timestamp":"2025-10-16T22:26:05.361Z"}
{"level":"error","message":"Attempt 1 failed for compiler-sfc@3.5.22: Cannot read properties of undefined (reading '3.5.22')","timestamp":"2025-10-16T22:26:05.439Z"}
{"level":"error","message":"Attempt 3 failed for runtime-core@3.5.22: Cannot read properties of undefined (reading '3.5.22')","timestamp":"2025-10-16T22:26:05.441Z"}
{"level":"error","message":"[FAIL] Failed to fetch and cache runtime-core@3.5.22: Failed to fetch runtime-core@3.5.22 after 3 attempts.","stack":"Error: Failed to fetch runtime-core@3.5.22 after 3 attempts.\n    at fetchAndCachePackage (C:\\Users\\priya\\OneDrive\\Desktop\\CodeCache-Pro\\backend\\src\\fetchers\\npmFetcher.js:172:23)\n    at process.processTicksAndRejections (node:internal/process/task_queues:105:5)\n    at async handleNpmRequest (C:\\Users\\priya\\OneDrive\\Desktop\\CodeCache-Pro\\backend\\src\\fetchers\\npmFetcher.js:93:21)","timestamp":"2025-10-16T22:26:05.441Z"}
{"level":"error","message":"500 - Failed to fetch runtime-core@3.5.22 after 3 attempts. - /npm/@vue/runtime-core/-/runtime-core-3.5.22.tgz - GET - 192.168.137.112","timestamp":"2025-10-16T22:26:05.441Z"}
{"level":"error","message":"Error: Failed to fetch runtime-core@3.5.22 after 3 attempts.\n    at fetchAndCachePackage (C:\\Users\\priya\\OneDrive\\Desktop\\CodeCache-Pro\\backend\\src\\fetchers\\npmFetcher.js:172:23)\n    at process.processTicksAndRejections (node:internal/process/task_queues:105:5)\n    at async handleNpmRequest (C:\\Users\\priya\\OneDrive\\Desktop\\CodeCache-Pro\\backend\\src\\fetchers\\npmFetcher.js:93:21)","timestamp":"2025-10-16T22:26:05.441Z"}
{"level":"error","message":"Attempt 2 failed for compiler-sfc@3.5.22: Cannot read properties of undefined (reading '3.5.22')","timestamp":"2025-10-16T22:26:05.486Z"}
{"level":"info","message":"[MISS] compiler-dom@3.5.22. Fetching from upstream.","timestamp":"2025-10-16T22:26:05.506Z"}
{"level":"info","message":"[MISS] shared@3.5.22. Fetching from upstream.","timestamp":"2025-10-16T22:26:05.522Z"}
{"level":"info","message":"[MISS] server-renderer@3.5.22. Fetching from upstream.","timestamp":"2025-10-16T22:26:05.530Z"}
{"level":"error","message":"Attempt 1 failed for compiler-dom@3.5.22: Cannot read properties of undefined (reading '3.5.22')","timestamp":"2025-10-16T22:26:05.573Z"}
{"level":"error","message":"Attempt 3 failed for compiler-sfc@3.5.22: Cannot read properties of undefined (reading '3.5.22')","timestamp":"2025-10-16T22:26:05.598Z"}
{"level":"error","message":"[FAIL] Failed to fetch and cache compiler-sfc@3.5.22: Failed to fetch compiler-sfc@3.5.22 after 3 attempts.","stack":"Error: Failed to fetch compiler-sfc@3.5.22 after 3 attempts.\n    at fetchAndCachePackage (C:\\Users\\priya\\OneDrive\\Desktop\\CodeCache-Pro\\backend\\src\\fetchers\\npmFetcher.js:172:23)\n    at process.processTicksAndRejections (node:internal/process/task_queues:105:5)\n    at async handleNpmRequest (C:\\Users\\priya\\OneDrive\\Desktop\\CodeCache-Pro\\backend\\src\\fetchers\\npmFetcher.js:93:21)","timestamp":"2025-10-16T22:26:05.598Z"}
{"level":"error","message":"500 - Failed to fetch compiler-sfc@3.5.22 after 3 attempts. - /npm/@vue/compiler-sfc/-/compiler-sfc-3.5.22.tgz - GET - 192.168.137.112","timestamp":"2025-10-16T22:26:05.599Z"}
{"level":"error","message":"Error: Failed to fetch compiler-sfc@3.5.22 after 3 attempts.\n    at fetchAndCachePackage (C:\\Users\\priya\\OneDrive\\Desktop\\CodeCache-Pro\\backend\\src\\fetchers\\npmFetcher.js:172:23)\n    at process.processTicksAndRejections (node:internal/process/task_queues:105:5)\n    at async handleNpmRequest (C:\\Users\\priya\\OneDrive\\Desktop\\CodeCache-Pro\\backend\\src\\fetchers\\npmFetcher.js:93:21)","timestamp":"2025-10-16T22:26:05.599Z"}
{"level":"error","message":"Attempt 1 failed for shared@3.5.22: Could not find shasum for shared@3.5.22 in metadata.","timestamp":"2025-10-16T22:26:05.601Z"}
{"level":"error","message":"Attempt 2 failed for compiler-dom@3.5.22: Cannot read properties of undefined (reading '3.5.22')","timestamp":"2025-10-16T22:26:05.618Z"}
{"level":"error","message":"Attempt 2 failed for shared@3.5.22: Could not find shasum for shared@3.5.22 in metadata.","timestamp":"2025-10-16T22:26:05.700Z"}
{"level":"error","message":"Attempt 3 failed for compiler-dom@3.5.22: Cannot read properties of undefined (reading '3.5.22')","timestamp":"2025-10-16T22:26:05.722Z"}
{"level":"error","message":"[FAIL] Failed to fetch and cache compiler-dom@3.5.22: Failed to fetch compiler-dom@3.5.22 after 3 attempts.","stack":"Error: Failed to fetch compiler-dom@3.5.22 after 3 attempts.\n    at fetchAndCachePackage (C:\\Users\\priya\\OneDrive\\Desktop\\CodeCache-Pro\\backend\\src\\fetchers\\npmFetcher.js:172:23)\n    at process.processTicksAndRejections (node:internal/process/task_queues:105:5)\n    at async handleNpmRequest (C:\\Users\\priya\\OneDrive\\Desktop\\CodeCache-Pro\\backend\\src\\fetchers\\npmFetcher.js:93:21)","timestamp":"2025-10-16T22:26:05.722Z"}
{"level":"error","message":"500 - Failed to fetch compiler-dom@3.5.22 after 3 attempts. - /npm/@vue/compiler-dom/-/compiler-dom-3.5.22.tgz - GET - 192.168.137.112","timestamp":"2025-10-16T22:26:05.722Z"}
{"level":"error","message":"Error: Failed to fetch compiler-dom@3.5.22 after 3 attempts.\n    at fetchAndCachePackage (C:\\Users\\priya\\OneDrive\\Desktop\\CodeCache-Pro\\backend\\src\\fetchers\\npmFetcher.js:172:23)\n    at process.processTicksAndRejections (node:internal/process/task_queues:105:5)\n    at async handleNpmRequest (C:\\Users\\priya\\OneDrive\\Desktop\\CodeCache-Pro\\backend\\src\\fetchers\\npmFetcher.js:93:21)","timestamp":"2025-10-16T22:26:05.723Z"}
{"level":"error","message":"Attempt 1 failed for server-renderer@3.5.22: Could not find shasum for server-renderer@3.5.22 in metadata.","timestamp":"2025-10-16T22:26:05.727Z"}
{"level":"info","message":"[MISS] runtime-dom@3.5.22. Fetching from upstream.","timestamp":"2025-10-16T22:26:05.728Z"}
{"level":"error","message":"Attempt 1 failed for runtime-dom@3.5.22: Cannot read properties of undefined (reading '3.5.22')","timestamp":"2025-10-16T22:26:06.043Z"}
{"level":"error","message":"Attempt 2 failed for runtime-dom@3.5.22: Cannot read properties of undefined (reading '3.5.22')","timestamp":"2025-10-16T22:26:06.076Z"}
{"level":"error","message":"Attempt 3 failed for runtime-dom@3.5.22: Cannot read properties of undefined (reading '3.5.22')","timestamp":"2025-10-16T22:26:06.110Z"}
{"level":"error","message":"[FAIL] Failed to fetch and cache runtime-dom@3.5.22: Failed to fetch runtime-dom@3.5.22 after 3 attempts.","stack":"Error: Failed to fetch runtime-dom@3.5.22 after 3 attempts.\n    at fetchAndCachePackage (C:\\Users\\priya\\OneDrive\\Desktop\\CodeCache-Pro\\backend\\src\\fetchers\\npmFetcher.js:172:23)\n    at process.processTicksAndRejections (node:internal/process/task_queues:105:5)\n    at async handleNpmRequest (C:\\Users\\priya\\OneDrive\\Desktop\\CodeCache-Pro\\backend\\src\\fetchers\\npmFetcher.js:93:21)","timestamp":"2025-10-16T22:26:06.111Z"}
{"level":"error","message":"500 - Failed to fetch runtime-dom@3.5.22 after 3 attempts. - /npm/@vue/runtime-dom/-/runtime-dom-3.5.22.tgz - GET - 192.168.137.112","timestamp":"2025-10-16T22:26:06.111Z"}
{"level":"error","message":"Error: Failed to fetch runtime-dom@3.5.22 after 3 attempts.\n    at fetchAndCachePackage (C:\\Users\\priya\\OneDrive\\Desktop\\CodeCache-Pro\\backend\\src\\fetchers\\npmFetcher.js:172:23)\n    at process.processTicksAndRejections (node:internal/process/task_queues:105:5)\n    at async handleNpmRequest (C:\\Users\\priya\\OneDrive\\Desktop\\CodeCache-Pro\\backend\\src\\fetchers\\npmFetcher.js:93:21)","timestamp":"2025-10-16T22:26:06.112Z"}
{"level":"error","message":"Attempt 3 failed for shared@3.5.22: Could not find shasum for shared@3.5.22 in metadata.","timestamp":"2025-10-16T22:26:06.153Z"}
{"level":"error","message":"[FAIL] Failed to fetch and cache shared@3.5.22: Failed to fetch shared@3.5.22 after 3 attempts.","stack":"Error: Failed to fetch shared@3.5.22 after 3 attempts.\n    at fetchAndCachePackage (C:\\Users\\priya\\OneDrive\\Desktop\\CodeCache-Pro\\backend\\src\\fetchers\\npmFetcher.js:172:23)\n    at process.processTicksAndRejections (node:internal/process/task_queues:105:5)\n    at async handleNpmRequest (C:\\Users\\priya\\OneDrive\\Desktop\\CodeCache-Pro\\backend\\src\\fetchers\\npmFetcher.js:93:21)","timestamp":"2025-10-16T22:26:06.153Z"}
{"level":"error","message":"500 - Failed to fetch shared@3.5.22 after 3 attempts. - /npm/@vue/shared/-/shared-3.5.22.tgz - GET - 192.168.137.112","timestamp":"2025-10-16T22:26:06.153Z"}
{"level":"error","message":"Error: Failed to fetch shared@3.5.22 after 3 attempts.\n    at fetchAndCachePackage (C:\\Users\\priya\\OneDrive\\Desktop\\CodeCache-Pro\\backend\\src\\fetchers\\npmFetcher.js:172:23)\n    at process.processTicksAndRejections (node:internal/process/task_queues:105:5)\n    at async handleNpmRequest (C:\\Users\\priya\\OneDrive\\Desktop\\CodeCache-Pro\\backend\\src\\fetchers\\npmFetcher.js:93:21)","timestamp":"2025-10-16T22:26:06.153Z"}
{"level":"error","message":"Attempt 2 failed for server-renderer@3.5.22: Could not find shasum for server-renderer@3.5.22 in metadata.","timestamp":"2025-10-16T22:26:06.475Z"}
{"level":"error","message":"Attempt 3 failed for server-renderer@3.5.22: Could not find shasum for server-renderer@3.5.22 in metadata.","timestamp":"2025-10-16T22:26:06.588Z"}
{"level":"error","message":"[FAIL] Failed to fetch and cache server-renderer@3.5.22: Failed to fetch server-renderer@3.5.22 after 3 attempts.","stack":"Error: Failed to fetch server-renderer@3.5.22 after 3 attempts.\n    at fetchAndCachePackage (C:\\Users\\priya\\OneDrive\\Desktop\\CodeCache-Pro\\backend\\src\\fetchers\\npmFetcher.js:172:23)\n    at process.processTicksAndRejections (node:internal/process/task_queues:105:5)\n    at async handleNpmRequest (C:\\Users\\priya\\OneDrive\\Desktop\\CodeCache-Pro\\backend\\src\\fetchers\\npmFetcher.js:93:21)","timestamp":"2025-10-16T22:26:06.588Z"}
{"level":"error","message":"500 - Failed to fetch server-renderer@3.5.22 after 3 attempts. - /npm/@vue/server-renderer/-/server-renderer-3.5.22.tgz - GET - 192.168.137.112","timestamp":"2025-10-16T22:26:06.588Z"}
{"level":"error","message":"Error: Failed to fetch server-renderer@3.5.22 after 3 attempts.\n    at fetchAndCachePackage (C:\\Users\\priya\\OneDrive\\Desktop\\CodeCache-Pro\\backend\\src\\fetchers\\npmFetcher.js:172:23)\n    at process.processTicksAndRejections (node:internal/process/task_queues:105:5)\n    at async handleNpmRequest (C:\\Users\\priya\\OneDrive\\Desktop\\CodeCache-Pro\\backend\\src\\fetchers\\npmFetcher.js:93:21)","timestamp":"2025-10-16T22:26:06.589Z"}
{"level":"info","message":"Connected to SQLite database.","timestamp":"2025-10-16T22:35:48.495Z"}
{"level":"info","message":"Database initialized successfully.","timestamp":"2025-10-16T22:35:48.500Z"}
{"level":"info","message":"Connected to SQLite database.","timestamp":"2025-10-16T22:36:18.339Z"}
{"level":"info","message":"Database initialized successfully.","timestamp":"2025-10-16T22:36:18.345Z"}
{"level":"info","message":"Cache pruning service started.","timestamp":"2025-10-16T22:36:18.345Z"}
{"level":"info","message":"🚀 CodeCache Pro server running on http://0.0.0.0:5050","timestamp":"2025-10-16T22:36:18.357Z"}
{"level":"info","message":"🌐 Access from other devices: http://192.168.137.47:5050","timestamp":"2025-10-16T22:36:18.358Z"}
{"level":"info","message":"📋 Configure npm clients with: npm config set registry http://192.168.137.47:5050/npm","timestamp":"2025-10-16T22:36:18.358Z"}
{"level":"info","message":"Connected to SQLite database.","timestamp":"2025-10-16T22:40:04.548Z"}
{"level":"info","message":"Database initialized successfully.","timestamp":"2025-10-16T22:40:04.554Z"}
{"level":"info","message":"Cache pruning service started.","timestamp":"2025-10-16T22:40:04.555Z"}
{"level":"info","message":"🚀 CodeCache Pro server running on http://0.0.0.0:5050","timestamp":"2025-10-16T22:40:04.567Z"}
{"level":"info","message":"🌐 Access from other devices: http://192.168.137.47:5050","timestamp":"2025-10-16T22:40:04.568Z"}
{"level":"info","message":"📋 Configure npm clients with: npm config set registry http://192.168.137.47:5050/npm","timestamp":"2025-10-16T22:40:04.568Z"}
{"level":"info","message":"Connected to SQLite database.","timestamp":"2025-10-16T23:03:46.353Z"}
{"level":"info","message":"Database initialized successfully.","timestamp":"2025-10-16T23:03:46.359Z"}
{"level":"info","message":"Connected to SQLite database.","timestamp":"2025-10-16T23:06:07.821Z"}
{"level":"info","message":"Database initialized successfully.","timestamp":"2025-10-16T23:06:07.828Z"}
{"level":"info","message":"Cache pruning service started.","timestamp":"2025-10-16T23:06:07.829Z"}
{"level":"info","message":"🚀 CodeCache Pro server running on http://0.0.0.0:5050","timestamp":"2025-10-16T23:06:07.846Z"}
{"level":"info","message":"🌐 Access from other devices: http://192.168.137.47:5050","timestamp":"2025-10-16T23:06:07.846Z"}
{"level":"info","message":"📋 Configure npm clients with: npm config set registry http://192.168.137.47:5050/npm","timestamp":"2025-10-16T23:06:07.847Z"}
{"level":"warn","message":"Blocked unsupported method POST for /npm/-/npm/v1/security/advisories/bulk","timestamp":"2025-10-16T23:11:35.481Z"}
{"level":"warn","message":"Blocked unsupported method POST for /npm/-/npm/v1/security/audits/quick","timestamp":"2025-10-16T23:11:35.560Z"}
{"level":"info","message":"SIGINT received. Shutting down gracefully...","timestamp":"2025-10-16T23:16:05.181Z"}
{"level":"info","message":"Connected to SQLite database.","timestamp":"2025-10-17T00:59:59.426Z"}
{"level":"info","message":"Database initialized successfully.","timestamp":"2025-10-17T00:59:59.438Z"}
{"level":"info","message":"Cache pruning service started.","timestamp":"2025-10-17T00:59:59.440Z"}
{"level":"info","message":"🚀 CodeCache Pro server running on http://0.0.0.0:5050","timestamp":"2025-10-17T00:59:59.467Z"}
{"level":"info","message":"🌐 Access from other devices: http://192.168.137.47:5050","timestamp":"2025-10-17T00:59:59.468Z"}
{"level":"info","message":"📋 Configure npm clients with: npm config set registry http://192.168.137.47:5050/npm","timestamp":"2025-10-17T00:59:59.468Z"}
{"level":"info","message":"Connected to SQLite database.","timestamp":"2025-10-17T01:25:25.831Z"}
{"__augmented":true,"code":"SQLITE_ERROR","errno":1,"level":"error","message":"Error executing DB schema SQLITE_ERROR: no such column: registry","stack":"Error: SQLITE_ERROR: no such column: registry\n--> in Database#exec('-- /backend/src/db/schema.sql\\r\\n' +\n  '-- Purpose: Defines the database schema for CodeCache Pro.\\r\\n' +\n  '-- This script is executed on application startup to ensure tables exist.\\r\\n' +\n  '\\r\\n' +\n  'CREATE TABLE IF NOT EXISTS packages (\\r\\n' +\n  '    id INTEGER PRIMARY KEY AUTOINCREMENT,\\r\\n' +\n  '    name TEXT NOT NULL,\\r\\n' +\n  '    version TEXT NOT NULL,\\r\\n' +\n  '    file_path TEXT NOT NULL UNIQUE,\\r\\n' +\n  '    size_bytes INTEGER NOT NULL,\\r\\n' +\n  '    hits INTEGER DEFAULT 0,\\r\\n' +\n  '    created_at TIMESTAMP DEFAULT CURRENT_TIMESTAMP,\\r\\n' +\n  '    last_accessed TIMESTAMP DEFAULT CURRENT_TIMESTAMP,\\r\\n' +\n  '    checksum TEXT NOT NULL,\\r\\n' +\n  \"    registry TEXT DEFAULT 'npm',\\r\\n\" +\n  '    CONSTRAINT unq_package_version_registry UNIQUE (name, version, registry)\\r\\n' +\n  ');\\r\\n' +\n  '\\r\\n' +\n  'CREATE INDEX IF NOT EXISTS idx_packages_name ON packages (name);\\r\\n' +\n  'CREATE INDEX IF NOT EXISTS idx_packages_last_accessed ON packages (last_accessed);\\r\\n' +\n  'CREATE INDEX IF NOT EXISTS idx_packages_registry ON packages (registry);\\r\\n' +\n  '\\r\\n' +\n  'CREATE TABLE IF NOT EXISTS stats (\\r\\n' +\n  '    key TEXT PRIMARY KEY,\\r\\n' +\n  '    value INTEGER NOT NULL\\r\\n' +\n  ');\\r\\n' +\n  '\\r\\n' +\n  '-- Initialize stats if not present\\r\\n' +\n  \"INSERT INTO stats (key, value) VALUES ('hits', 0) ON CONFLICT(key) DO NOTHING;\\r\\n\" +\n  \"INSERT INTO stats (key, value) VALUES ('misses', 0) ON CONFLICT(key) DO NOTHING;\\r\\n\" +\n  \"INSERT INTO stats (key, value) VALUES ('bandwidthSaved', 0) ON CONFLICT(key) DO NOTHING;\\r\\n\" +\n  '\\r\\n' +\n  \"-- Migration: Add registry column to existing packages if it doesn't exist\\r\\n\" +\n  '-- This handles upgrading from older versions\\r\\n' +\n  \"ALTER TABLE packages ADD COLUMN registry TEXT DEFAULT 'npm';\\r\\n\" +\n  '\\r\\n' +\n  \"-- Update existing packages to have npm registry if they don't have one set\\r\\n\" +\n  \"UPDATE packages SET registry = 'npm' WHERE registry IS NULL;\", [Function (anonymous)])\n    at C:\\Users\\priya\\OneDrive\\Desktop\\Copy\\backend\\src\\db\\database.js:34:12\n    at new Promise (<anonymous>)\n    at Object.initDb (C:\\Users\\priya\\OneDrive\\Desktop\\Copy\\backend\\src\\db\\database.js:33:12)\n    at async startServer (C:\\Users\\priya\\OneDrive\\Desktop\\Copy\\backend\\src\\server.js:14:9)","timestamp":"2025-10-17T01:25:25.856Z"}
{"level":"warn","message":"Blocked unsupported method POST for /npm/-/npm/v1/security/advisories/bulk","timestamp":"2025-10-17T01:28:44.630Z"}
{"level":"info","message":"[MISS] types-registry@0.1.742. Fetching from upstream.","timestamp":"2025-10-17T01:28:44.636Z"}
{"level":"warn","message":"Blocked unsupported method POST for /npm/-/npm/v1/security/audits/quick","timestamp":"2025-10-17T01:28:44.707Z"}
{"level":"info","message":"[CACHE] Successfully cached types-registry@0.1.742 to C:\\Users\\priya\\OneDrive\\Desktop\\Copy\\cache\\types-registry\\types-registry-0.1.742.tgz","timestamp":"2025-10-17T01:28:53.266Z"}
{"level":"info","message":"[HIT] types-registry@0.1.742 from C:\\Users\\priya\\OneDrive\\Desktop\\Copy\\cache\\types-registry\\types-registry-0.1.742.tgz","timestamp":"2025-10-17T01:28:53.295Z"}
{"level":"info","message":"Connected to SQLite database.","timestamp":"2025-10-17T01:29:27.426Z"}
{"level":"info","message":"Adding registry column to packages table...","timestamp":"2025-10-17T01:29:27.442Z"}
{"level":"info","message":"Registry column migration completed successfully.","timestamp":"2025-10-17T01:29:27.488Z"}
{"level":"info","message":"Connected to SQLite database.","timestamp":"2025-10-17T01:29:39.665Z"}
{"level":"info","message":"Registry column already exists, skipping migration.","timestamp":"2025-10-17T01:29:39.674Z"}
{"level":"info","message":"Database initialized successfully.","timestamp":"2025-10-17T01:29:39.675Z"}
{"level":"info","message":"Cache pruning service started.","timestamp":"2025-10-17T01:29:39.677Z"}
{"level":"info","message":"🚀 CodeCache Pro server running on http://0.0.0.0:5050","timestamp":"2025-10-17T01:29:39.697Z"}
{"level":"info","message":"🌐 Access from other devices: http://192.168.137.47:5050","timestamp":"2025-10-17T01:29:39.698Z"}
{"level":"info","message":"📋 Configure npm clients with: npm config set registry http://192.168.137.47:5050/npm","timestamp":"2025-10-17T01:29:39.700Z"}
{"level":"info","message":"🐍 Configure pip clients with: pip config set global.index-url http://192.168.137.47:5050/pypi","timestamp":"2025-10-17T01:29:39.700Z"}
{"level":"info","message":"Connected to SQLite database.","timestamp":"2025-10-17T01:39:46.718Z"}
{"level":"info","message":"Registry column already exists, skipping migration.","timestamp":"2025-10-17T01:39:46.729Z"}
{"level":"info","message":"Database initialized successfully.","timestamp":"2025-10-17T01:39:46.730Z"}
{"level":"info","message":"Cache pruning service started.","timestamp":"2025-10-17T01:39:46.730Z"}
{"level":"info","message":"🚀 CodeCache Pro server running on http://0.0.0.0:5050","timestamp":"2025-10-17T01:39:46.758Z"}
{"level":"info","message":"🌐 Access from other devices: http://192.168.137.47:5050","timestamp":"2025-10-17T01:39:46.759Z"}
{"level":"info","message":"📋 Configure npm clients with: npm config set registry http://192.168.137.47:5050/npm","timestamp":"2025-10-17T01:39:46.759Z"}
{"level":"info","message":"🐍 Configure pip clients with: pip config set global.index-url http://192.168.137.47:5050/pypi","timestamp":"2025-10-17T01:39:46.759Z"}
{"level":"info","message":"[PYPI REQUEST] GET /pypi/requests/ -> requests/","timestamp":"2025-10-17T01:40:28.738Z"}
{"level":"info","message":"[PYPI METADATA] Proxying metadata request for: requests/","timestamp":"2025-10-17T01:40:28.740Z"}
{"level":"info","message":"[PYPI PROXY] Fetching metadata from: https://pypi.org/simple/requests/","timestamp":"2025-10-17T01:40:28.741Z"}
{"level":"info","message":"[PYPI REQUEST] GET /pypi/requests/ -> requests/","timestamp":"2025-10-17T01:40:43.726Z"}
{"level":"info","message":"[PYPI METADATA] Proxying metadata request for: requests/","timestamp":"2025-10-17T01:40:43.727Z"}
{"level":"info","message":"[PYPI PROXY] Fetching metadata from: https://pypi.org/simple/requests/","timestamp":"2025-10-17T01:40:43.727Z"}
{"level":"info","message":"SIGINT received. Shutting down gracefully...","timestamp":"2025-10-17T01:44:03.243Z"}
{"level":"info","message":"Connected to SQLite database.","timestamp":"2025-10-17T01:44:07.723Z"}
{"level":"info","message":"Registry column already exists, skipping migration.","timestamp":"2025-10-17T01:44:07.734Z"}
{"level":"info","message":"Database initialized successfully.","timestamp":"2025-10-17T01:44:07.736Z"}
{"level":"info","message":"Cache pruning service started.","timestamp":"2025-10-17T01:44:07.737Z"}
{"level":"info","message":"🚀 CodeCache Pro server running on http://0.0.0.0:5050","timestamp":"2025-10-17T01:44:07.764Z"}
{"level":"info","message":"🌐 Access from other devices: http://192.168.137.47:5050","timestamp":"2025-10-17T01:44:07.771Z"}
{"level":"info","message":"📋 Configure npm clients with: npm config set registry http://192.168.137.47:5050/npm","timestamp":"2025-10-17T01:44:07.772Z"}
{"level":"info","message":"🐍 Configure pip clients with: pip config set global.index-url http://192.168.137.47:5050/pypi","timestamp":"2025-10-17T01:44:07.773Z"}
{"level":"info","message":"Connected to SQLite database.","timestamp":"2025-10-17T01:48:26.397Z"}
{"level":"info","message":"Registry column already exists, skipping migration.","timestamp":"2025-10-17T01:48:26.409Z"}
{"level":"info","message":"Database initialized successfully.","timestamp":"2025-10-17T01:48:26.410Z"}
{"level":"info","message":"Cache pruning service started.","timestamp":"2025-10-17T01:48:26.412Z"}
{"level":"info","message":"🚀 CodeCache Pro server running on http://0.0.0.0:5050","timestamp":"2025-10-17T01:48:26.435Z"}
{"level":"info","message":"🌐 Access from other devices: http://192.168.137.47:5050","timestamp":"2025-10-17T01:48:26.436Z"}
{"level":"info","message":"📋 Configure npm clients with: npm config set registry http://192.168.137.47:5050/npm","timestamp":"2025-10-17T01:48:26.436Z"}
{"level":"info","message":"🐍 Configure pip clients with: pip config set global.index-url http://192.168.137.47:5050/pypi","timestamp":"2025-10-17T01:48:26.437Z"}
{"level":"info","message":"[PYPI REQUEST] GET /pypi -> ","timestamp":"2025-10-17T01:48:44.203Z"}
{"level":"info","message":"[PYPI METADATA] Proxying metadata request for: ","timestamp":"2025-10-17T01:48:44.205Z"}
{"level":"info","message":"[PYPI REQUEST] GET /pypi/requests/ -> requests/","timestamp":"2025-10-17T01:49:27.415Z"}
{"level":"info","message":"[PYPI METADATA] Proxying metadata request for: requests/","timestamp":"2025-10-17T01:49:27.416Z"}
{"level":"info","message":"[PYPI PROXY] Fetching metadata from: https://pypi.org/simple/requests/","timestamp":"2025-10-17T01:49:27.417Z"}
{"level":"info","message":"[PYPI PROXY] Successfully fetched metadata for requests/","timestamp":"2025-10-17T01:49:27.901Z"}
{"level":"info","message":"[PYPI REQUEST] GET /pypi/charset-normalizer/ -> charset-normalizer/","timestamp":"2025-10-17T01:49:28.923Z"}
{"level":"info","message":"[PYPI METADATA] Proxying metadata request for: charset-normalizer/","timestamp":"2025-10-17T01:49:28.924Z"}
{"level":"info","message":"[PYPI PROXY] Fetching metadata from: https://pypi.org/simple/charset-normalizer/","timestamp":"2025-10-17T01:49:28.925Z"}
{"level":"info","message":"[PYPI PROXY] Successfully fetched metadata for charset-normalizer/","timestamp":"2025-10-17T01:49:29.112Z"}
{"level":"info","message":"[PYPI REQUEST] GET /pypi/idna/ -> idna/","timestamp":"2025-10-17T01:49:54.650Z"}
{"level":"info","message":"[PYPI METADATA] Proxying metadata request for: idna/","timestamp":"2025-10-17T01:49:54.652Z"}
{"level":"info","message":"[PYPI PROXY] Fetching metadata from: https://pypi.org/simple/idna/","timestamp":"2025-10-17T01:49:54.655Z"}
{"level":"info","message":"[PYPI PROXY] Successfully fetched metadata for idna/","timestamp":"2025-10-17T01:49:54.742Z"}
{"level":"info","message":"[PYPI REQUEST] GET /pypi/urllib3/ -> urllib3/","timestamp":"2025-10-17T01:49:54.985Z"}
{"level":"info","message":"[PYPI METADATA] Proxying metadata request for: urllib3/","timestamp":"2025-10-17T01:49:54.986Z"}
{"level":"info","message":"[PYPI PROXY] Fetching metadata from: https://pypi.org/simple/urllib3/","timestamp":"2025-10-17T01:49:54.987Z"}
{"level":"info","message":"[PYPI PROXY] Successfully fetched metadata for urllib3/","timestamp":"2025-10-17T01:49:56.329Z"}
{"level":"info","message":"[PYPI REQUEST] GET /pypi/certifi/ -> certifi/","timestamp":"2025-10-17T01:49:56.653Z"}
{"level":"info","message":"[PYPI METADATA] Proxying metadata request for: certifi/","timestamp":"2025-10-17T01:49:56.654Z"}
{"level":"info","message":"[PYPI PROXY] Fetching metadata from: https://pypi.org/simple/certifi/","timestamp":"2025-10-17T01:49:56.654Z"}
{"level":"info","message":"[PYPI PROXY] Successfully fetched metadata for certifi/","timestamp":"2025-10-17T01:49:56.992Z"}
{"level":"info","message":"[PYPI REQUEST] GET /pypi/pip/ -> pip/","timestamp":"2025-10-17T01:50:05.567Z"}
{"level":"info","message":"[PYPI METADATA] Proxying metadata request for: pip/","timestamp":"2025-10-17T01:50:05.568Z"}
{"level":"info","message":"[PYPI PROXY] Fetching metadata from: https://pypi.org/simple/pip/","timestamp":"2025-10-17T01:50:05.569Z"}
{"level":"info","message":"[PYPI PROXY] Successfully fetched metadata for pip/","timestamp":"2025-10-17T01:50:05.926Z"}
{"level":"info","message":"[PYPI REQUEST] GET /pypi/numpy/ -> numpy/","timestamp":"2025-10-17T01:53:01.807Z"}
{"level":"info","message":"[PYPI METADATA] Proxying metadata request for: numpy/","timestamp":"2025-10-17T01:53:01.808Z"}
{"level":"info","message":"[PYPI PROXY] Fetching metadata from: https://pypi.org/simple/numpy/","timestamp":"2025-10-17T01:53:01.808Z"}
{"level":"info","message":"[PYPI PROXY] Successfully fetched metadata for numpy/","timestamp":"2025-10-17T01:53:02.242Z"}
{"level":"info","message":"[PYPI REQUEST] GET /pypi/numpy/ -> numpy/","timestamp":"2025-10-17T01:54:48.961Z"}
{"level":"info","message":"[PYPI METADATA] Proxying metadata request for: numpy/","timestamp":"2025-10-17T01:54:48.962Z"}
{"level":"info","message":"[PYPI PROXY] Fetching metadata from: https://pypi.org/simple/numpy/","timestamp":"2025-10-17T01:54:48.963Z"}
{"level":"info","message":"[PYPI PROXY] Successfully fetched metadata for numpy/","timestamp":"2025-10-17T01:54:53.071Z"}
{"level":"info","message":"SIGINT received. Shutting down gracefully...","timestamp":"2025-10-17T01:55:31.700Z"}
{"level":"info","message":"Connected to SQLite database.","timestamp":"2025-10-17T01:55:34.894Z"}
{"level":"info","message":"Registry column already exists, skipping migration.","timestamp":"2025-10-17T01:55:34.905Z"}
{"level":"info","message":"Database initialized successfully.","timestamp":"2025-10-17T01:55:34.906Z"}
{"level":"info","message":"Cache pruning service started.","timestamp":"2025-10-17T01:55:34.907Z"}
{"level":"info","message":"🚀 CodeCache Pro server running on http://0.0.0.0:5050","timestamp":"2025-10-17T01:55:34.946Z"}
{"level":"info","message":"🌐 Access from other devices: http://192.168.137.47:5050","timestamp":"2025-10-17T01:55:34.947Z"}
{"level":"info","message":"📋 Configure npm clients with: npm config set registry http://192.168.137.47:5050/npm","timestamp":"2025-10-17T01:55:34.948Z"}
{"level":"info","message":"🐍 Configure pip clients with: pip config set global.index-url http://192.168.137.47:5050/pypi","timestamp":"2025-10-17T01:55:34.948Z"}
{"level":"info","message":"[PYPI REQUEST] GET /pypi/numpy/ -> numpy/","timestamp":"2025-10-17T01:55:49.561Z"}
{"level":"info","message":"[PYPI METADATA] Proxying metadata request for: numpy/","timestamp":"2025-10-17T01:55:49.564Z"}
{"level":"info","message":"[PYPI PROXY] Fetching metadata from: https://pypi.org/simple/numpy/","timestamp":"2025-10-17T01:55:49.568Z"}
{"level":"info","message":"[PYPI PROXY] Successfully fetched metadata for numpy/, size: 1724345 chars","timestamp":"2025-10-17T01:55:52.967Z"}
{"level":"info","message":"[PYPI REQUEST] GET /pypi/numpy/ -> numpy/","timestamp":"2025-10-17T01:58:08.000Z"}
{"level":"info","message":"[PYPI METADATA] Proxying metadata request for: numpy/","timestamp":"2025-10-17T01:58:08.002Z"}
{"level":"info","message":"[PYPI PROXY] Fetching metadata from: https://pypi.org/simple/numpy/","timestamp":"2025-10-17T01:58:08.003Z"}
{"level":"info","message":"[PYPI PROXY] Successfully fetched metadata for numpy/, size: 1724345 chars","timestamp":"2025-10-17T01:58:14.564Z"}
{"level":"info","message":"[PYPI REQUEST] GET /pypi/six/ -> six/","timestamp":"2025-10-17T01:59:12.239Z"}
{"level":"info","message":"[PYPI METADATA] Proxying metadata request for: six/","timestamp":"2025-10-17T01:59:12.241Z"}
{"level":"info","message":"[PYPI PROXY] Fetching metadata from: https://pypi.org/simple/six/","timestamp":"2025-10-17T01:59:12.242Z"}
{"level":"info","message":"[PYPI PROXY] Successfully fetched metadata for six/, size: 16337 chars","timestamp":"2025-10-17T01:59:12.316Z"}
{"level":"info","message":"Connected to SQLite database.","timestamp":"2025-10-17T02:21:25.878Z"}
{"level":"info","message":"Registry column already exists, skipping migration.","timestamp":"2025-10-17T02:21:25.893Z"}
{"level":"info","message":"Database initialized successfully.","timestamp":"2025-10-17T02:21:25.894Z"}
{"level":"info","message":"Cache pruning service started.","timestamp":"2025-10-17T02:21:25.895Z"}
{"level":"info","message":"🚀 CodeCache Pro server running on http://0.0.0.0:5050","timestamp":"2025-10-17T02:21:25.922Z"}
{"level":"info","message":"🌐 Access from other devices: http://192.168.137.47:5050","timestamp":"2025-10-17T02:21:25.925Z"}
{"level":"info","message":"📋 Configure npm clients with: npm config set registry http://192.168.137.47:5050/npm","timestamp":"2025-10-17T02:21:25.926Z"}
{"level":"info","message":"🐍 Configure pip clients with: pip config set global.index-url http://192.168.137.47:5050/pypi","timestamp":"2025-10-17T02:21:25.927Z"}
{"level":"info","message":"[PYPI REQUEST] GET /pypi -> \"\"","timestamp":"2025-10-17T02:23:34.369Z"}
{"level":"info","message":"[PYPI DEBUG] Is package file: false, URL: \"\"","timestamp":"2025-10-17T02:23:34.370Z"}
{"level":"info","message":"[PYPI METADATA] Proxying metadata request for: \"\"","timestamp":"2025-10-17T02:23:34.370Z"}
{"level":"info","message":"[PYPI REQUEST] GET /pypi/upl/ -> \"upl/\"","timestamp":"2025-10-17T02:24:29.187Z"}
{"level":"info","message":"[PYPI DEBUG] Is package file: false, URL: \"upl/\"","timestamp":"2025-10-17T02:24:29.189Z"}
{"level":"info","message":"[PYPI METADATA] Proxying metadata request for: \"upl/\"","timestamp":"2025-10-17T02:24:29.189Z"}
{"level":"info","message":"[PYPI PROXY] Fetching metadata from: https://pypi.org/simple/upl/","timestamp":"2025-10-17T02:24:29.190Z"}
{"level":"info","message":"[PYPI PROXY] Successfully fetched metadata for upl/, size: 502 chars","timestamp":"2025-10-17T02:24:29.970Z"}
{"level":"info","message":"[PYPI REQUEST] GET /pypi/setuptools/ -> \"setuptools/\"","timestamp":"2025-10-17T02:24:33.592Z"}
{"level":"info","message":"[PYPI DEBUG] Is package file: false, URL: \"setuptools/\"","timestamp":"2025-10-17T02:24:33.593Z"}
{"level":"info","message":"[PYPI METADATA] Proxying metadata request for: \"setuptools/\"","timestamp":"2025-10-17T02:24:33.594Z"}
{"level":"info","message":"[PYPI PROXY] Fetching metadata from: https://pypi.org/simple/setuptools/","timestamp":"2025-10-17T02:24:33.594Z"}
{"level":"info","message":"[PYPI PROXY] Successfully fetched metadata for setuptools/, size: 528715 chars","timestamp":"2025-10-17T02:24:33.758Z"}
{"level":"warn","message":"Blocked unsupported method POST for /npm/-/npm/v1/security/advisories/bulk","timestamp":"2025-10-17T02:35:03.792Z"}
{"level":"warn","message":"Blocked unsupported method POST for /npm/-/npm/v1/security/audits/quick","timestamp":"2025-10-17T02:35:04.022Z"}
{"level":"info","message":"Connected to SQLite database.","timestamp":"2025-10-17T02:39:39.181Z"}
{"level":"info","message":"Registry column already exists, skipping migration.","timestamp":"2025-10-17T02:39:39.194Z"}
{"level":"info","message":"Database initialized successfully.","timestamp":"2025-10-17T02:39:39.194Z"}
{"level":"info","message":"Cache pruning service started.","timestamp":"2025-10-17T02:39:39.197Z"}
{"level":"info","message":"🚀 CodeCache Pro server running on http://0.0.0.0:5050","timestamp":"2025-10-17T02:39:39.219Z"}
{"level":"info","message":"🌐 Access from other devices: http://192.168.137.47:5050","timestamp":"2025-10-17T02:39:39.220Z"}
{"level":"info","message":"📋 Configure npm clients with: npm config set registry http://192.168.137.47:5050/npm","timestamp":"2025-10-17T02:39:39.221Z"}
{"level":"info","message":"🐍 Configure pip clients with: pip config set global.index-url http://192.168.137.47:5050/pypi","timestamp":"2025-10-17T02:39:39.221Z"}
{"level":"warn","message":"Blocked unsupported method POST for /npm/-/npm/v1/security/advisories/bulk","timestamp":"2025-10-17T02:42:59.798Z"}
{"level":"warn","message":"Blocked unsupported method POST for /npm/-/npm/v1/security/audits/quick","timestamp":"2025-10-17T02:42:59.891Z"}
{"level":"warn","message":"Blocked unsupported method POST for /npm/-/npm/v1/security/advisories/bulk","timestamp":"2025-10-17T02:43:29.983Z"}
{"level":"warn","message":"Blocked unsupported method POST for /npm/-/npm/v1/security/audits/quick","timestamp":"2025-10-17T02:43:30.039Z"}
{"level":"info","message":"[MISS] meow@14.0.0. Fetching from upstream.","timestamp":"2025-10-17T02:43:30.904Z"}
{"level":"info","message":"[CACHE] Successfully cached meow@14.0.0 to C:\\Users\\priya\\OneDrive\\Desktop\\Copy\\cache\\meow\\meow-14.0.0.tgz","timestamp":"2025-10-17T02:43:31.219Z"}
{"level":"info","message":"[HIT] meow@14.0.0 from C:\\Users\\priya\\OneDrive\\Desktop\\Copy\\cache\\meow\\meow-14.0.0.tgz","timestamp":"2025-10-17T02:43:31.429Z"}
{"level":"info","message":"SIGINT received. Shutting down gracefully...","timestamp":"2025-10-17T02:53:47.333Z"}
{"level":"info","message":"Connected to SQLite database.","timestamp":"2025-10-17T02:53:53.935Z"}
{"level":"info","message":"Registry column already exists, skipping migration.","timestamp":"2025-10-17T02:53:53.956Z"}
{"level":"info","message":"Database initialized successfully.","timestamp":"2025-10-17T02:53:53.957Z"}
{"level":"info","message":"Cache pruning service started.","timestamp":"2025-10-17T02:53:53.961Z"}
{"level":"info","message":"🚀 CodeCache Pro server running on http://0.0.0.0:5050","timestamp":"2025-10-17T02:53:53.992Z"}
{"level":"info","message":"🌐 Access from other devices: http://192.168.137.47:5050","timestamp":"2025-10-17T02:53:53.993Z"}
{"level":"info","message":"📋 Configure npm clients with: npm config set registry http://192.168.137.47:5050/npm","timestamp":"2025-10-17T02:53:53.994Z"}
{"level":"info","message":"🐍 Configure pip clients with: pip config set global.index-url http://192.168.137.47:5050/pypi","timestamp":"2025-10-17T02:53:53.994Z"}
{"level":"warn","message":"Blocked unsupported method POST for /npm/-/npm/v1/security/advisories/bulk","timestamp":"2025-10-17T02:57:37.831Z"}
{"level":"warn","message":"Blocked unsupported method POST for /npm/-/npm/v1/security/audits/quick","timestamp":"2025-10-17T02:57:39.144Z"}
{"level":"warn","message":"Blocked unsupported method POST for /npm/-/npm/v1/security/advisories/bulk","timestamp":"2025-10-17T03:11:49.607Z"}
{"level":"warn","message":"Blocked unsupported method POST for /npm/-/npm/v1/security/audits/quick","timestamp":"2025-10-17T03:11:49.647Z"}
{"level":"info","message":"Connected to SQLite database.","timestamp":"2025-10-17T03:12:25.200Z"}
{"level":"info","message":"Registry column already exists, skipping migration.","timestamp":"2025-10-17T03:12:25.213Z"}
{"level":"info","message":"Database initialized successfully.","timestamp":"2025-10-17T03:12:25.214Z"}
{"level":"info","message":"Cache pruning service started.","timestamp":"2025-10-17T03:12:25.215Z"}
{"level":"info","message":"🚀 CodeCache Pro server running on http://0.0.0.0:5050","timestamp":"2025-10-17T03:12:25.236Z"}
{"level":"info","message":"🌐 Access from other devices: http://192.168.137.47:5050","timestamp":"2025-10-17T03:12:25.237Z"}
{"level":"info","message":"📋 Configure npm clients with: npm config set registry http://192.168.137.47:5050/npm","timestamp":"2025-10-17T03:12:25.237Z"}
{"level":"info","message":"🐍 Configure pip clients with: pip config set global.index-url http://192.168.137.47:5050/pypi","timestamp":"2025-10-17T03:12:25.238Z"}
{"level":"warn","message":"Blocked unsupported method POST for /npm/-/npm/v1/security/advisories/bulk","timestamp":"2025-10-17T03:15:02.537Z"}
{"level":"warn","message":"Blocked unsupported method POST for /npm/-/npm/v1/security/audits/quick","timestamp":"2025-10-17T03:15:03.308Z"}
{"level":"warn","message":"Blocked unsupported method POST for /npm/-/npm/v1/security/advisories/bulk","timestamp":"2025-10-17T03:15:56.070Z"}
{"level":"info","message":"[MISS] is-fullwidth-code-point@3.0.0. Fetching from upstream.","timestamp":"2025-10-17T03:15:56.084Z"}
{"level":"warn","message":"Blocked unsupported method POST for /npm/-/npm/v1/security/audits/quick","timestamp":"2025-10-17T03:15:56.107Z"}
{"level":"info","message":"[MISS] strip-ansi@7.1.2. Fetching from upstream.","timestamp":"2025-10-17T03:15:56.133Z"}
{"level":"info","message":"[MISS] get-east-asian-width@1.4.0. Fetching from upstream.","timestamp":"2025-10-17T03:15:56.140Z"}
{"level":"info","message":"[MISS] widest-line@5.0.0. Fetching from upstream.","timestamp":"2025-10-17T03:15:56.143Z"}
{"level":"info","message":"[MISS] string-width@7.2.0. Fetching from upstream.","timestamp":"2025-10-17T03:15:56.149Z"}
{"level":"info","message":"[MISS] cli-boxes@3.0.0. Fetching from upstream.","timestamp":"2025-10-17T03:15:56.154Z"}
{"level":"info","message":"[MISS] emoji-regex@10.6.0. Fetching from upstream.","timestamp":"2025-10-17T03:15:56.158Z"}
{"level":"info","message":"[MISS] camelcase@8.0.0. Fetching from upstream.","timestamp":"2025-10-17T03:15:56.163Z"}
{"level":"info","message":"[MISS] boxen@8.0.1. Fetching from upstream.","timestamp":"2025-10-17T03:15:56.168Z"}
{"level":"info","message":"[MISS] ansi-align@3.0.1. Fetching from upstream.","timestamp":"2025-10-17T03:15:56.173Z"}
{"level":"info","message":"[MISS] ansi-regex@6.2.2. Fetching from upstream.","timestamp":"2025-10-17T03:15:56.181Z"}
{"level":"info","message":"[MISS] ansi-styles@6.2.3. Fetching from upstream.","timestamp":"2025-10-17T03:15:56.185Z"}
{"level":"info","message":"[MISS] wrap-ansi@9.0.2. Fetching from upstream.","timestamp":"2025-10-17T03:15:56.189Z"}
{"level":"info","message":"[MISS] type-fest@4.41.0. Fetching from upstream.","timestamp":"2025-10-17T03:15:56.196Z"}
{"level":"info","message":"[MISS] ansi-regex@5.0.1. Fetching from upstream.","timestamp":"2025-10-17T03:15:56.206Z"}
{"level":"info","message":"[CACHE] Successfully cached is-fullwidth-code-point@3.0.0 to C:\\Users\\priya\\OneDrive\\Desktop\\Copy\\cache\\is-fullwidth-code-point\\is-fullwidth-code-point-3.0.0.tgz","timestamp":"2025-10-17T03:15:56.355Z"}
{"level":"info","message":"[MISS] strip-ansi@6.0.1. Fetching from upstream.","timestamp":"2025-10-17T03:15:56.367Z"}
{"level":"info","message":"[CACHE] Successfully cached ansi-regex@5.0.1 to C:\\Users\\priya\\OneDrive\\Desktop\\Copy\\cache\\ansi-regex\\ansi-regex-5.0.1.tgz","timestamp":"2025-10-17T03:15:56.413Z"}
{"level":"info","message":"[CACHE] Successfully cached get-east-asian-width@1.4.0 to C:\\Users\\priya\\OneDrive\\Desktop\\Copy\\cache\\get-east-asian-width\\get-east-asian-width-1.4.0.tgz","timestamp":"2025-10-17T03:15:56.429Z"}
{"level":"info","message":"[CACHE] Successfully cached ansi-styles@6.2.3 to C:\\Users\\priya\\OneDrive\\Desktop\\Copy\\cache\\ansi-styles\\ansi-styles-6.2.3.tgz","timestamp":"2025-10-17T03:15:56.438Z"}
{"level":"info","message":"[CACHE] Successfully cached strip-ansi@7.1.2 to C:\\Users\\priya\\OneDrive\\Desktop\\Copy\\cache\\strip-ansi\\strip-ansi-7.1.2.tgz","timestamp":"2025-10-17T03:15:56.446Z"}
{"level":"info","message":"[CACHE] Successfully cached widest-line@5.0.0 to C:\\Users\\priya\\OneDrive\\Desktop\\Copy\\cache\\widest-line\\widest-line-5.0.0.tgz","timestamp":"2025-10-17T03:15:56.459Z"}
{"level":"info","message":"[CACHE] Successfully cached boxen@8.0.1 to C:\\Users\\priya\\OneDrive\\Desktop\\Copy\\cache\\boxen\\boxen-8.0.1.tgz","timestamp":"2025-10-17T03:15:56.473Z"}
{"level":"info","message":"[CACHE] Successfully cached camelcase@8.0.0 to C:\\Users\\priya\\OneDrive\\Desktop\\Copy\\cache\\camelcase\\camelcase-8.0.0.tgz","timestamp":"2025-10-17T03:15:56.483Z"}
{"level":"info","message":"[CACHE] Successfully cached strip-ansi@6.0.1 to C:\\Users\\priya\\OneDrive\\Desktop\\Copy\\cache\\strip-ansi\\strip-ansi-6.0.1.tgz","timestamp":"2025-10-17T03:15:56.519Z"}
{"level":"info","message":"[MISS] emoji-regex@8.0.0. Fetching from upstream.","timestamp":"2025-10-17T03:15:56.633Z"}
{"level":"info","message":"[MISS] string-width@4.2.3. Fetching from upstream.","timestamp":"2025-10-17T03:15:56.636Z"}
{"level":"info","message":"[HIT] is-fullwidth-code-point@3.0.0 from C:\\Users\\priya\\OneDrive\\Desktop\\Copy\\cache\\is-fullwidth-code-point\\is-fullwidth-code-point-3.0.0.tgz","timestamp":"2025-10-17T03:15:56.638Z"}
{"level":"info","message":"[HIT] camelcase@8.0.0 from C:\\Users\\priya\\OneDrive\\Desktop\\Copy\\cache\\camelcase\\camelcase-8.0.0.tgz","timestamp":"2025-10-17T03:15:56.682Z"}
{"level":"info","message":"[HIT] strip-ansi@6.0.1 from C:\\Users\\priya\\OneDrive\\Desktop\\Copy\\cache\\strip-ansi\\strip-ansi-6.0.1.tgz","timestamp":"2025-10-17T03:15:56.683Z"}
{"level":"info","message":"[HIT] ansi-regex@5.0.1 from C:\\Users\\priya\\OneDrive\\Desktop\\Copy\\cache\\ansi-regex\\ansi-regex-5.0.1.tgz","timestamp":"2025-10-17T03:15:56.685Z"}
{"level":"info","message":"[HIT] get-east-asian-width@1.4.0 from C:\\Users\\priya\\OneDrive\\Desktop\\Copy\\cache\\get-east-asian-width\\get-east-asian-width-1.4.0.tgz","timestamp":"2025-10-17T03:15:56.686Z"}
{"level":"info","message":"[HIT] widest-line@5.0.0 from C:\\Users\\priya\\OneDrive\\Desktop\\Copy\\cache\\widest-line\\widest-line-5.0.0.tgz","timestamp":"2025-10-17T03:15:56.687Z"}
{"level":"info","message":"[HIT] ansi-styles@6.2.3 from C:\\Users\\priya\\OneDrive\\Desktop\\Copy\\cache\\ansi-styles\\ansi-styles-6.2.3.tgz","timestamp":"2025-10-17T03:15:56.814Z"}
{"level":"info","message":"[HIT] strip-ansi@7.1.2 from C:\\Users\\priya\\OneDrive\\Desktop\\Copy\\cache\\strip-ansi\\strip-ansi-7.1.2.tgz","timestamp":"2025-10-17T03:15:56.817Z"}
{"level":"info","message":"[CACHE] Successfully cached ansi-regex@6.2.2 to C:\\Users\\priya\\OneDrive\\Desktop\\Copy\\cache\\ansi-regex\\ansi-regex-6.2.2.tgz","timestamp":"2025-10-17T03:15:56.835Z"}
{"level":"info","message":"[HIT] boxen@8.0.1 from C:\\Users\\priya\\OneDrive\\Desktop\\Copy\\cache\\boxen\\boxen-8.0.1.tgz","timestamp":"2025-10-17T03:15:56.838Z"}
{"level":"info","message":"[CACHE] Successfully cached cli-boxes@3.0.0 to C:\\Users\\priya\\OneDrive\\Desktop\\Copy\\cache\\cli-boxes\\cli-boxes-3.0.0.tgz","timestamp":"2025-10-17T03:15:56.845Z"}
{"level":"info","message":"[CACHE] Successfully cached emoji-regex@10.6.0 to C:\\Users\\priya\\OneDrive\\Desktop\\Copy\\cache\\emoji-regex\\emoji-regex-10.6.0.tgz","timestamp":"2025-10-17T03:15:56.852Z"}
{"level":"info","message":"[CACHE] Successfully cached string-width@4.2.3 to C:\\Users\\priya\\OneDrive\\Desktop\\Copy\\cache\\string-width\\string-width-4.2.3.tgz","timestamp":"2025-10-17T03:15:56.950Z"}
{"level":"info","message":"[CACHE] Successfully cached emoji-regex@8.0.0 to C:\\Users\\priya\\OneDrive\\Desktop\\Copy\\cache\\emoji-regex\\emoji-regex-8.0.0.tgz","timestamp":"2025-10-17T03:15:56.956Z"}
{"level":"info","message":"[HIT] ansi-regex@6.2.2 from C:\\Users\\priya\\OneDrive\\Desktop\\Copy\\cache\\ansi-regex\\ansi-regex-6.2.2.tgz","timestamp":"2025-10-17T03:15:56.982Z"}
{"level":"info","message":"[HIT] string-width@4.2.3 from C:\\Users\\priya\\OneDrive\\Desktop\\Copy\\cache\\string-width\\string-width-4.2.3.tgz","timestamp":"2025-10-17T03:15:56.984Z"}
{"level":"info","message":"[HIT] emoji-regex@8.0.0 from C:\\Users\\priya\\OneDrive\\Desktop\\Copy\\cache\\emoji-regex\\emoji-regex-8.0.0.tgz","timestamp":"2025-10-17T03:15:57.021Z"}
{"level":"info","message":"[HIT] cli-boxes@3.0.0 from C:\\Users\\priya\\OneDrive\\Desktop\\Copy\\cache\\cli-boxes\\cli-boxes-3.0.0.tgz","timestamp":"2025-10-17T03:15:57.023Z"}
{"level":"info","message":"[HIT] emoji-regex@10.6.0 from C:\\Users\\priya\\OneDrive\\Desktop\\Copy\\cache\\emoji-regex\\emoji-regex-10.6.0.tgz","timestamp":"2025-10-17T03:15:57.024Z"}
{"level":"info","message":"[CACHE] Successfully cached wrap-ansi@9.0.2 to C:\\Users\\priya\\OneDrive\\Desktop\\Copy\\cache\\wrap-ansi\\wrap-ansi-9.0.2.tgz","timestamp":"2025-10-17T03:15:57.070Z"}
{"level":"info","message":"[CACHE] Successfully cached ansi-align@3.0.1 to C:\\Users\\priya\\OneDrive\\Desktop\\Copy\\cache\\ansi-align\\ansi-align-3.0.1.tgz","timestamp":"2025-10-17T03:15:57.074Z"}
{"level":"info","message":"[HIT] wrap-ansi@9.0.2 from C:\\Users\\priya\\OneDrive\\Desktop\\Copy\\cache\\wrap-ansi\\wrap-ansi-9.0.2.tgz","timestamp":"2025-10-17T03:15:57.081Z"}
{"level":"info","message":"[HIT] ansi-align@3.0.1 from C:\\Users\\priya\\OneDrive\\Desktop\\Copy\\cache\\ansi-align\\ansi-align-3.0.1.tgz","timestamp":"2025-10-17T03:15:57.088Z"}
{"level":"info","message":"[CACHE] Successfully cached string-width@7.2.0 to C:\\Users\\priya\\OneDrive\\Desktop\\Copy\\cache\\string-width\\string-width-7.2.0.tgz","timestamp":"2025-10-17T03:15:57.163Z"}
{"level":"info","message":"[HIT] string-width@7.2.0 from C:\\Users\\priya\\OneDrive\\Desktop\\Copy\\cache\\string-width\\string-width-7.2.0.tgz","timestamp":"2025-10-17T03:15:57.731Z"}
{"level":"info","message":"[CACHE] Successfully cached type-fest@4.41.0 to C:\\Users\\priya\\OneDrive\\Desktop\\Copy\\cache\\type-fest\\type-fest-4.41.0.tgz","timestamp":"2025-10-17T03:15:57.864Z"}
{"level":"info","message":"[HIT] type-fest@4.41.0 from C:\\Users\\priya\\OneDrive\\Desktop\\Copy\\cache\\type-fest\\type-fest-4.41.0.tgz","timestamp":"2025-10-17T03:15:58.013Z"}
{"level":"info","message":"Connected to SQLite database.","timestamp":"2025-10-17T04:01:41.620Z"}
{"level":"info","message":"Registry column already exists, skipping migration.","timestamp":"2025-10-17T04:01:41.633Z"}
{"level":"info","message":"Database initialized successfully.","timestamp":"2025-10-17T04:01:41.633Z"}
{"level":"info","message":"Cache pruning service started.","timestamp":"2025-10-17T04:01:41.634Z"}
{"level":"info","message":"🚀 CodeCache Pro server running on http://0.0.0.0:5050","timestamp":"2025-10-17T04:01:41.658Z"}
{"level":"info","message":"🌐 Access from other devices: http://192.168.137.27:5050","timestamp":"2025-10-17T04:01:41.659Z"}
{"level":"info","message":"📋 Configure npm clients with: npm config set registry http://192.168.137.27:5050/npm","timestamp":"2025-10-17T04:01:41.659Z"}
{"level":"info","message":"🐍 Configure pip clients with: pip config set global.index-url http://192.168.137.27:5050/pypi","timestamp":"2025-10-17T04:01:41.660Z"}
{"level":"info","message":"Connected to SQLite database.","timestamp":"2025-10-17T04:05:26.171Z"}
{"level":"info","message":"Registry column already exists, skipping migration.","timestamp":"2025-10-17T04:05:26.181Z"}
{"level":"info","message":"Database initialized successfully.","timestamp":"2025-10-17T04:05:26.182Z"}
{"level":"info","message":"Cache pruning service started.","timestamp":"2025-10-17T04:05:26.184Z"}
{"level":"info","message":"🚀 CodeCache Pro server running on http://0.0.0.0:5050","timestamp":"2025-10-17T04:05:26.205Z"}
{"level":"info","message":"🌐 Access from other devices: http://192.168.137.27:5050","timestamp":"2025-10-17T04:05:26.206Z"}
{"level":"info","message":"📋 Configure npm clients with: npm config set registry http://192.168.137.27:5050/npm","timestamp":"2025-10-17T04:05:26.206Z"}
{"level":"info","message":"🐍 Configure pip clients with: pip config set global.index-url http://192.168.137.27:5050/pypi","timestamp":"2025-10-17T04:05:26.206Z"}
{"level":"info","message":"[HIT] meow@14.0.0 from C:\\Users\\priya\\OneDrive\\Desktop\\Copy\\cache\\meow\\meow-14.0.0.tgz","timestamp":"2025-10-17T04:08:17.693Z"}
{"level":"warn","message":"Blocked unsupported method POST for /npm/-/npm/v1/security/advisories/bulk","timestamp":"2025-10-17T04:09:23.472Z"}
{"level":"warn","message":"Blocked unsupported method POST for /npm/-/npm/v1/security/audits/quick","timestamp":"2025-10-17T04:09:24.999Z"}
{"level":"warn","message":"Blocked unsupported method POST for /npm/-/npm/v1/security/advisories/bulk","timestamp":"2025-10-17T04:09:48.067Z"}
{"level":"warn","message":"Blocked unsupported method POST for /npm/-/npm/v1/security/audits/quick","timestamp":"2025-10-17T04:09:51.736Z"}
{"level":"warn","message":"Blocked unsupported method POST for /npm/-/npm/v1/security/advisories/bulk","timestamp":"2025-10-17T04:11:34.324Z"}
{"level":"warn","message":"Blocked unsupported method POST for /npm/-/npm/v1/security/audits/quick","timestamp":"2025-10-17T04:11:34.445Z"}
{"level":"warn","message":"Blocked unsupported method POST for /npm/-/npm/v1/security/advisories/bulk","timestamp":"2025-10-17T04:13:23.718Z"}
{"level":"warn","message":"Blocked unsupported method POST for /npm/-/npm/v1/security/audits/quick","timestamp":"2025-10-17T04:13:25.151Z"}
{"level":"warn","message":"Blocked unsupported method POST for /npm/-/npm/v1/security/advisories/bulk","timestamp":"2025-10-17T04:13:41.711Z"}
{"level":"warn","message":"Blocked unsupported method POST for /npm/-/npm/v1/security/audits/quick","timestamp":"2025-10-17T04:13:42.372Z"}
{"level":"warn","message":"Blocked unsupported method POST for /npm/-/npm/v1/security/advisories/bulk","timestamp":"2025-10-17T04:13:50.324Z"}
{"level":"warn","message":"Blocked unsupported method POST for /npm/-/npm/v1/security/audits/quick","timestamp":"2025-10-17T04:13:50.379Z"}
{"level":"warn","message":"Blocked unsupported method POST for /npm/-/npm/v1/security/advisories/bulk","timestamp":"2025-10-17T04:14:34.687Z"}
{"level":"warn","message":"Blocked unsupported method POST for /npm/-/npm/v1/security/audits/quick","timestamp":"2025-10-17T04:14:37.934Z"}
{"level":"warn","message":"Blocked unsupported method POST for /npm/-/npm/v1/security/advisories/bulk","timestamp":"2025-10-17T04:15:03.285Z"}
{"level":"warn","message":"Blocked unsupported method POST for /npm/-/npm/v1/security/audits/quick","timestamp":"2025-10-17T04:15:07.058Z"}
{"level":"warn","message":"Blocked unsupported method POST for /npm/-/npm/v1/security/advisories/bulk","timestamp":"2025-10-17T04:15:22.628Z"}
{"level":"warn","message":"Blocked unsupported method POST for /npm/-/npm/v1/security/audits/quick","timestamp":"2025-10-17T04:15:22.783Z"}
{"level":"warn","message":"Blocked unsupported method POST for /npm/-/npm/v1/security/advisories/bulk","timestamp":"2025-10-17T04:15:34.257Z"}
{"level":"warn","message":"Blocked unsupported method POST for /npm/-/npm/v1/security/audits/quick","timestamp":"2025-10-17T04:15:34.292Z"}
